Data,Oras,Max,Min,Precipitatii,Vanzari
2023-01-01,Brasov,11.6,1.8,0.0,0.0
2023-01-02,Brasov,9.1,4.2,0.0,0.0
2023-01-03,Brasov,9.4,2.2,0.0,0.0
2023-01-04,Brasov,5.4,3.0,5.0,0.0
2023-01-05,Brasov,8.8,0.3,1.4,0.0
2023-01-06,Brasov,5.2,0.8,4.8,0.0
2023-01-07,Brasov,5.4,-0.6,0.0,0.0
2023-01-08,Brasov,9.1,-1.7,0.0,0.0
2023-01-09,Brasov,9.6,-1.8,0.0,0.0
2023-01-10,Brasov,10.8,2.7,7.1,0.0
2023-01-11,Brasov,6.2,2.2,8.0,0.0
2023-01-12,Brasov,3.5,2.2,8.7,0.0
2023-01-13,Brasov,4.3,0.7,0.1,0.0
2023-01-14,Brasov,4.0,-0.8,0.0,0.0
2023-01-15,Brasov,4.2,-3.0,0.0,0.0
2023-01-16,Brasov,6.7,-3.5,0.0,0.0
2023-01-17,Brasov,9.1,1.4,2.7,0.0
2023-01-18,Brasov,13.2,5.3,1.4,0.0
2023-01-19,Brasov,14.0,3.2,0.4,0.0
2023-01-20,Brasov,11.0,3.6,12.4,0.0
2023-01-21,Brasov,7.2,-1.6,4.0,0.0
2023-01-22,Brasov,8.6,4.4,12.7,0.0
2023-01-23,Brasov,8.2,-3.2,0.0,0.0
2023-01-24,Brasov,0.8,-4.1,0.0,0.0
2023-01-25,Brasov,-1.2,-6.4,0.0,0.0
2023-01-26,Brasov,2.2,-4.5,0.1,0.0
2023-01-27,Brasov,0.2,-4.7,16.1,0.0
2023-01-28,Brasov,-2.7,-4.3,12.9,0.0
2023-01-29,Brasov,-2.0,-4.8,1.9,0.0
2023-01-30,Brasov,-3.4,-6.3,0.7,0.0
2023-01-31,Brasov,-1.5,-5.8,5.1,0.0
2023-02-01,Brasov,0.7,-5.9,6.2,0.0
2023-02-02,Brasov,1.1,-4.5,7.2,0.0
2023-02-03,Brasov,-0.6,-5.7,3.6,0.0
2023-02-04,Brasov,-0.6,-5.7,5.6,0.0
2023-02-05,Brasov,-4.8,-10.3,1.0,0.0
2023-02-06,Brasov,-5.1,-10.4,3.2,0.0
2023-02-07,Brasov,-5.9,-13.6,1.7,0.0
2023-02-08,Brasov,-5.8,-13.2,1.1,0.0
2023-02-09,Brasov,-6.3,-15.1,0.0,0.0
2023-02-10,Brasov,-5.5,-14.6,0.0,0.0
2023-02-11,Brasov,-5.7,-11.6,0.0,0.0
2023-02-12,Brasov,-1.1,-11.1,1.1,0.0
2023-02-13,Brasov,-0.6,-8.4,0.0,0.0
2023-02-14,Brasov,0.4,-3.1,0.8,0.0
2023-02-15,Brasov,1.3,-5.6,0.3,0.0
2023-02-16,Brasov,2.3,-7.1,0.0,0.0
2023-02-17,Brasov,3.8,-6.9,0.0,0.0
2023-02-18,Brasov,6.8,2.0,1.5,0.0
2023-02-19,Brasov,9.9,3.4,6.6,0.0
2023-02-20,Brasov,5.2,0.4,7.8,0.0
2023-02-21,Brasov,12.1,2.0,3.4,0.0
2023-02-22,Brasov,9.0,4.7,3.9,0.0
2023-02-23,Brasov,7.8,2.3,0.0,0.0
2023-02-24,Brasov,10.7,1.4,0.0,0.0
2023-02-25,Brasov,12.1,-0.6,1.8,0.0
2023-02-26,Brasov,12.6,-0.6,6.6,0.0
2023-02-27,Brasov,3.9,1.6,4.7,0.0
2023-02-28,Brasov,7.8,-0.5,0.0,0.0
2023-03-01,Brasov,7.3,-1.1,0.0,0.0
2023-03-02,Brasov,9.6,-3.0,0.0,0.0
2023-03-03,Brasov,6.9,0.9,2.9,0.0
2023-03-04,Brasov,6.3,0.3,0.1,0.0
2023-03-05,Brasov,5.0,-1.9,0.5,0.0
2023-03-06,Brasov,6.1,-3.2,0.3,0.0
2023-03-07,Brasov,8.8,-1.4,0.0,0.0
2023-03-08,Brasov,10.6,-0.9,0.1,0.0
2023-03-09,Brasov,13.8,0.5,0.0,0.0
2023-03-10,Brasov,15.2,2.7,4.3,0.0
2023-03-11,Brasov,9.2,0.2,4.0,0.0
2023-03-12,Brasov,3.7,-3.5,0.4,0.0
2023-03-13,Brasov,9.4,-4.1,0.0,0.0
2023-03-14,Brasov,16.2,-3.3,0.0,0.0
2023-03-15,Brasov,12.9,0.5,0.0,0.0
2023-03-16,Brasov,5.0,0.3,1.8,0.0
2023-03-17,Brasov,5.2,-3.0,0.0,0.0
2023-03-18,Brasov,6.1,-3.9,0.0,0.0
2023-03-19,Brasov,12.9,-3.5,0.0,0.0
2023-03-20,Brasov,15.3,1.3,0.0,0.0
2023-03-21,Brasov,8.8,3.1,3.8,0.0
2023-03-22,Brasov,11.8,2.3,1.3,0.0
2023-03-23,Brasov,13.9,1.6,0.0,0.0
2023-03-24,Brasov,16.4,2.8,0.0,0.0
2023-03-25,Brasov,16.5,2.7,0.0,0.0
2023-03-26,Brasov,11.0,3.3,5.2,0.0
2023-03-27,Brasov,14.4,1.4,3.2,0.0
2023-03-28,Brasov,5.4,-2.7,2.6,0.0
2023-03-29,Brasov,0.2,-4.1,2.4,0.0
2023-03-30,Brasov,8.9,-4.7,0.0,0.0
2023-03-31,Brasov,9.5,0.5,4.5,0.0
2023-04-01,Brasov,13.4,2.0,6.5,0.0
2023-04-02,Brasov,10.1,5.8,13.2,0.0
2023-04-03,Brasov,10.1,4.2,2.6,0.0
2023-04-04,Brasov,3.5,-1.6,23.5,0.0
2023-04-05,Brasov,1.9,-1.8,1.3,0.0
2023-04-06,Brasov,1.6,-1.2,5.6,0.0
2023-04-07,Brasov,3.8,-2.0,3.8,0.0
2023-04-08,Brasov,8.8,-1.4,0.4,0.0
2023-04-09,Brasov,10.6,-1.3,0.0,0.0
2023-04-10,Brasov,10.3,2.3,0.8,0.0
2023-04-11,Brasov,9.9,2.3,5.2,0.0
2023-04-12,Brasov,8.0,4.8,13.5,0.0
2023-04-13,Brasov,12.4,4.2,0.7,0.0
2023-04-14,Brasov,18.6,2.2,1.1,0.0
2023-04-15,Brasov,15.6,2.2,0.8,0.0
2023-04-16,Brasov,14.9,2.3,7.2,0.0
2023-04-17,Brasov,14.9,6.2,0.5,0.0
2023-04-18,Brasov,10.8,5.1,4.1,0.0
2023-04-19,Brasov,12.2,2.3,0.3,0.0
2023-04-20,Brasov,10.5,6.1,5.0,0.0
2023-04-21,Brasov,12.2,4.8,3.5,0.0
2023-04-22,Brasov,13.6,2.5,0.2,0.0
2023-04-23,Brasov,15.6,2.3,0.6,0.0
2023-04-24,Brasov,15.6,3.0,1.4,0.0
2023-04-25,Brasov,15.8,6.6,3.1,0.0
2023-04-26,Brasov,8.0,5.3,4.6,0.0
2023-04-27,Brasov,8.9,3.0,1.0,0.0
2023-04-28,Brasov,10.1,-0.6,0.6,0.0
2023-04-29,Brasov,14.1,1.1,0.0,0.0
2023-04-30,Brasov,15.6,1.7,7.9,0.0
2023-05-01,Brasov,16.4,5.6,0.0,0.0
2023-05-02,Brasov,19.5,4.9,0.0,0.0
2023-05-03,Brasov,19.2,3.2,0.0,0.0
2023-05-04,Brasov,12.1,7.8,1.8,0.0
2023-05-05,Brasov,13.6,6.8,0.6,0.0
2023-05-06,Brasov,16.9,6.2,0.0,0.0
2023-05-07,Brasov,18.6,7.4,5.8,0.0
2023-05-08,Brasov,12.2,5.2,17.7,0.0
2023-05-09,Brasov,10.6,3.9,0.1,0.0
2023-05-10,Brasov,13.1,1.2,1.0,0.0
2023-05-11,Brasov,14.1,3.0,0.0,0.0
2023-05-12,Brasov,12.5,2.8,1.0,0.0
2023-05-13,Brasov,14.4,4.2,0.3,0.0
2023-05-14,Brasov,17.6,2.9,0.0,0.0
2023-05-15,Brasov,20.9,7.3,0.0,0.0
2023-05-16,Brasov,22.6,12.8,1.3,0.0
2023-05-17,Brasov,17.0,11.2,15.8,0.0
2023-05-18,Brasov,18.0,8.6,0.4,0.0
2023-05-19,Brasov,19.7,10.0,3.4,0.0
2023-05-20,Brasov,19.5,9.0,6.4,0.0
2023-05-21,Brasov,19.5,9.6,8.1,0.0
2023-05-22,Brasov,20.0,9.4,0.0,0.0
2023-05-23,Brasov,20.1,8.4,0.0,0.0
2023-05-24,Brasov,21.4,9.4,0.0,0.0
2023-05-25,Brasov,20.8,11.6,0.7,0.0
2023-05-26,Brasov,20.5,9.8,4.0,0.0
2023-05-27,Brasov,19.4,10.4,4.6,0.0
2023-05-28,Brasov,19.5,10.9,0.8,0.0
2023-05-29,Brasov,20.4,10.4,0.2,0.0
2023-05-30,Brasov,21.5,11.2,0.0,0.0
2023-05-31,Brasov,21.5,11.7,3.9,0.0
2023-06-01,Brasov,20.4,11.6,2.1,0.0
2023-06-02,Brasov,21.6,11.2,0.0,0.0
2023-06-03,Brasov,18.5,11.1,0.0,0.0
2023-06-04,Brasov,20.2,8.6,0.5,0.0
2023-06-05,Brasov,21.5,10.9,0.9,0.0
2023-06-06,Brasov,22.0,11.8,0.0,0.0
2023-06-07,Brasov,21.5,11.1,0.0,0.0
2023-06-08,Brasov,21.6,11.0,0.5,0.0
2023-06-09,Brasov,23.5,10.6,3.6,0.0
2023-06-10,Brasov,22.1,12.2,1.6,0.0
2023-06-11,Brasov,21.4,11.2,7.1,0.0
2023-06-12,Brasov,19.0,11.1,0.6,0.0
2023-06-13,Brasov,18.4,10.1,2.1,0.0
2023-06-14,Brasov,21.0,12.1,0.0,0.0
2023-06-15,Brasov,22.2,11.7,6.6,0.0
2023-06-16,Brasov,23.4,14.6,0.4,0.0
2023-06-17,Brasov,24.1,13.5,14.5,0.0
2023-06-18,Brasov,19.2,14.4,11.7,0.0
2023-06-19,Brasov,20.7,13.9,6.7,0.0
2023-06-20,Brasov,22.0,12.3,0.8,0.0
2023-06-21,Brasov,24.1,12.8,1.6,0.0
2023-06-22,Brasov,25.4,16.3,0.9,0.0
2023-06-23,Brasov,27.4,15.3,0.1,0.0
2023-06-24,Brasov,27.3,16.5,4.8,0.0
2023-06-25,Brasov,21.6,15.6,18.8,0.0
2023-06-26,Brasov,21.5,14.9,10.8,0.0
2023-06-27,Brasov,23.5,13.2,0.0,0.0
2023-06-28,Brasov,16.5,9.9,13.2,0.0
2023-06-29,Brasov,18.5,8.9,0.9,0.0
2023-06-30,Brasov,22.0,11.0,0.0,0.0
2023-07-01,Brasov,24.7,11.9,0.0,0.0
2023-07-02,Brasov,23.6,11.9,1.7,0.0
2023-07-03,Brasov,24.5,15.4,3.1,0.0
2023-07-04,Brasov,25.5,15.2,6.8,0.0
2023-07-05,Brasov,24.1,14.5,9.2,0.0
2023-07-06,Brasov,23.9,15.6,8.5,0.0
2023-07-07,Brasov,22.5,15.6,15.7,0.0
2023-07-08,Brasov,20.8,13.9,3.1,0.0
2023-07-09,Brasov,23.0,11.9,0.1,0.0
2023-07-10,Brasov,24.2,14.2,1.3,0.0
2023-07-11,Brasov,22.4,14.6,8.6,0.0
2023-07-12,Brasov,27.1,16.0,5.6,0.0
2023-07-13,Brasov,28.8,17.4,3.0,0.0
2023-07-14,Brasov,24.2,16.6,0.7,0.0
2023-07-15,Brasov,25.8,16.1,0.0,0.0
2023-07-16,Brasov,28.5,15.2,0.0,0.0
2023-07-17,Brasov,29.8,18.1,0.0,0.0
2023-07-18,Brasov,26.7,17.7,0.4,0.0
2023-07-19,Brasov,27.9,15.8,3.7,0.0
2023-07-20,Brasov,26.0,17.1,1.5,0.0
2023-07-21,Brasov,26.1,14.7,1.5,0.0
2023-07-22,Brasov,25.0,17.0,10.2,0.0
2023-07-23,Brasov,23.6,15.9,20.9,0.0
2023-07-24,Brasov,26.6,14.9,0.0,0.0
2023-07-25,Brasov,31.5,14.6,0.2,0.0
2023-07-26,Brasov,30.3,17.5,3.0,0.0
2023-07-27,Brasov,17.2,12.9,5.9,0.0
2023-07-28,Brasov,22.1,9.7,0.0,0.0
2023-07-29,Brasov,25.5,11.9,0.0,0.0
2023-07-30,Brasov,26.0,15.6,0.1,0.0
2023-07-31,Brasov,20.5,15.7,7.1,0.0
2023-08-01,Brasov,24.7,15.1,0.0,0.0
2023-08-02,Brasov,23.2,14.9,7.2,0.0
2023-08-03,Brasov,28.0,12.2,0.0,0.0
2023-08-04,Brasov,31.9,15.6,0.6,0.0
2023-08-05,Brasov,28.3,17.9,0.0,0.0
2023-08-06,Brasov,25.7,16.1,3.3,0.0
2023-08-07,Brasov,20.6,13.6,0.6,0.0
2023-08-08,Brasov,17.5,11.9,0.2,0.0
2023-08-09,Brasov,21.8,9.4,0.0,0.0
2023-08-10,Brasov,20.9,11.3,8.6,0.0
2023-08-11,Brasov,21.4,11.9,1.4,0.0
2023-08-12,Brasov,22.0,13.9,0.5,0.0
2023-08-13,Brasov,24.5,14.1,0.0,0.0
2023-08-14,Brasov,26.5,12.8,0.0,0.0
2023-08-15,Brasov,26.5,13.4,1.6,0.0
2023-08-16,Brasov,27.4,14.6,0.8,0.0
2023-08-17,Brasov,27.5,15.4,0.0,0.0
2023-08-18,Brasov,29.9,14.9,0.0,0.0
2023-08-19,Brasov,29.8,16.0,0.0,0.0
2023-08-20,Brasov,30.6,15.2,0.0,0.0
2023-08-21,Brasov,29.4,20.1,0.0,0.0
2023-08-22,Brasov,29.8,19.5,0.0,0.0
2023-08-23,Brasov,30.5,20.1,0.0,0.0
2023-08-24,Brasov,27.5,18.0,4.7,0.0
2023-08-25,Brasov,27.9,18.0,0.1,0.0
2023-08-26,Brasov,30.5,18.5,0.0,0.0
2023-08-27,Brasov,32.2,15.5,0.0,0.0
2023-08-28,Brasov,32.9,15.6,0.0,0.0
2023-08-29,Brasov,30.0,16.2,0.0,0.0
2023-08-30,Brasov,25.7,15.9,5.0,0.0
2023-08-31,Brasov,22.4,13.2,3.0,0.0
2023-09-01,Brasov,22.0,13.4,1.3,0.0
2023-09-02,Brasov,25.2,13.1,0.0,0.0
2023-09-03,Brasov,25.9,13.4,3.6,0.0
2023-09-04,Brasov,18.2,13.9,4.0,0.0
2023-09-05,Brasov,21.1,12.8,0.1,0.0
2023-09-06,Brasov,21.8,10.9,0.0,0.0
2023-09-07,Brasov,23.1,11.8,0.0,0.0
2023-09-08,Brasov,23.6,11.6,0.0,0.0
2023-09-09,Brasov,24.4,11.1,0.0,0.0
2023-09-10,Brasov,23.2,12.4,0.0,0.0
2023-09-11,Brasov,24.0,10.7,0.0,0.0
2023-09-12,Brasov,25.6,13.4,0.0,0.0
2023-09-13,Brasov,26.4,11.3,0.0,0.0
2023-09-14,Brasov,27.3,13.6,0.0,0.0
2023-09-15,Brasov,21.0,15.0,14.8,0.0
2023-09-16,Brasov,22.5,13.9,0.4,0.0
2023-09-17,Brasov,23.2,13.1,0.5,0.0
2023-09-18,Brasov,24.3,9.4,0.0,0.0
2023-09-19,Brasov,22.0,8.0,1.4,0.0
2023-09-20,Brasov,21.8,12.5,0.2,0.0
2023-09-21,Brasov,24.7,11.1,0.1,0.0
2023-09-22,Brasov,26.5,13.2,0.3,0.0
2023-09-23,Brasov,29.4,12.4,0.0,0.0
2023-09-24,Brasov,28.9,14.1,0.0,0.0
2023-09-25,Brasov,24.6,13.0,0.0,0.0
2023-09-26,Brasov,24.2,11.6,0.0,0.0
2023-09-27,Brasov,23.5,11.5,0.0,0.0
2023-09-28,Brasov,22.8,10.4,0.0,0.0
2023-09-29,Brasov,22.6,10.1,0.0,0.0
2023-09-30,Brasov,22.0,13.0,0.0,0.0
2023-10-01,Brasov,20.9,9.6,2.7,0.0
2023-10-02,Brasov,16.3,9.1,0.7,0.0
2023-10-03,Brasov,18.8,8.1,0.0,0.0
2023-10-04,Brasov,20.5,7.4,0.0,0.0
2023-10-05,Brasov,21.0,11.5,0.4,0.0
2023-10-06,Brasov,16.8,8.4,0.0,0.0
2023-10-07,Brasov,17.8,4.9,0.0,0.0
2023-10-08,Brasov,18.6,7.9,1.7,0.0
2023-10-09,Brasov,11.9,2.2,0.0,0.0
2023-10-10,Brasov,13.1,6.7,0.0,0.0
2023-10-11,Brasov,15.7,3.0,0.0,0.0
2023-10-12,Brasov,20.1,5.8,0.0,0.0
2023-10-13,Brasov,19.3,7.8,0.1,0.0
2023-10-14,Brasov,22.6,9.8,0.0,0.0
2023-10-15,Brasov,20.4,7.8,2.9,0.0
2023-10-16,Brasov,10.2,2.3,4.7,0.0
2023-10-17,Brasov,11.4,-1.7,0.0,0.0
2023-10-18,Brasov,12.2,-0.3,0.0,0.0
2023-10-19,Brasov,17.0,-1.8,0.0,0.0
2023-10-20,Brasov,23.1,5.1,0.0,0.0
2023-10-21,Brasov,27.0,11.4,0.0,0.0
2023-10-22,Brasov,23.0,10.1,0.0,0.0
2023-10-23,Brasov,19.4,9.8,0.0,0.0
2023-10-24,Brasov,19.8,9.2,0.0,0.0
2023-10-25,Brasov,21.6,8.8,0.3,0.0
2023-10-26,Brasov,19.5,7.1,0.1,0.0
2023-10-27,Brasov,20.3,7.0,2.6,0.0
2023-10-28,Brasov,16.7,7.6,0.0,0.0
2023-10-29,Brasov,17.5,4.9,0.0,0.0
2023-10-30,Brasov,20.9,3.2,0.0,0.0
2023-10-31,Brasov,22.5,2.0,0.0,0.0
2023-11-01,Brasov,13.6,4.0,6.2,0.0
2023-11-02,Brasov,16.1,2.8,0.0,0.0
2023-11-03,Brasov,17.8,9.1,1.5,0.0
2023-11-04,Brasov,16.0,8.1,16.9,0.0
2023-11-05,Brasov,16.4,4.2,1.5,0.0
2023-11-06,Brasov,14.9,5.5,0.0,0.0
2023-11-07,Brasov,15.2,3.3,0.0,0.0
2023-11-08,Brasov,11.2,4.3,1.3,0.0
2023-11-09,Brasov,8.9,-0.1,1.2,0.0
2023-11-10,Brasov,12.1,-2.0,0.0,0.0
2023-11-11,Brasov,12.7,4.9,16.2,0.0
2023-11-12,Brasov,7.5,-0.8,3.0,0.0
2023-11-13,Brasov,7.4,-2.8,0.0,0.0
2023-11-14,Brasov,14.7,2.7,0.6,0.0
2023-11-15,Brasov,8.9,5.4,7.0,0.0
2023-11-16,Brasov,7.4,1.5,5.3,0.0
2023-11-17,Brasov,10.8,-0.2,0.5,0.0
2023-11-18,Brasov,3.9,0.2,17.6,0.0
2023-11-19,Brasov,2.0,-1.0,0.8,0.0
2023-11-20,Brasov,5.4,0.3,0.7,0.0
2023-11-21,Brasov,10.9,1.4,0.6,0.0
2023-11-22,Brasov,6.6,3.0,2.8,0.0
2023-11-23,Brasov,7.9,0.3,0.0,0.0
2023-11-24,Brasov,6.5,-2.2,0.0,0.0
2023-11-25,Brasov,2.2,-0.4,8.1,0.0
2023-11-26,Brasov,-0.6,-4.7,7.0,0.0
2023-11-27,Brasov,-0.6,-5.3,1.4,0.0
2023-11-28,Brasov,5.4,-5.2,2.9,0.0
2023-11-29,Brasov,3.0,-2.8,0.6,0.0
2023-11-30,Brasov,4.6,-6.2,1.1,0.0
2023-12-01,Brasov,15.3,2.2,0.0,0.0
2023-12-02,Brasov,16.8,7.5,0.0,0.0
2023-12-03,Brasov,11.7,-2.2,0.5,0.0
2023-12-04,Brasov,-1.0,-5.0,1.0,0.0
2023-12-05,Brasov,3.4,-3.3,0.0,0.0
2023-12-06,Brasov,6.9,-2.2,0.2,0.0
2023-12-07,Brasov,1.8,0.2,3.5,0.0
2023-12-08,Brasov,2.3,-0.1,0.7,0.0
2023-12-09,Brasov,2.2,-3.5,0.0,0.0
2023-12-10,Brasov,3.1,-4.4,0.0,0.0
2023-12-11,Brasov,2.3,-3.9,0.0,0.0
2023-12-12,Brasov,4.8,-3.0,1.1,0.0
2023-12-13,Brasov,6.4,-2.7,0.5,0.0
2023-12-14,Brasov,9.8,4.2,2.7,0.0
2023-12-15,Brasov,4.0,1.0,4.1,0.0
2023-12-16,Brasov,2.0,-2.8,0.8,0.0
2023-12-17,Brasov,3.0,-3.3,0.0,0.0
2023-12-18,Brasov,4.8,-2.7,0.0,0.0
2023-12-19,Brasov,6.8,-2.2,0.0,0.0
2023-12-20,Brasov,7.1,-0.4,0.1,0.0
2023-12-21,Brasov,2.8,-4.3,0.4,0.0
2023-12-22,Brasov,4.0,-3.5,0.7,0.0
2023-12-23,Brasov,1.4,-1.8,10.5,0.0
2023-12-24,Brasov,3.2,-2.0,6.3,0.0
2023-12-25,Brasov,9.2,2.4,0.3,0.0
2023-12-26,Brasov,12.8,3.0,0.0,0.0
2023-12-27,Brasov,7.6,-0.8,0.0,0.0
2023-12-28,Brasov,7.1,-3.3,0.0,0.0
2023-12-29,Brasov,6.8,-1.8,0.0,0.0
2023-12-30,Brasov,5.2,0.1,0.0,0.0
2023-12-31,Brasov,7.1,-2.2,0.0,0.0
2024-01-01,Brasov,5.5,-3.2,0.0,0.0
2024-01-02,Brasov,5.4,-2.2,0.0,0.0
2024-01-03,Brasov,7.2,-3.9,0.3,0.0
2024-01-04,Brasov,6.8,-0.9,0.2,0.0
2024-01-05,Brasov,8.8,-2.8,0.0,0.0
2024-01-06,Brasov,9.1,-2.7,0.0,0.0
2024-01-07,Brasov,6.8,-0.7,4.0,0.0
2024-01-08,Brasov,-0.6,-7.2,2.4,0.0
2024-01-09,Brasov,-5.4,-7.6,0.8,0.0
2024-01-10,Brasov,-1.1,-8.9,0.0,0.0
2024-01-11,Brasov,0.4,-9.2,0.0,0.0
2024-01-12,Brasov,-2.8,-5.6,1.6,0.0
2024-01-13,Brasov,-0.4,-6.3,0.1,0.0
2024-01-14,Brasov,2.7,-7.6,0.0,0.0
2024-01-15,Brasov,6.7,-7.1,0.0,0.0
2024-01-16,Brasov,0.9,-5.6,3.1,0.0
2024-01-17,Brasov,7.3,-9.3,0.0,0.0
2024-01-18,Brasov,12.4,1.0,0.1,0.0
2024-01-19,Brasov,11.4,-0.1,5.1,0.0
2024-01-20,Brasov,-0.6,-10.4,10.5,0.0
2024-01-21,Brasov,-2.7,-12.4,0.3,0.0
2024-01-22,Brasov,-2.5,-12.2,0.0,0.0
2024-01-23,Brasov,1.2,-9.5,0.0,0.0
2024-01-24,Brasov,0.4,-4.1,0.9,0.0
2024-01-25,Brasov,3.3,-0.8,6.0,0.0
2024-01-26,Brasov,1.5,-4.6,4.2,0.0
2024-01-27,Brasov,0.7,-4.9,5.5,0.0
2024-01-28,Brasov,0.5,-6.9,2.6,0.0
2024-01-29,Brasov,-0.9,-10.2,0.0,0.0
2024-01-30,Brasov,-0.3,-13.3,0.0,0.0
2024-01-31,Brasov,2.9,-6.1,0.0,0.0
2024-02-01,Brasov,2.2,-3.8,0.0,0.0
2024-02-02,Brasov,1.3,-2.8,2.6,0.0
2024-02-03,Brasov,3.0,-4.8,0.0,0.0
2024-02-04,Brasov,5.8,1.6,2.2,0.0
2024-02-05,Brasov,9.9,2.8,0.9,0.0
2024-02-06,Brasov,14.6,0.6,0.1,0.0
2024-02-07,Brasov,11.4,0.2,0.0,0.0
2024-02-08,Brasov,11.1,0.4,0.1,0.0
2024-02-09,Brasov,12.4,0.5,0.0,0.0
2024-02-10,Brasov,14.2,1.5,0.0,0.0
2024-02-11,Brasov,15.7,3.3,0.0,0.0
2024-02-12,Brasov,13.1,1.9,5.2,0.0
2024-02-13,Brasov,5.8,3.4,14.0,0.0
2024-02-14,Brasov,3.7,1.9,3.1,0.0
2024-02-15,Brasov,5.2,-0.2,0.0,0.0
2024-02-16,Brasov,8.4,-1.6,0.0,0.0
2024-02-17,Brasov,8.9,-2.5,0.0,0.0
2024-02-18,Brasov,4.2,-1.3,1.6,0.0
2024-02-19,Brasov,7.7,-0.9,0.3,0.0
2024-02-20,Brasov,6.3,-2.2,1.3,0.0
2024-02-21,Brasov,7.0,0.4,0.3,0.0
2024-02-22,Brasov,9.8,-2.3,0.0,0.0
2024-02-23,Brasov,13.6,-0.6,0.0,0.0
2024-02-24,Brasov,16.0,1.4,0.0,0.0
2024-02-25,Brasov,13.6,4.1,0.7,0.0
2024-02-26,Brasov,15.4,2.2,0.0,0.0
2024-02-27,Brasov,16.4,-0.3,0.0,0.0
2024-02-28,Brasov,14.6,-1.0,0.0,0.0
2024-02-29,Brasov,16.3,-0.1,0.0,0.0
2024-03-01,Brasov,14.6,4.9,3.2,0.0
2024-03-02,Brasov,13.2,5.3,0.1,0.0
2024-03-03,Brasov,10.8,1.6,0.3,0.0
2024-03-04,Brasov,14.6,-2.0,0.1,0.0
2024-03-05,Brasov,13.1,1.2,0.1,0.0
2024-03-06,Brasov,9.4,0.0,0.3,0.0
2024-03-07,Brasov,8.1,-0.3,0.9,0.0
2024-03-08,Brasov,5.3,-2.2,0.2,0.0
2024-03-09,Brasov,7.7,-0.6,1.4,0.0
2024-03-10,Brasov,12.7,-3.9,0.0,0.0
2024-03-11,Brasov,13.6,-0.2,1.1,0.0
2024-03-12,Brasov,8.1,3.8,17.5,0.0
2024-03-13,Brasov,5.4,2.0,22.7,0.0
2024-03-14,Brasov,5.9,2.2,6.7,0.0
2024-03-15,Brasov,7.3,1.4,5.4,0.0
2024-03-16,Brasov,10.1,1.4,0.0,0.0
2024-03-17,Brasov,11.8,-0.1,2.4,0.0
2024-03-18,Brasov,8.9,1.4,0.6,0.0
2024-03-19,Brasov,5.2,0.6,0.8,0.0
2024-03-20,Brasov,6.3,0.2,2.6,0.0
2024-03-21,Brasov,8.1,1.5,4.2,0.0
2024-03-22,Brasov,10.6,0.1,0.0,0.0
2024-03-23,Brasov,13.9,-0.1,0.0,0.0
2024-03-24,Brasov,13.9,-0.6,7.2,0.0
2024-03-25,Brasov,6.5,1.1,8.7,0.0
2024-03-26,Brasov,10.6,0.1,1.3,0.0
2024-03-27,Brasov,12.4,2.2,0.0,0.0
2024-03-28,Brasov,17.6,3.8,0.1,0.0
2024-03-29,Brasov,17.0,4.5,0.0,0.0
2024-03-30,Brasov,24.0,4.9,0.0,0.0
2024-03-31,Brasov,25.1,5.8,0.0,0.0
2024-04-01,Brasov,25.0,9.6,0.0,0.0
2024-04-02,Brasov,18.2,7.2,0.9,0.0
2024-04-03,Brasov,14.8,5.2,0.1,0.0
2024-04-04,Brasov,14.3,5.3,0.9,0.0
2024-04-05,Brasov,15.9,4.1,0.2,0.0
2024-04-06,Brasov,17.1,5.2,6.2,0.0
2024-04-07,Brasov,17.0,5.3,1.7,0.0
2024-04-08,Brasov,19.8,2.8,0.0,0.0
2024-04-09,Brasov,22.9,4.4,0.0,0.0
2024-04-10,Brasov,23.9,6.0,0.0,0.0
2024-04-11,Brasov,22.7,6.8,0.0,0.0
2024-04-12,Brasov,20.7,8.5,0.1,0.0
2024-04-13,Brasov,19.8,9.1,0.0,0.0
2024-04-14,Brasov,21.9,8.5,0.0,0.0
2024-04-15,Brasov,26.1,10.4,0.0,0.0
2024-04-16,Brasov,24.2,10.2,0.0,0.0
2024-04-17,Brasov,14.4,5.2,14.8,0.0
2024-04-18,Brasov,6.8,3.0,8.1,0.0
2024-04-19,Brasov,10.7,0.6,1.6,0.0
2024-04-20,Brasov,12.1,-1.4,0.5,0.0
2024-04-21,Brasov,13.2,3.0,0.0,0.0
2024-04-22,Brasov,9.1,3.0,8.3,0.0
2024-04-23,Brasov,13.0,1.1,5.0,0.0
2024-04-24,Brasov,17.6,7.0,1.5,0.0
2024-04-25,Brasov,10.6,5.0,7.4,0.0
2024-04-26,Brasov,12.6,4.0,5.7,0.0
2024-04-27,Brasov,16.1,3.2,0.0,0.0
2024-04-28,Brasov,19.5,3.8,0.0,0.0
2024-04-29,Brasov,18.6,5.3,0.0,0.0
2024-04-30,Brasov,19.4,7.0,0.0,0.0
2024-05-01,Brasov,19.3,3.5,0.0,0.0
2024-05-02,Brasov,19.8,5.2,0.1,0.0
2024-05-03,Brasov,20.9,9.7,0.0,0.0
2024-05-04,Brasov,18.6,7.4,0.2,0.0
2024-05-05,Brasov,19.8,4.2,0.3,0.0
2024-05-06,Brasov,21.2,8.8,0.0,0.0
2024-05-07,Brasov,19.8,9.1,2.6,0.0
2024-05-08,Brasov,17.1,9.1,6.9,0.0
2024-05-09,Brasov,15.1,8.3,4.7,0.0
2024-05-10,Brasov,17.9,3.7,0.1,0.0
2024-05-11,Brasov,17.3,5.6,3.5,0.0
2024-05-12,Brasov,11.6,5.2,7.5,0.0
2024-05-13,Brasov,13.6,3.7,0.0,0.0
2024-05-14,Brasov,15.8,2.7,0.0,0.0
2024-05-15,Brasov,15.4,3.2,0.0,0.0
2024-05-16,Brasov,15.6,5.0,0.0,0.0
2024-05-17,Brasov,16.4,5.2,0.0,0.0
2024-05-18,Brasov,17.9,7.9,0.4,0.0
2024-05-19,Brasov,21.0,6.4,0.3,0.0
2024-05-20,Brasov,21.6,8.8,0.1,0.0
2024-05-21,Brasov,21.8,7.6,0.0,0.0
2024-05-22,Brasov,22.5,9.4,0.2,0.0
2024-05-23,Brasov,21.6,8.9,0.0,0.0
2024-05-24,Brasov,24.0,9.9,0.0,0.0
2024-05-25,Brasov,21.8,8.1,2.3,0.0
2024-05-26,Brasov,22.2,7.1,0.0,0.0
2024-05-27,Brasov,17.1,7.1,2.5,0.0
2024-05-28,Brasov,17.0,9.8,8.2,0.0
2024-05-29,Brasov,16.2,9.6,5.7,0.0
2024-05-30,Brasov,19.7,8.8,4.3,0.0
2024-05-31,Brasov,23.9,7.9,0.3,0.0
2024-06-01,Brasov,26.4,11.6,0.0,0.0
2024-06-02,Brasov,22.8,11.8,0.2,0.0
2024-06-03,Brasov,27.5,11.6,8.5,0.0
2024-06-04,Brasov,25.4,13.1,0.5,0.0
2024-06-05,Brasov,22.4,12.4,0.1,0.0
2024-06-06,Brasov,23.6,12.9,4.3,0.0
2024-06-07,Brasov,25.9,13.9,0.4,0.0
2024-06-08,Brasov,25.8,14.4,0.2,0.0
2024-06-09,Brasov,27.5,12.4,0.5,0.0
2024-06-10,Brasov,29.0,16.6,1.7,0.0
2024-06-11,Brasov,27.5,14.1,1.2,0.0
2024-06-12,Brasov,24.4,15.2,6.3,0.0
2024-06-13,Brasov,22.9,15.1,1.0,0.0
2024-06-14,Brasov,18.1,13.5,4.2,0.0
2024-06-15,Brasov,21.4,13.2,0.8,0.0
2024-06-16,Brasov,24.5,10.6,0.0,0.0
2024-06-17,Brasov,24.8,13.8,0.4,0.0
2024-06-18,Brasov,26.1,15.9,2.3,0.0
2024-06-19,Brasov,29.1,14.4,0.0,0.0
2024-06-20,Brasov,29.9,15.4,0.0,0.0
2024-06-21,Brasov,29.0,15.9,0.0,0.0
2024-06-22,Brasov,31.4,17.1,0.7,0.0
2024-06-23,Brasov,29.4,17.5,2.7,0.0
2024-06-24,Brasov,26.2,16.1,1.6,0.0
2024-06-25,Brasov,25.8,16.6,0.1,0.0
2024-06-26,Brasov,27.8,16.2,0.1,0.0
2024-06-27,Brasov,27.5,16.0,1.1,0.0
2024-06-28,Brasov,28.0,13.9,0.0,0.0
2024-06-29,Brasov,27.8,16.1,0.0,0.0
2024-06-30,Brasov,29.2,15.7,0.0,0.0
2024-07-01,Brasov,30.9,17.2,0.0,0.0
2024-07-02,Brasov,31.0,16.5,3.5,0.0
2024-07-03,Brasov,17.3,14.5,12.9,0.0
2024-07-04,Brasov,19.6,14.0,4.0,0.0
2024-07-05,Brasov,23.5,12.9,0.5,0.0
2024-07-06,Brasov,26.8,12.9,0.0,0.0
2024-07-07,Brasov,29.5,13.1,0.0,0.0
2024-07-08,Brasov,30.6,15.5,0.0,0.0
2024-07-09,Brasov,30.0,16.4,0.0,0.0
2024-07-10,Brasov,29.8,17.8,0.0,0.0
2024-07-11,Brasov,29.9,17.5,2.5,0.0
2024-07-12,Brasov,32.3,16.1,0.0,0.0
2024-07-13,Brasov,32.8,17.2,0.0,0.0
2024-07-14,Brasov,33.7,17.5,0.0,0.0
2024-07-15,Brasov,34.3,17.7,0.0,0.0
2024-07-16,Brasov,32.5,18.1,0.0,0.0
2024-07-17,Brasov,33.3,18.5,1.4,0.0
2024-07-18,Brasov,29.9,18.5,1.4,0.0
2024-07-19,Brasov,29.0,18.0,1.1,0.0
2024-07-20,Brasov,29.0,16.8,1.0,0.0
2024-07-21,Brasov,25.3,18.0,12.6,0.0
2024-07-22,Brasov,25.0,17.4,13.8,0.0
2024-07-23,Brasov,27.1,15.6,0.0,0.0
2024-07-24,Brasov,26.8,16.6,1.3,0.0
2024-07-25,Brasov,22.2,14.9,6.6,0.0
2024-07-26,Brasov,22.1,14.4,2.3,0.0
2024-07-27,Brasov,25.2,12.9,0.0,0.0
2024-07-28,Brasov,29.7,13.6,0.0,0.0
2024-07-29,Brasov,25.7,16.1,0.0,0.0
2024-07-30,Brasov,23.5,14.3,0.0,0.0
2024-07-31,Brasov,25.5,11.4,0.0,0.0
2024-08-01,Brasov,27.9,16.2,0.0,0.0
2024-08-02,Brasov,31.2,15.6,0.0,0.0
2024-08-03,Brasov,26.2,17.4,0.4,0.0
2024-08-04,Brasov,22.5,15.6,4.1,0.0
2024-08-05,Brasov,23.5,14.9,0.6,0.0
2024-08-06,Brasov,19.3,15.6,6.5,0.0
2024-08-07,Brasov,22.6,13.8,0.0,0.0
2024-08-08,Brasov,27.9,12.2,0.0,0.0
2024-08-09,Brasov,25.0,15.9,2.9,0.0
2024-08-10,Brasov,24.7,14.3,0.7,0.0
2024-08-11,Brasov,27.9,15.4,0.0,0.0
2024-08-12,Brasov,29.8,18.5,0.0,0.0
2024-08-13,Brasov,31.4,16.9,0.0,0.0
2024-08-14,Brasov,30.8,16.9,1.9,0.0
2024-08-15,Brasov,33.0,16.3,0.3,0.0
2024-08-16,Brasov,31.6,19.2,0.7,0.0
2024-08-17,Brasov,29.1,17.5,5.0,0.0
2024-08-18,Brasov,30.0,14.9,0.0,0.0
2024-08-19,Brasov,30.2,14.6,0.0,0.0
2024-08-20,Brasov,30.4,14.1,0.1,0.0
2024-08-21,Brasov,29.4,15.4,0.0,0.0
2024-08-22,Brasov,27.1,16.5,0.6,0.0
2024-08-23,Brasov,27.3,15.9,0.0,0.0
2024-08-24,Brasov,28.6,17.0,0.0,0.0
2024-08-25,Brasov,30.1,17.3,0.0,0.0
2024-08-26,Brasov,30.5,15.4,0.2,0.0
2024-08-27,Brasov,23.0,17.0,9.1,0.0
2024-08-28,Brasov,23.2,16.2,27.3,0.0
2024-08-29,Brasov,21.7,15.7,17.8,0.0
2024-08-30,Brasov,22.5,14.5,8.6,0.0
2024-08-31,Brasov,24.6,15.6,0.0,0.0
2024-09-01,Brasov,26.2,14.0,0.0,0.0
2024-09-02,Brasov,24.8,15.2,0.0,0.0
2024-09-03,Brasov,26.6,17.0,0.0,0.0
2024-09-04,Brasov,24.6,14.3,0.0,0.0
2024-09-05,Brasov,23.5,11.9,0.0,0.0
2024-09-06,Brasov,23.1,11.9,0.0,0.0
2024-09-07,Brasov,23.9,11.0,0.0,0.0
2024-09-08,Brasov,22.9,8.4,0.0,0.0
2024-09-09,Brasov,25.1,7.5,0.0,0.0
2024-09-10,Brasov,23.9,12.8,2.5,0.0
2024-09-11,Brasov,17.6,13.5,22.4,0.0
2024-09-12,Brasov,20.5,13.2,8.4,0.0
2024-09-13,Brasov,24.4,11.3,3.3,0.0
2024-09-14,Brasov,16.7,9.4,4.9,0.0
2024-09-15,Brasov,19.0,5.6,0.6,0.0
2024-09-16,Brasov,18.2,7.7,1.1,0.0
2024-09-17,Brasov,17.0,7.2,1.4,0.0
2024-09-18,Brasov,19.8,10.4,3.6,0.0
2024-09-19,Brasov,14.8,8.9,0.6,0.0
2024-09-20,Brasov,18.1,5.8,0.0,0.0
2024-09-21,Brasov,19.3,5.2,0.0,0.0
2024-09-22,Brasov,19.8,9.8,0.0,0.0
2024-09-23,Brasov,21.6,8.9,0.0,0.0
2024-09-24,Brasov,22.9,7.2,0.0,0.0
2024-09-25,Brasov,24.5,12.8,0.1,0.0
2024-09-26,Brasov,23.9,10.6,0.0,0.0
2024-09-27,Brasov,26.6,9.6,0.0,0.0
2024-09-28,Brasov,27.9,9.9,0.0,0.0
2024-09-29,Brasov,14.4,8.9,21.1,0.0
2024-09-30,Brasov,8.4,6.8,13.9,0.0
2024-10-01,Brasov,10.1,5.5,0.9,0.0
2024-10-02,Brasov,16.4,3.0,0.0,0.0
2024-10-03,Brasov,21.2,3.8,0.0,0.0
2024-10-04,Brasov,22.6,10.6,0.0,0.0
2024-10-05,Brasov,20.8,11.4,7.3,0.0
2024-10-06,Brasov,15.0,10.5,4.9,0.0
2024-10-07,Brasov,14.1,6.2,11.7,0.0
2024-10-08,Brasov,17.7,5.4,0.0,0.0
2024-10-09,Brasov,22.5,5.3,0.0,0.0
2024-10-10,Brasov,20.8,9.4,0.0,0.0
2024-10-11,Brasov,21.5,8.6,2.1,0.0
2024-10-12,Brasov,12.9,9.2,5.1,0.0
2024-10-13,Brasov,15.2,6.9,0.0,0.0
2024-10-14,Brasov,14.1,7.7,0.0,0.0
2024-10-15,Brasov,14.1,4.6,2.0,0.0
2024-10-16,Brasov,10.7,3.0,5.2,0.0
2024-10-17,Brasov,9.9,0.6,0.0,0.0
2024-10-18,Brasov,11.8,-1.6,0.0,0.0
2024-10-19,Brasov,12.5,-2.6,0.0,0.0
2024-10-20,Brasov,11.3,-1.3,0.0,0.0
2024-10-21,Brasov,12.4,2.7,0.0,0.0
2024-10-22,Brasov,13.8,4.3,0.0,0.0
2024-10-23,Brasov,13.8,5.7,0.0,0.0
2024-10-24,Brasov,11.6,2.7,0.0,0.0
2024-10-25,Brasov,11.9,1.9,0.0,0.0
2024-10-26,Brasov,14.6,-0.9,0.0,0.0
2024-10-27,Brasov,15.2,-1.6,0.0,0.0
2024-10-28,Brasov,16.6,5.7,0.0,0.0
2024-10-29,Brasov,13.2,4.3,0.5,0.0
2024-10-30,Brasov,14.3,6.1,0.0,0.0
2024-10-31,Brasov,13.6,6.7,0.3,0.0
2024-11-01,Brasov,13.4,7.4,0.0,0.0
2024-11-02,Brasov,12.1,4.6,0.4,0.0
2024-11-03,Brasov,8.1,0.7,0.9,0.0
2024-11-04,Brasov,8.1,-1.0,0.0,0.0
2024-11-05,Brasov,7.2,-3.3,0.0,0.0
2024-11-06,Brasov,9.4,-0.4,0.0,0.0
2024-11-07,Brasov,11.4,-4.6,0.0,0.0
2024-11-08,Brasov,10.6,-0.6,0.0,0.0
2024-11-09,Brasov,5.2,-3.7,0.0,0.0
2024-11-10,Brasov,4.2,-3.7,2.0,0.0
2024-11-11,Brasov,3.5,-1.2,0.1,0.0
2024-11-12,Brasov,2.7,-1.6,1.6,0.0
2024-11-13,Brasov,3.9,-0.2,0.0,0.0
2024-11-14,Brasov,3.0,-0.6,0.0,0.0
2024-11-15,Brasov,2.0,-0.3,0.7,0.0
2024-11-16,Brasov,3.7,-1.6,0.0,0.0
2024-11-17,Brasov,5.7,-3.7,0.0,0.0
2024-11-18,Brasov,6.5,-2.8,0.0,0.0
2024-11-19,Brasov,9.9,-1.7,0.0,0.0
2024-11-20,Brasov,12.6,0.3,0.1,0.0
2024-11-21,Brasov,4.4,-10.4,27.8,0.0
2024-11-22,Brasov,4.8,-10.6,10.0,0.0
2024-11-23,Brasov,0.4,-2.7,2.0,0.0
2024-11-24,Brasov,1.5,-7.4,0.0,0.0
2024-11-25,Brasov,6.1,-0.6,0.0,0.0
2024-11-26,Brasov,8.9,-0.3,0.0,0.0
2024-11-27,Brasov,4.6,2.3,0.6,0.0
2024-11-28,Brasov,6.8,-1.2,0.0,0.0
2024-11-29,Brasov,3.8,-0.6,11.7,0.0
2024-11-30,Brasov,5.4,0.7,1.4,0.0
2024-12-01,Brasov,6.1,0.3,0.0,0.0
2024-12-02,Brasov,4.1,-3.8,0.0,0.0
2024-12-03,Brasov,1.3,-4.7,0.0,0.0
2024-12-04,Brasov,1.6,-2.6,0.0,0.0
2024-12-05,Brasov,3.1,-0.8,0.0,0.0
2024-12-06,Brasov,5.7,-0.6,2.2,0.0
2024-12-07,Brasov,3.0,-0.5,13.2,0.0
2024-12-08,Brasov,4.8,-1.2,7.3,0.0
2024-12-09,Brasov,4.4,-0.9,11.6,0.0
2024-12-10,Brasov,4.8,-1.0,0.5,0.0
2024-12-11,Brasov,2.2,-0.1,1.5,0.0
2024-12-12,Brasov,0.1,-1.1,1.4,0.0
2024-12-13,Brasov,0.6,-1.9,0.5,0.0
2024-12-14,Brasov,4.9,-2.5,0.0,0.0
2024-12-15,Brasov,1.1,-0.8,1.7,0.0
2024-12-16,Brasov,3.8,-1.6,0.2,0.0
2024-12-17,Brasov,8.6,2.0,0.3,0.0
2024-12-18,Brasov,6.7,-0.1,0.0,0.0
2024-12-19,Brasov,7.4,-2.8,0.0,0.0
2024-12-20,Brasov,4.9,-3.4,0.0,0.0
2024-12-21,Brasov,1.6,-0.3,0.9,0.0
2024-12-22,Brasov,1.2,-5.4,0.1,0.0
2024-12-23,Brasov,6.1,-6.6,0.0,0.0
2024-12-24,Brasov,3.6,1.0,11.2,0.0
2024-12-25,Brasov,1.5,-0.3,10.2,0.0
2024-12-26,Brasov,2.0,-3.4,0.7,0.0
2024-12-27,Brasov,1.8,-2.7,3.6,0.0
2024-12-28,Brasov,2.6,0.1,0.0,0.0
2024-12-29,Brasov,5.3,-2.0,0.0,0.0
2024-12-30,Brasov,4.1,-2.7,0.0,0.0
2024-12-31,Brasov,3.8,-2.2,0.0,0.0
2025-01-01,Brasov,6.2,-2.7,0.0,0.0
2025-01-02,Brasov,7.6,-2.0,0.0,0.0
2025-01-03,Brasov,5.5,-2.3,2.3,0.0
2025-01-04,Brasov,-0.2,-3.2,0.3,0.0
2025-01-05,Brasov,3.3,-6.5,0.0,0.0
2025-01-06,Brasov,11.5,-0.9,0.0,0.0
2025-01-07,Brasov,9.7,-0.8,0.0,0.0
2025-01-08,Brasov,11.8,-0.2,0.0,0.0
2025-01-09,Brasov,10.5,-1.2,0.0,0.0
2025-01-10,Brasov,11.2,-1.8,2.3,0.0
2025-01-11,Brasov,0.4,-7.7,0.4,0.0
2025-01-12,Brasov,-1.8,-9.6,0.0,0.0
2025-01-13,Brasov,-1.1,-7.5,0.4,0.0
2025-01-14,Brasov,-2.7,-11.1,0.0,0.0
2025-01-15,Brasov,-3.1,-12.5,0.0,0.0
2025-01-16,Brasov,-0.9,-11.6,0.0,0.0
2025-01-17,Brasov,0.2,-8.3,0.0,0.0
2025-01-18,Brasov,1.6,-6.1,0.0,0.0
2025-01-19,Brasov,3.6,-5.4,0.0,0.0
2025-01-20,Brasov,7.1,-3.0,0.0,0.0
2025-01-21,Brasov,10.4,-4.2,0.0,0.0
2025-01-22,Brasov,2.1,-5.3,0.5,0.0
2025-01-23,Brasov,4.9,-3.5,0.0,0.0
2025-01-24,Brasov,7.2,0.6,7.6,0.0
2025-01-25,Brasov,5.4,-2.9,0.1,0.0
2025-01-26,Brasov,9.8,-4.6,0.0,0.0
2025-01-27,Brasov,10.7,-2.1,0.0,0.0
2025-01-28,Brasov,14.9,-1.1,0.0,0.0
2025-01-29,Brasov,12.3,-0.3,0.0,0.0
2025-01-30,Brasov,10.9,-0.2,0.4,0.0
2025-01-31,Brasov,10.5,-0.4,0.0,0.0
2025-02-01,Brasov,6.2,-1.2,2.3,0.0
2025-02-02,Brasov,7.9,-1.6,0.0,0.0
2025-02-03,Brasov,1.0,-2.3,1.1,0.0
2025-02-04,Brasov,2.2,-5.8,0.0,0.0
2025-02-05,Brasov,0.2,-4.7,0.0,0.0
2025-02-06,Brasov,1.5,-5.2,0.3,0.0
2025-02-07,Brasov,0.5,-7.4,0.0,0.0
2025-02-08,Brasov,5.1,-8.4,0.0,0.0
2025-02-09,Brasov,5.7,-8.9,0.0,0.0
2025-02-10,Brasov,3.2,-9.9,0.0,0.0
2025-02-11,Brasov,3.5,-8.4,0.0,0.0
2025-02-12,Brasov,4.9,-10.1,0.0,0.0
2025-02-13,Brasov,5.3,-11.2,0.0,0.0
2025-02-14,Brasov,9.8,-2.7,0.0,0.0
2025-02-15,Brasov,2.4,-2.5,6.1,0.0
2025-02-16,Brasov,-0.2,-4.2,1.2,0.0
2025-02-17,Brasov,-2.1,-6.5,3.6,0.0
2025-02-18,Brasov,-2.9,-7.9,3.2,0.0
2025-02-19,Brasov,-3.0,-9.9,2.9,0.0
2025-02-20,Brasov,-2.6,-11.7,0.0,0.0
2025-02-21,Brasov,-3.8,-16.4,0.0,0.0
2025-02-22,Brasov,-2.8,-18.6,0.0,0.0
2025-02-23,Brasov,-1.1,-16.8,0.0,0.0
2025-02-24,Brasov,2.2,-10.9,0.0,0.0
2025-02-25,Brasov,2.5,-7.9,0.0,0.0
2025-02-26,Brasov,8.3,-6.1,0.0,0.0
2025-02-27,Brasov,12.7,-2.8,0.0,0.0
2025-02-28,Brasov,12.6,0.1,0.5,0.0
2025-03-01,Brasov,3.0,0.6,4.2,0.0
2025-03-02,Brasov,4.1,-1.1,13.6,0.0
2025-03-03,Brasov,3.3,-4.3,0.1,0.0
2025-03-04,Brasov,8.9,-4.8,0.0,0.0
2025-03-05,Brasov,12.9,-1.2,0.0,0.0
2025-03-06,Brasov,15.4,-1.5,0.0,0.0
2025-03-07,Brasov,18.0,-0.8,0.0,0.0
2025-03-08,Brasov,17.6,-4.0,0.0,0.0
2025-03-09,Brasov,17.9,-4.7,0.0,0.0
2025-03-10,Brasov,17.3,-3.2,0.0,0.0
2025-03-11,Brasov,18.0,0.5,0.1,0.0
2025-03-12,Brasov,17.4,2.1,0.0,0.0
2025-03-13,Brasov,16.9,4.8,0.9,0.0
2025-03-14,Brasov,17.9,3.2,0.1,0.0
2025-03-15,Brasov,22.4,7.3,3.5,0.0
2025-03-16,Brasov,13.5,7.2,17.7,0.0
2025-03-17,Brasov,7.1,-1.4,8.3,0.0
2025-03-18,Brasov,-0.4,-6.8,0.5,0.0
2025-03-19,Brasov,4.6,-6.9,0.0,0.0
2025-03-20,Brasov,8.5,-3.5,0.0,0.0
2025-03-21,Brasov,12.2,-3.1,0.0,0.0
2025-03-22,Brasov,15.9,-4.1,0.0,0.0
2025-03-23,Brasov,17.6,1.8,0.7,0.0
2025-03-24,Brasov,20.1,3.0,0.0,0.0
2025-03-25,Brasov,14.6,5.3,0.9,0.0
2025-03-26,Brasov,16.0,5.1,2.5,0.0
2025-03-27,Brasov,17.1,7.8,3.4,0.0
2025-03-28,Brasov,11.3,5.8,6.7,0.0
2025-03-29,Brasov,8.2,4.9,7.8,0.0
2025-03-30,Brasov,12.4,5.2,0.1,0.0
2025-03-31,Brasov,12.4,4.3,4.2,0.0
2025-04-01,Brasov,14.3,5.1,0.1,0.0
2025-04-02,Brasov,12.1,5.0,2.4,0.0
2025-04-03,Brasov,9.9,6.2,6.6,0.0
2025-04-04,Brasov,12.2,5.6,1.8,0.0
2025-04-05,Brasov,14.9,5.2,5.9,0.0
2025-04-06,Brasov,4.8,-1.8,13.3,0.0
2025-04-07,Brasov,1.6,-4.1,0.0,0.0
2025-04-08,Brasov,5.1,-3.7,0.2,0.0
2025-04-09,Brasov,5.4,-2.8,3.5,0.0
2025-04-10,Brasov,5.2,-2.8,4.4,0.0
2025-04-11,Brasov,2.3,-3.7,3.1,0.0
2025-04-12,Brasov,7.5,0.6,2.5,0.0
2025-04-13,Brasov,14.4,0.8,0.0,0.0
2025-04-14,Brasov,13.6,1.4,0.0,0.0
2025-04-15,Brasov,14.8,4.9,0.1,0.0
2025-04-16,Brasov,23.7,4.0,0.0,0.0
2025-04-17,Brasov,25.2,6.9,0.0,0.0
2025-04-18,Brasov,21.1,7.7,0.0,0.0
2025-04-19,Brasov,17.0,6.8,1.1,0.0
2025-04-20,Brasov,19.3,7.7,0.1,0.0
2025-04-21,Brasov,21.9,7.3,0.0,0.0
2025-04-22,Brasov,20.4,5.8,0.6,0.0
2025-04-23,Brasov,20.3,6.6,0.1,0.0
2025-04-24,Brasov,20.7,4.4,0.2,0.0
2025-04-25,Brasov,20.8,5.8,0.1,0.0
2025-04-26,Brasov,17.3,7.5,8.4,0.0
2025-04-27,Brasov,11.4,3.8,0.2,0.0
2025-04-28,Brasov,16.2,0.6,0.0,0.0
2025-04-29,Brasov,19.0,3.0,0.0,0.0
2025-04-30,Brasov,20.4,7.3,0.0,0.0
2025-05-01,Brasov,20.0,8.0,2.5,0.0
2025-05-02,Brasov,20.1,7.6,0.0,0.0
2025-05-03,Brasov,22.3,8.9,0.0,0.0
2025-05-04,Brasov,24.5,7.6,0.0,0.0
2025-05-05,Brasov,22.5,11.2,0.6,0.0
2025-05-06,Brasov,21.5,8.8,3.2,0.0
2025-05-07,Brasov,16.0,9.6,4.8,0.0
2025-05-08,Brasov,17.4,8.9,1.8,0.0
2025-05-09,Brasov,12.3,7.4,10.2,0.0
2025-05-10,Brasov,13.1,5.9,2.3,0.0
2025-05-11,Brasov,14.2,3.9,3.9,0.0
2025-05-12,Brasov,10.6,4.7,5.3,0.0
2025-05-13,Brasov,12.4,2.2,0.5,0.0
2025-05-14,Brasov,13.7,2.5,1.0,0.0
2025-05-15,Brasov,19.0,2.8,0.0,0.0
2025-05-16,Brasov,11.1,4.8,13.3,0.0
2025-05-17,Brasov,8.9,4.2,4.8,0.0
2025-05-18,Brasov,15.4,2.7,2.4,0.0
2025-05-19,Brasov,15.1,4.6,9.5,0.0
2025-05-20,Brasov,14.2,5.0,0.7,0.0
2025-05-21,Brasov,19.5,4.6,0.0,0.0
2025-05-22,Brasov,22.0,8.0,0.3,0.0
2025-05-23,Brasov,21.9,7.6,1.1,0.0
2025-05-24,Brasov,17.1,9.4,1.9,0.0
2025-05-25,Brasov,11.9,9.2,23.9,0.0
2025-05-26,Brasov,11.4,8.8,21.5,0.0
2025-05-27,Brasov,11.6,8.9,29.5,0.0
2025-05-28,Brasov,12.8,9.8,8.7,0.0
2025-05-29,Brasov,16.5,8.9,4.0,0.0
2025-05-30,Brasov,15.6,10.4,5.6,0.0
2025-05-31,Brasov,18.9,8.7,0.1,0.0
2025-06-01,Brasov,21.5,10.8,0.2,0.0
2025-06-02,Brasov,24.4,12.5,0.0,0.0
2025-06-03,Brasov,26.0,12.0,0.0,0.0
2025-06-04,Brasov,25.2,14.4,1.7,0.0
2025-06-05,Brasov,28.5,12.0,0.0,0.0
2025-06-06,Brasov,27.1,13.9,0.2,0.0
2025-06-07,Brasov,28.9,14.1,0.0,0.0
2025-06-08,Brasov,29.5,13.6,0.0,0.0
2025-06-09,Brasov,21.4,16.5,0.8,0.0
2025-06-10,Brasov,21.8,13.6,0.1,0.0
2025-06-11,Brasov,24.9,11.1,0.6,0.0
2025-06-12,Brasov,22.1,13.2,0.0,0.0
2025-06-13,Brasov,21.3,11.8,0.0,0.0
2025-06-14,Brasov,20.7,9.6,0.0,0.0
2025-06-15,Brasov,22.0,9.1,0.0,0.0
2025-06-16,Brasov,25.3,11.4,0.0,0.0
2025-06-17,Brasov,27.8,13.9,0.1,0.0
2025-06-18,Brasov,25.8,15.9,1.6,0.0
2025-06-19,Brasov,28.0,15.5,0.0,0.0
2025-06-20,Brasov,23.5,14.6,3.7,0.0
2025-06-21,Brasov,21.1,10.4,0.0,0.0
2025-06-22,Brasov,23.9,11.0,0.0,0.0
2025-06-23,Brasov,28.0,12.9,0.0,0.0
2025-06-24,Brasov,29.4,13.6,0.0,0.0
2025-06-25,Brasov,29.9,16.8,0.0,0.0
2025-06-26,Brasov,31.1,18.9,0.4,0.0
2025-06-27,Brasov,31.6,18.6,0.8,0.0
2025-06-28,Brasov,23.2,16.4,9.9,0.0
2025-06-29,Brasov,23.4,13.9,0.1,0.0
2025-06-30,Brasov,26.4,17.4,0.2,0.0
2025-07-01,Brasov,25.9,12.9,0.0,0.0
2025-07-02,Brasov,26.5,11.2,0.0,0.0
2025-07-03,Brasov,30.5,14.3,0.0,0.0
2025-07-04,Brasov,33.4,16.8,0.0,0.0
2025-07-05,Brasov,30.8,18.6,3.3,0.0
2025-07-06,Brasov,31.1,16.7,0.0,0.0
2025-07-07,Brasov,33.2,17.6,0.0,0.0
2025-07-08,Brasov,33.2,16.1,0.1,0.0
2025-07-09,Brasov,23.6,13.2,11.2,0.0
2025-07-10,Brasov,18.7,12.2,2.4,0.0
2025-07-11,Brasov,19.6,12.3,0.6,0.0
2025-07-12,Brasov,22.9,9.5,0.2,0.0
2025-07-13,Brasov,27.5,10.9,0.0,0.0
2025-07-14,Brasov,30.4,12.8,0.0,0.0
2025-07-15,Brasov,27.5,15.9,1.5,0.0
2025-07-16,Brasov,26.6,15.6,7.0,0.0
2025-07-17,Brasov,22.6,13.9,17.7,0.0
2025-07-18,Brasov,20.1,11.7,1.1,0.0
2025-07-19,Brasov,22.2,12.2,1.3,0.0
2025-07-20,Brasov,26.1,13.1,0.0,0.0
2025-07-21,Brasov,29.5,16.5,0.0,0.0
2025-07-22,Brasov,28.8,15.1,10.9,0.0
2025-07-23,Brasov,28.5,15.8,0.0,0.0
2025-07-24,Brasov,30.1,17.0,1.1,0.0
2025-07-25,Brasov,31.1,16.2,0.3,0.0
2025-07-26,Brasov,34.8,19.1,0.2,0.0
2025-07-27,Brasov,31.8,16.9,0.0,0.0
2025-07-28,Brasov,26.8,17.0,2.4,0.0
2025-07-29,Brasov,21.2,16.2,24.4,0.0
2025-07-30,Brasov,21.2,15.9,4.2,0.0
2025-07-31,Brasov,20.2,15.4,0.9,0.0
2025-08-01,Brasov,23.6,12.1,0.1,0.0
2025-08-02,Brasov,25.7,12.6,0.2,0.0
2025-08-03,Brasov,27.5,12.2,0.0,0.0
2025-08-04,Brasov,27.6,12.8,0.3,0.0
2025-08-05,Brasov,26.9,14.4,0.5,0.0
2025-08-06,Brasov,25.2,15.4,4.8,0.0
2025-08-07,Brasov,24.7,16.3,0.7,0.0
2025-08-08,Brasov,26.6,12.8,0.0,0.0
2025-08-09,Brasov,28.6,14.4,0.0,0.0
2025-08-10,Brasov,30.8,14.6,0.0,0.0
2025-08-11,Brasov,28.7,18.0,0.2,0.0
2025-08-12,Brasov,27.5,15.0,0.0,0.0
2025-08-13,Brasov,28.4,13.6,0.0,0.0
2025-08-14,Brasov,30.3,13.4,0.0,0.0
2025-08-15,Brasov,30.0,14.8,0.0,0.0
2025-08-16,Brasov,28.6,14.8,0.0,0.0
2025-08-17,Brasov,29.0,14.4,1.2,0.0
2025-08-18,Brasov,21.6,14.8,20.7,0.0
2025-08-19,Brasov,22.4,12.6,0.7,0.0
2025-08-20,Brasov,23.8,12.1,0.0,0.0
2025-08-21,Brasov,28.0,13.4,0.0,0.0
2025-08-22,Brasov,25.0,15.8,3.0,0.0
2025-08-23,Brasov,17.2,13.4,1.0,0.0
2025-08-24,Brasov,18.2,9.6,0.2,0.0
2025-08-25,Brasov,19.1,6.2,0.0,0.0
2025-08-26,Brasov,22.2,8.4,0.0,0.0
2025-08-27,Brasov,24.5,8.1,0.0,0.0
2025-08-28,Brasov,27.2,7.7,0.0,0.0
2025-08-29,Brasov,28.8,9.7,0.0,0.0
2025-08-30,Brasov,30.0,11.4,0.0,0.0
2025-08-31,Brasov,22.0,13.8,6.7,0.0
2025-09-01,Brasov,21.2,14.3,1.6,0.0
2025-09-02,Brasov,26.8,15.2,0.0,0.0
2025-09-03,Brasov,29.4,13.6,0.0,0.0
2025-09-04,Brasov,28.5,14.4,0.0,0.0
2025-09-05,Brasov,27.7,12.1,0.0,0.0
2025-09-06,Brasov,27.0,10.9,0.0,0.0
2025-09-07,Brasov,26.0,12.8,0.0,0.0
2025-09-08,Brasov,25.1,12.5,0.0,0.0
2025-09-09,Brasov,25.2,10.4,16.4,0.0
2025-09-10,Brasov,25.7,12.2,0.0,0.0
2025-09-11,Brasov,26.0,15.6,5.1,0.0
2025-09-12,Brasov,20.5,14.1,9.3,0.0
2025-09-13,Brasov,22.8,13.7,0.4,0.0
2025-09-14,Brasov,21.9,12.7,0.0,0.0
2025-09-15,Brasov,21.1,10.8,0.0,0.0
2025-09-16,Brasov,22.6,10.1,0.0,0.0
2025-09-17,Brasov,15.5,10.1,16.3,0.0
2025-09-18,Brasov,15.9,8.9,0.0,0.0
2025-09-19,Brasov,18.6,6.8,0.0,0.0
2025-09-20,Brasov,22.6,11.4,0.3,0.0
2025-09-21,Brasov,26.4,8.9,0.0,0.0
2025-09-22,Brasov,25.3,9.4,0.0,0.0
2025-09-23,Brasov,23.5,7.2,0.0,0.0
2025-09-24,Brasov,23.4,10.1,0.0,0.0
2025-09-25,Brasov,16.5,9.8,0.0,0.0
2025-09-26,Brasov,11.1,8.1,1.6,0.0
2025-09-27,Brasov,14.8,5.2,0.2,0.0
2025-09-28,Brasov,15.8,2.3,0.0,0.0
2025-09-29,Brasov,11.6,6.5,6.5,0.0
2025-09-30,Brasov,11.8,5.8,1.8,0.0
2025-10-01,Brasov,11.2,4.6,3.6,0.0
2025-10-02,Brasov,7.2,2.5,8.7,0.0
2025-10-03,Brasov,3.8,1.9,18.8,0.0
2025-10-04,Brasov,9.4,2.8,8.5,0.0
2025-10-05,Brasov,11.9,4.4,0.0,0.0
2025-10-06,Brasov,9.1,6.7,6.5,0.0
2025-10-07,Brasov,7.6,6.3,27.0,0.0
2025-10-08,Brasov,8.8,7.0,46.5,0.0
2025-10-09,Brasov,10.8,7.2,2.4,0.0
2025-10-10,Brasov,13.6,7.6,3.7,0.0
2025-10-11,Brasov,11.6,6.8,6.1,0.0
2025-10-12,Brasov,12.4,8.4,3.6,0.0
2025-10-13,Brasov,12.4,6.9,4.5,0.0
2025-10-14,Brasov,10.9,6.4,0.2,0.0
2025-10-15,Brasov,8.1,5.5,3.0,0.0
2025-10-16,Brasov,10.8,1.9,0.0,0.0
2025-10-17,Brasov,13.4,-0.1,0.0,0.0
2025-10-18,Brasov,11.1,5.2,0.3,0.0
2025-10-19,Brasov,7.7,1.4,1.4,0.0
2025-10-20,Brasov,9.0,-2.1,0.0,0.0
2025-10-21,Brasov,13.7,-2.3,0.0,0.0
2025-10-22,Brasov,14.6,-0.6,0.0,0.0
2025-10-23,Brasov,18.3,2.5,0.0,0.0
2025-10-24,Brasov,15.4,6.5,3.7,0.0
2025-10-25,Brasov,11.9,1.7,0.0,0.0
2025-10-26,Brasov,16.0,0.2,0.3,0.0
2025-10-27,Brasov,10.6,2.2,1.2,0.0
2025-10-28,Brasov,10.6,2.5,0.3,0.0
2025-10-29,Brasov,15.4,3.0,0.0,0.0
2025-10-30,Brasov,17.0,0.1,0.0,0.0
2025-10-31,Brasov,18.0,5.7,0.0,0.0
2025-11-01,Brasov,15.3,5.3,0.0,0.0
2025-11-02,Brasov,19.0,2.1,0.0,0.0
2025-11-03,Brasov,17.8,4.8,0.0,0.0
2025-11-04,Brasov,9.9,6.6,2.6,0.0
2025-11-05,Brasov,10.3,3.7,1.9,0.0
2025-11-06,Brasov,11.1,2.9,0.4,0.0
2025-11-07,Brasov,13.6,3.7,7.1,0.0
2025-11-08,Brasov,12.6,6.4,1.8,0.0
2025-11-09,Brasov,13.9,4.9,0.0,0.0
2025-11-10,Brasov,10.9,4.3,1.4,0.0
2025-11-11,Brasov,8.5,5.5,2.4,0.0
2025-11-12,Brasov,7.7,3.9,0.1,0.0
2025-11-13,Brasov,8.9,0.1,0.0,0.0
2025-11-14,Brasov,10.1,0.4,0.0,0.0
2025-11-15,Brasov,11.0,1.0,0.0,0.0
2025-11-16,Brasov,10.9,1.7,0.0,0.0
2025-11-17,Brasov,16.8,0.3,0.0,0.0
2025-11-18,Brasov,11.2,3.4,6.4,0.0
2025-11-19,Brasov,7.2,0.2,7.0,0.0
2025-11-20,Brasov,12.9,2.9,0.3,0.0
2025-11-21,Brasov,15.8,5.3,0.8,0.0
2025-11-22,Brasov,13.1,7.9,0.1,0.0
2025-11-23,Brasov,9.1,1.1,5.4,0.0
2025-11-24,Brasov,3.5,-3.2,0.0,0.0
2025-11-25,Brasov,11.8,-3.2,0.0,0.0
2025-11-26,Brasov,15.6,0.2,0.0,0.0
2025-11-27,Brasov,6.7,3.5,10.2,0.0
2025-11-28,Brasov,9.6,3.3,0.2,0.0
2025-11-29,Brasov,10.2,5.4,20.9,0.0
2025-11-30,Brasov,5.4,4.0,6.6,0.0
2025-12-01,Brasov,4.1,3.2,2.8,0.0
2025-12-02,Brasov,8.4,2.8,0.0,0.0
2025-12-03,Brasov,9.1,2.0,0.0,0.0
2025-12-04,Brasov,10.6,2.4,0.0,0.0
2025-12-05,Brasov,9.4,5.2,0.1,0.0
2025-12-06,Brasov,4.9,0.5,0.0,0.0
2025-12-07,Brasov,6.7,0.7,0.4,0.0
2025-12-08,Brasov,5.7,3.2,2.0,0.0
2025-12-09,Brasov,7.0,2.3,0.1,0.0
2025-12-10,Brasov,9.8,2.8,0.0,0.0
2025-12-11,Brasov,8.6,1.3,0.0,0.0
2025-12-12,Brasov,4.8,2.3,0.5,0.0
2025-12-13,Brasov,4.7,0.0,0.6,0.0
2025-12-14,Brasov,2.5,-2.3,0.0,0.0
2025-12-15,Brasov,4.2,-1.9,0.0,0.0
2025-12-16,Brasov,6.0,-3.2,0.0,0.0
2025-12-17,Brasov,5.1,-5.3,0.0,0.0
2025-12-18,Brasov,8.4,0.6,0.0,0.0
2025-12-19,Brasov,8.6,0.3,0.0,0.0
2025-12-20,Brasov,3.1,-0.4,0.0,0.0
2025-12-21,Brasov,3.2,-1.8,0.0,0.0
2025-12-22,Brasov,1.8,-2.0,0.0,0.0
2025-12-23,Brasov,2.1,-2.9,0.0,0.0
2025-12-24,Brasov,3.5,-2.0,2.5,0.0
2025-12-25,Brasov,0.1,-4.8,0.8,0.0
2025-12-26,Brasov,2.2,-4.8,0.4,0.0
2025-12-27,Brasov,0.2,-2.7,0.1,0.0
2025-12-28,Brasov,-0.1,-3.2,2.9,0.0
2025-12-29,Brasov,1.0,-4.8,0.0,0.0
2025-12-30,Brasov,-2.9,-8.7,0.8,0.0
2025-12-31,Brasov,-4.6,-7.8,0.3,0.0
2026-01-01,Brasov,-3.6,-11.4,0.0,0.0
2026-01-02,Brasov,7.4,-8.6,0.0,0.0
2026-01-03,Brasov,4.2,-6.3,8.1,0.0
2026-01-04,Brasov,1.4,-6.3,5.2,0.0
2026-01-05,Brasov,1.9,-2.0,3.1,0.0
2026-01-06,Brasov,4.0,-0.4,0.0,0.0
2026-01-07,Brasov,4.3,0.2,1.2,0.0
2026-01-08,Brasov,2.0,-7.2,12.5,0.0
2026-01-09,Brasov,-3.8,-8.5,0.8,0.0
2026-01-10,Brasov,-1.0,-5.9,0.4,0.0
2026-01-11,Brasov,-1.6,-9.2,1.2,0.0
2026-01-12,Brasov,-5.1,-11.2,0.0,0.0
2026-01-13,Brasov,-4.3,-12.6,2.0,0.0
2026-01-14,Brasov,-0.2,-4.0,0.6,0.0
2026-01-15,Brasov,1.5,0.1,4.6,0.0
2026-01-16,Brasov,1.0,-5.9,1.1,0.0
2026-01-17,Brasov,1.5,-11.7,0.0,0.0
2026-01-18,Brasov,-3.7,-11.2,0.0,0.0
2026-01-19,Brasov,0.0,-11.3,0.0,0.0
2026-01-20,Brasov,-2.2,-12.0,0.0,0.0
2026-01-21,Brasov,4.0,-14.8,0.0,0.0
2026-01-22,Brasov,3.7,-5.4,3.3,0.0
2026-01-23,Brasov,1.2,-1.5,1.1,0.0
2026-01-24,Brasov,5.5,-4.2,0.0,0.0
2026-01-25,Brasov,8.9,-4.1,0.0,0.0
2026-01-26,Brasov,8.4,1.5,8.2,0.0
2026-01-27,Brasov,4.4,2.1,6.9,0.0
2026-01-28,Brasov,8.1,-0.9,0.0,0.0
2026-01-29,Brasov,8.7,-0.6,0.0,0.0
2026-01-30,Brasov,5.0,-0.9,0.0,0.0
2026-01-31,Brasov,1.4,-1.5,0.7,0.0
2026-02-01,Brasov,3.3,-5.3,0.1,0.0
2026-02-02,Brasov,-1.2,-6.6,1.4,0.0
2026-02-03,Brasov,5.0,-6.4,0.0,0.0
2026-02-04,Brasov,10.1,-1.6,0.0,0.0
2026-02-05,Brasov,6.6,1.0,3.4,0.0
2026-02-06,Brasov,9.3,0.1,1.4,0.0
2026-02-07,Brasov,7.8,-0.6,2.1,0.0
2026-02-08,Brasov,5.4,0.8,1.3,0.0
2026-02-09,Brasov,2.0,-1.6,1.4,0.0
2026-02-10,Brasov,4.7,-3.5,0.5,0.0
2026-02-11,Brasov,9.4,-3.0,0.0,0.0
2026-02-12,Brasov,11.4,-1.2,0.0,0.0
2026-02-13,Brasov,9.4,-1.5,0.3,0.0
2026-02-14,Brasov,10.4,3.9,0.5,0.0
2026-02-15,Brasov,9.8,3.4,13.7,0.0
2026-02-16,Brasov,3.7,-1.7,1.3,0.0
2026-02-17,Brasov,4.2,-2.8,8.5,0.0
2026-02-18,Brasov,-0.8,-4.1,16.3,0.0
2026-02-19,Brasov,1.0,-5.3,0.1,0.0
2026-02-20,Brasov,3.5,-5.6,1.4,0.0
2026-02-21,Brasov,-2.6,-5.4,6.2,0.0
2026-02-22,Brasov,0.6,-2.5,1.2,0.0
2026-02-23,Brasov,3.2,-6.1,1.6,0.0
2026-02-24,Brasov,6.7,0.6,11.1,0.0
2026-02-25,Brasov,4.0,-0.1,3.4,0.0
2026-02-26,Brasov,2.3,-6.5,0.2,0.0
2026-02-27,Brasov,5.4,-6.8,0.0,0.0
2026-02-28,Brasov,9.4,-6.8,0.0,0.0
2026-03-01,Brasov,10.7,-6.0,0.0,0.0
2026-03-02,Brasov,10.8,-0.6,0.0,0.0
2026-03-03,Brasov,10.9,-1.4,0.0,0.0
2026-03-04,Brasov,12.7,-1.0,0.0,0.0
2026-03-05,Brasov,11.1,1.5,0.2,0.0
2026-03-06,Brasov,11.1,-0.8,0.0,0.0
2026-03-07,Brasov,11.6,-2.2,0.0,0.0
2026-03-08,Brasov,12.6,-2.5,0.0,0.0
2026-03-09,Brasov,12.6,-3.0,0.0,0.0
2026-03-10,Brasov,13.6,-2.5,0.0,0.0
2026-03-11,Brasov,15.1,-2.1,0.0,0.0
2026-03-12,Brasov,12.8,-2.9,0.0,0.0
2026-03-13,Brasov,14.4,-3.3,0.0,0.0
2026-03-14,Brasov,12.6,-3.8,0.0,0.0
2026-03-15,Brasov,8.6,-2.8,0.0,0.0
2026-03-16,Brasov,9.8,-3.0,0.0,0.0
2026-03-17,Brasov,11.8,-3.6,0.0,0.0
2026-03-18,Brasov,10.1,-2.2,0.0,0.0
2026-03-19,Brasov,4.3,-0.9,0.3,0.0
2026-03-20,Brasov,5.8,0.2,0.4,0.0
2026-03-21,Brasov,9.5,0.8,0.4,0.0
2026-03-22,Brasov,8.2,2.6,1.6,0.0
2026-03-23,Brasov,10.0,2.4,0.4,0.0
2026-03-24,Brasov,12.9,1.5,0.0,0.0
2026-03-25,Brasov,12.1,2.8,0.1,0.0
2026-03-26,Brasov,13.6,1.8,0.0,0.0
2026-03-27,Brasov,11.0,1.8,3.9,0.0
2026-03-28,Brasov,6.6,3.2,26.5,0.0
2026-03-29,Brasov,6.3,3.9,25.6,0.0
2026-03-30,Brasov,9.9,5.8,13.9,0.0
2026-03-31,Brasov,6.1,4.8,6.5,0.0
2026-04-01,Brasov,9.9,4.0,0.2,0.0
2026-04-02,Brasov,8.8,2.9,5.9,0.0
2026-04-03,Brasov,12.9,5.4,3.9,0.0
2026-04-04,Brasov,13.4,6.2,2.8,0.0
2026-04-05,Brasov,16.7,2.8,0.0,0.0
2026-04-06,Brasov,18.8,5.3,0.1,0.0
2026-04-07,Brasov,10.5,5.6,1.5,0.0
2026-04-08,Brasov,7.2,2.3,1.3,0.0
2026-04-09,Brasov,5.2,0.1,3.2,0.0
2026-04-10,Brasov,6.7,-0.6,2.1,0.0
2026-04-11,Brasov,8.7,-2.6,0.5,0.0
2026-04-12,Brasov,11.0,-0.6,0.0,0.0
2026-04-13,Brasov,13.8,-2.1,0.0,0.0
2026-04-14,Brasov,14.5,2.7,0.0,0.0
2026-04-15,Brasov,18.6,1.6,0.0,0.0
2026-04-16,Brasov,18.8,4.8,0.9,0.0
2026-04-17,Brasov,15.1,7.2,8.2,0.0
2026-04-18,Brasov,14.4,5.5,3.9,0.0
2023-01-01,Bucuresti,13.6,3.5,0.0,0.0
2023-01-02,Bucuresti,15.3,5.2,0.0,0.0
2023-01-03,Bucuresti,13.4,4.4,0.0,0.0
2023-01-04,Bucuresti,9.2,1.2,0.0,0.0
2023-01-05,Bucuresti,9.8,1.8,0.0,0.0
2023-01-06,Bucuresti,13.1,5.2,0.0,0.0
2023-01-07,Bucuresti,9.1,-2.0,0.0,0.0
2023-01-08,Bucuresti,7.2,-0.6,0.0,0.0
2023-01-09,Bucuresti,8.5,2.0,0.0,0.0
2023-01-10,Bucuresti,11.7,1.8,11.0,0.0
2023-01-11,Bucuresti,9.0,1.2,9.2,0.0
2023-01-12,Bucuresti,1.6,0.1,15.6,0.0
2023-01-13,Bucuresti,5.8,0.5,0.0,0.0
2023-01-14,Bucuresti,5.7,2.9,0.0,0.0
2023-01-15,Bucuresti,6.5,0.6,0.0,0.0
2023-01-16,Bucuresti,7.6,-1.5,0.0,0.0
2023-01-17,Bucuresti,13.9,0.2,0.0,0.0
2023-01-18,Bucuresti,19.1,5.9,0.2,0.0
2023-01-19,Bucuresti,18.9,7.7,0.0,0.0
2023-01-20,Bucuresti,15.2,3.9,0.7,0.0
2023-01-21,Bucuresti,9.9,0.4,1.5,0.0
2023-01-22,Bucuresti,11.8,6.9,13.2,0.0
2023-01-23,Bucuresti,6.1,1.2,0.0,0.0
2023-01-24,Bucuresti,3.2,0.0,0.0,0.0
2023-01-25,Bucuresti,1.9,-0.5,0.0,0.0
2023-01-26,Bucuresti,3.7,-0.5,4.4,0.0
2023-01-27,Bucuresti,1.9,-0.1,17.8,0.0
2023-01-28,Bucuresti,0.8,-0.8,11.9,0.0
2023-01-29,Bucuresti,0.6,-0.7,2.8,0.0
2023-01-30,Bucuresti,1.5,-2.6,0.4,0.0
2023-01-31,Bucuresti,1.7,-4.2,2.0,0.0
2023-02-01,Bucuresti,6.2,-7.6,0.0,0.0
2023-02-02,Bucuresti,6.9,-1.3,0.0,0.0
2023-02-03,Bucuresti,7.4,-2.3,0.2,0.0
2023-02-04,Bucuresti,4.8,0.0,2.5,0.0
2023-02-05,Bucuresti,1.5,-3.8,0.0,0.0
2023-02-06,Bucuresti,1.8,-3.6,0.1,0.0
2023-02-07,Bucuresti,1.6,-4.8,0.0,0.0
2023-02-08,Bucuresti,-0.2,-4.8,1.2,0.0
2023-02-09,Bucuresti,0.8,-7.3,0.0,0.0
2023-02-10,Bucuresti,2.5,-8.2,0.0,0.0
2023-02-11,Bucuresti,4.3,-7.6,0.0,0.0
2023-02-12,Bucuresti,4.6,-4.8,0.0,0.0
2023-02-13,Bucuresti,7.3,-4.0,0.0,0.0
2023-02-14,Bucuresti,8.2,-4.7,0.0,0.0
2023-02-15,Bucuresti,9.4,-3.1,0.0,0.0
2023-02-16,Bucuresti,9.5,-2.9,0.0,0.0
2023-02-17,Bucuresti,11.4,-1.1,0.0,0.0
2023-02-18,Bucuresti,15.5,3.1,0.0,0.0
2023-02-19,Bucuresti,17.1,8.4,0.0,0.0
2023-02-20,Bucuresti,11.1,4.1,1.3,0.0
2023-02-21,Bucuresti,18.0,5.2,0.0,0.0
2023-02-22,Bucuresti,13.6,3.7,0.0,0.0
2023-02-23,Bucuresti,7.8,4.9,0.0,0.0
2023-02-24,Bucuresti,8.9,4.4,1.4,0.0
2023-02-25,Bucuresti,13.6,1.4,0.1,0.0
2023-02-26,Bucuresti,20.4,5.0,0.2,0.0
2023-02-27,Bucuresti,10.4,3.2,0.4,0.0
2023-02-28,Bucuresti,4.7,1.4,0.1,0.0
2023-03-01,Bucuresti,6.0,2.7,2.1,0.0
2023-03-02,Bucuresti,6.4,2.0,0.0,0.0
2023-03-03,Bucuresti,8.5,0.8,0.9,0.0
2023-03-04,Bucuresti,11.8,4.1,0.0,0.0
2023-03-05,Bucuresti,10.6,0.6,0.0,0.0
2023-03-06,Bucuresti,10.6,-0.5,0.0,0.0
2023-03-07,Bucuresti,15.4,-0.2,0.0,0.0
2023-03-08,Bucuresti,16.4,2.2,0.0,0.0
2023-03-09,Bucuresti,18.3,5.6,0.1,0.0
2023-03-10,Bucuresti,18.1,7.1,1.4,0.0
2023-03-11,Bucuresti,16.5,7.2,13.8,0.0
2023-03-12,Bucuresti,9.8,2.0,0.0,0.0
2023-03-13,Bucuresti,12.2,0.4,0.0,0.0
2023-03-14,Bucuresti,14.9,-0.2,0.0,0.0
2023-03-15,Bucuresti,13.5,1.1,0.0,0.0
2023-03-16,Bucuresti,6.8,5.2,2.0,0.0
2023-03-17,Bucuresti,10.1,-0.1,0.0,0.0
2023-03-18,Bucuresti,11.3,3.4,0.4,0.0
2023-03-19,Bucuresti,14.5,2.0,0.0,0.0
2023-03-20,Bucuresti,17.0,1.2,0.0,0.0
2023-03-21,Bucuresti,16.9,5.4,0.8,0.0
2023-03-22,Bucuresti,11.1,7.9,4.0,0.0
2023-03-23,Bucuresti,16.6,6.1,0.0,0.0
2023-03-24,Bucuresti,19.6,7.0,0.0,0.0
2023-03-25,Bucuresti,21.5,5.3,0.0,0.0
2023-03-26,Bucuresti,18.4,6.9,2.0,0.0
2023-03-27,Bucuresti,21.4,4.7,3.5,0.0
2023-03-28,Bucuresti,9.6,3.5,2.9,0.0
2023-03-29,Bucuresti,7.2,-1.0,0.2,0.0
2023-03-30,Bucuresti,11.6,-3.3,0.0,0.0
2023-03-31,Bucuresti,18.3,3.5,0.8,0.0
2023-04-01,Bucuresti,14.2,5.6,4.4,0.0
2023-04-02,Bucuresti,15.9,7.8,3.0,0.0
2023-04-03,Bucuresti,16.0,6.5,4.4,0.0
2023-04-04,Bucuresti,7.9,3.7,9.4,0.0
2023-04-05,Bucuresti,9.6,4.7,2.0,0.0
2023-04-06,Bucuresti,11.5,2.8,0.0,0.0
2023-04-07,Bucuresti,8.9,0.4,0.0,0.0
2023-04-08,Bucuresti,11.9,4.0,0.2,0.0
2023-04-09,Bucuresti,15.1,4.4,0.2,0.0
2023-04-10,Bucuresti,16.0,6.6,0.1,0.0
2023-04-11,Bucuresti,14.2,8.1,8.5,0.0
2023-04-12,Bucuresti,13.3,5.9,3.6,0.0
2023-04-13,Bucuresti,17.6,5.3,0.0,0.0
2023-04-14,Bucuresti,20.9,6.9,1.3,0.0
2023-04-15,Bucuresti,19.0,8.9,1.8,0.0
2023-04-16,Bucuresti,16.9,10.0,10.0,0.0
2023-04-17,Bucuresti,12.1,9.1,5.9,0.0
2023-04-18,Bucuresti,15.1,8.4,0.7,0.0
2023-04-19,Bucuresti,16.0,8.3,1.1,0.0
2023-04-20,Bucuresti,15.3,6.9,2.9,0.0
2023-04-21,Bucuresti,16.6,7.8,1.2,0.0
2023-04-22,Bucuresti,17.2,5.2,1.4,0.0
2023-04-23,Bucuresti,18.6,6.1,0.0,0.0
2023-04-24,Bucuresti,20.2,6.4,0.3,0.0
2023-04-25,Bucuresti,16.5,9.1,8.0,0.0
2023-04-26,Bucuresti,17.0,7.7,6.6,0.0
2023-04-27,Bucuresti,13.9,7.6,1.3,0.0
2023-04-28,Bucuresti,15.3,3.8,0.0,0.0
2023-04-29,Bucuresti,16.5,4.0,0.0,0.0
2023-04-30,Bucuresti,20.2,4.8,0.0,0.0
2023-05-01,Bucuresti,20.6,8.3,0.0,0.0
2023-05-02,Bucuresti,21.4,8.1,0.0,0.0
2023-05-03,Bucuresti,19.8,7.3,0.3,0.0
2023-05-04,Bucuresti,15.2,10.0,7.8,0.0
2023-05-05,Bucuresti,19.6,8.2,0.0,0.0
2023-05-06,Bucuresti,21.4,11.1,0.1,0.0
2023-05-07,Bucuresti,21.4,8.8,0.0,0.0
2023-05-08,Bucuresti,15.6,9.2,5.5,0.0
2023-05-09,Bucuresti,13.5,7.6,2.4,0.0
2023-05-10,Bucuresti,15.6,5.4,0.8,0.0
2023-05-11,Bucuresti,16.9,5.4,0.0,0.0
2023-05-12,Bucuresti,15.4,6.1,0.0,0.0
2023-05-13,Bucuresti,18.0,9.4,0.3,0.0
2023-05-14,Bucuresti,21.1,8.6,0.0,0.0
2023-05-15,Bucuresti,23.0,9.9,0.0,0.0
2023-05-16,Bucuresti,25.1,13.1,0.0,0.0
2023-05-17,Bucuresti,20.1,13.1,4.4,0.0
2023-05-18,Bucuresti,22.0,13.1,1.5,0.0
2023-05-19,Bucuresti,24.6,15.3,0.1,0.0
2023-05-20,Bucuresti,25.4,13.6,0.1,0.0
2023-05-21,Bucuresti,25.2,15.6,0.2,0.0
2023-05-22,Bucuresti,23.8,14.5,0.0,0.0
2023-05-23,Bucuresti,24.4,12.8,0.2,0.0
2023-05-24,Bucuresti,25.8,12.0,0.0,0.0
2023-05-25,Bucuresti,25.8,13.4,0.5,0.0
2023-05-26,Bucuresti,24.6,14.9,4.0,0.0
2023-05-27,Bucuresti,24.9,14.6,2.7,0.0
2023-05-28,Bucuresti,23.2,15.4,3.4,0.0
2023-05-29,Bucuresti,24.6,15.1,4.7,0.0
2023-05-30,Bucuresti,26.5,14.9,0.0,0.0
2023-05-31,Bucuresti,27.1,14.6,0.0,0.0
2023-06-01,Bucuresti,25.4,16.2,1.1,0.0
2023-06-02,Bucuresti,26.5,14.3,0.1,0.0
2023-06-03,Bucuresti,25.1,15.5,5.0,0.0
2023-06-04,Bucuresti,23.1,14.7,0.0,0.0
2023-06-05,Bucuresti,24.9,12.6,0.0,0.0
2023-06-06,Bucuresti,25.9,12.1,0.0,0.0
2023-06-07,Bucuresti,25.6,13.6,0.0,0.0
2023-06-08,Bucuresti,26.3,13.4,0.0,0.0
2023-06-09,Bucuresti,27.1,13.7,0.0,0.0
2023-06-10,Bucuresti,28.6,15.1,0.0,0.0
2023-06-11,Bucuresti,26.9,16.1,4.4,0.0
2023-06-12,Bucuresti,24.4,15.8,0.0,0.0
2023-06-13,Bucuresti,23.4,13.2,0.0,0.0
2023-06-14,Bucuresti,25.7,14.2,0.0,0.0
2023-06-15,Bucuresti,28.9,17.5,0.0,0.0
2023-06-16,Bucuresti,27.8,17.8,0.0,0.0
2023-06-17,Bucuresti,28.1,17.9,0.3,0.0
2023-06-18,Bucuresti,26.9,17.8,14.4,0.0
2023-06-19,Bucuresti,26.5,17.4,1.5,0.0
2023-06-20,Bucuresti,27.2,16.0,0.1,0.0
2023-06-21,Bucuresti,28.1,17.6,0.0,0.0
2023-06-22,Bucuresti,29.4,18.8,0.1,0.0
2023-06-23,Bucuresti,32.1,19.4,0.5,0.0
2023-06-24,Bucuresti,32.6,20.9,0.9,0.0
2023-06-25,Bucuresti,28.6,19.4,8.5,0.0
2023-06-26,Bucuresti,27.0,18.9,1.8,0.0
2023-06-27,Bucuresti,29.5,18.4,0.2,0.0
2023-06-28,Bucuresti,24.3,15.4,9.3,0.0
2023-06-29,Bucuresti,24.8,14.3,0.0,0.0
2023-06-30,Bucuresti,27.8,13.7,0.0,0.0
2023-07-01,Bucuresti,30.1,14.8,0.0,0.0
2023-07-02,Bucuresti,28.2,17.8,3.3,0.0
2023-07-03,Bucuresti,30.1,17.7,0.2,0.0
2023-07-04,Bucuresti,32.0,19.5,0.1,0.0
2023-07-05,Bucuresti,32.0,20.1,5.4,0.0
2023-07-06,Bucuresti,33.1,19.5,0.5,0.0
2023-07-07,Bucuresti,29.5,19.8,0.6,0.0
2023-07-08,Bucuresti,27.0,18.9,5.0,0.0
2023-07-09,Bucuresti,29.6,15.9,0.0,0.0
2023-07-10,Bucuresti,31.1,17.9,0.0,0.0
2023-07-11,Bucuresti,31.1,18.5,11.0,0.0
2023-07-12,Bucuresti,32.1,19.6,0.0,0.0
2023-07-13,Bucuresti,35.7,21.8,0.7,0.0
2023-07-14,Bucuresti,33.4,22.8,4.3,0.0
2023-07-15,Bucuresti,31.4,21.6,0.2,0.0
2023-07-16,Bucuresti,33.8,20.7,0.0,0.0
2023-07-17,Bucuresti,35.4,20.9,0.0,0.0
2023-07-18,Bucuresti,35.8,22.0,0.0,0.0
2023-07-19,Bucuresti,34.2,22.2,0.0,0.0
2023-07-20,Bucuresti,34.3,23.0,0.7,0.0
2023-07-21,Bucuresti,32.0,20.4,0.0,0.0
2023-07-22,Bucuresti,33.4,21.1,2.4,0.0
2023-07-23,Bucuresti,27.0,21.2,3.1,0.0
2023-07-24,Bucuresti,32.5,18.0,0.0,0.0
2023-07-25,Bucuresti,37.5,19.4,0.0,0.0
2023-07-26,Bucuresti,36.4,22.1,0.0,0.0
2023-07-27,Bucuresti,23.5,16.9,20.3,0.0
2023-07-28,Bucuresti,26.6,13.4,0.0,0.0
2023-07-29,Bucuresti,30.6,15.4,0.0,0.0
2023-07-30,Bucuresti,32.5,18.0,0.0,0.0
2023-07-31,Bucuresti,25.8,19.4,4.2,0.0
2023-08-01,Bucuresti,28.9,17.2,0.2,0.0
2023-08-02,Bucuresti,32.8,19.1,1.6,0.0
2023-08-03,Bucuresti,34.2,18.3,0.0,0.0
2023-08-04,Bucuresti,38.0,22.9,0.0,0.0
2023-08-05,Bucuresti,34.0,21.6,0.0,0.0
2023-08-06,Bucuresti,28.2,21.4,8.4,0.0
2023-08-07,Bucuresti,28.0,18.0,1.2,0.0
2023-08-08,Bucuresti,23.2,16.2,8.1,0.0
2023-08-09,Bucuresti,25.5,13.9,0.0,0.0
2023-08-10,Bucuresti,27.2,16.6,0.2,0.0
2023-08-11,Bucuresti,28.0,17.2,0.7,0.0
2023-08-12,Bucuresti,27.8,19.0,0.0,0.0
2023-08-13,Bucuresti,29.8,17.9,0.0,0.0
2023-08-14,Bucuresti,30.8,17.5,0.0,0.0
2023-08-15,Bucuresti,30.0,20.5,0.1,0.0
2023-08-16,Bucuresti,31.6,21.8,1.1,0.0
2023-08-17,Bucuresti,32.2,21.5,0.0,0.0
2023-08-18,Bucuresti,33.2,22.0,0.2,0.0
2023-08-19,Bucuresti,32.5,22.0,0.0,0.0
2023-08-20,Bucuresti,35.0,20.5,0.0,0.0
2023-08-21,Bucuresti,34.8,23.2,0.0,0.0
2023-08-22,Bucuresti,35.0,24.3,0.0,0.0
2023-08-23,Bucuresti,35.7,23.6,0.0,0.0
2023-08-24,Bucuresti,32.5,22.6,0.6,0.0
2023-08-25,Bucuresti,33.4,22.0,0.0,0.0
2023-08-26,Bucuresti,35.1,22.1,0.0,0.0
2023-08-27,Bucuresti,34.3,21.7,0.0,0.0
2023-08-28,Bucuresti,34.8,19.5,0.0,0.0
2023-08-29,Bucuresti,36.2,21.3,0.0,0.0
2023-08-30,Bucuresti,28.8,20.6,25.3,0.0
2023-08-31,Bucuresti,28.6,19.2,0.0,0.0
2023-09-01,Bucuresti,26.5,17.0,0.0,0.0
2023-09-02,Bucuresti,28.0,18.8,0.0,0.0
2023-09-03,Bucuresti,29.9,16.5,0.0,0.0
2023-09-04,Bucuresti,23.1,17.2,6.4,0.0
2023-09-05,Bucuresti,25.5,18.5,0.0,0.0
2023-09-06,Bucuresti,26.2,17.9,0.0,0.0
2023-09-07,Bucuresti,26.9,17.3,0.0,0.0
2023-09-08,Bucuresti,26.1,15.2,0.0,0.0
2023-09-09,Bucuresti,27.5,11.4,0.0,0.0
2023-09-10,Bucuresti,26.0,17.4,0.0,0.0
2023-09-11,Bucuresti,25.8,12.4,0.0,0.0
2023-09-12,Bucuresti,28.8,13.6,0.0,0.0
2023-09-13,Bucuresti,30.5,15.1,0.0,0.0
2023-09-14,Bucuresti,31.1,16.1,0.0,0.0
2023-09-15,Bucuresti,27.4,19.0,3.1,0.0
2023-09-16,Bucuresti,24.0,18.1,9.0,0.0
2023-09-17,Bucuresti,25.4,17.0,0.0,0.0
2023-09-18,Bucuresti,25.0,13.9,0.0,0.0
2023-09-19,Bucuresti,24.6,12.1,0.0,0.0
2023-09-20,Bucuresti,26.0,15.2,0.0,0.0
2023-09-21,Bucuresti,28.0,14.8,0.0,0.0
2023-09-22,Bucuresti,29.3,16.6,0.0,0.0
2023-09-23,Bucuresti,31.4,17.0,0.0,0.0
2023-09-24,Bucuresti,30.4,18.5,0.0,0.0
2023-09-25,Bucuresti,27.4,18.4,0.0,0.0
2023-09-26,Bucuresti,27.6,17.9,0.0,0.0
2023-09-27,Bucuresti,26.7,17.9,0.0,0.0
2023-09-28,Bucuresti,26.5,16.4,0.0,0.0
2023-09-29,Bucuresti,27.4,16.0,0.0,0.0
2023-09-30,Bucuresti,27.0,16.4,0.0,0.0
2023-10-01,Bucuresti,25.8,14.8,0.0,0.0
2023-10-02,Bucuresti,20.9,13.3,4.3,0.0
2023-10-03,Bucuresti,22.1,9.4,0.0,0.0
2023-10-04,Bucuresti,25.4,10.1,0.0,0.0
2023-10-05,Bucuresti,23.8,15.1,0.0,0.0
2023-10-06,Bucuresti,23.1,12.6,0.1,0.0
2023-10-07,Bucuresti,23.2,10.8,0.0,0.0
2023-10-08,Bucuresti,26.4,11.1,2.1,0.0
2023-10-09,Bucuresti,16.0,8.2,0.0,0.0
2023-10-10,Bucuresti,18.0,8.1,0.0,0.0
2023-10-11,Bucuresti,18.1,5.9,0.0,0.0
2023-10-12,Bucuresti,21.6,7.6,0.0,0.0
2023-10-13,Bucuresti,23.2,10.9,0.0,0.0
2023-10-14,Bucuresti,25.1,10.1,0.0,0.0
2023-10-15,Bucuresti,24.9,11.1,0.0,0.0
2023-10-16,Bucuresti,18.2,7.9,7.4,0.0
2023-10-17,Bucuresti,15.6,4.3,0.0,0.0
2023-10-18,Bucuresti,17.0,7.7,0.2,0.0
2023-10-19,Bucuresti,18.7,6.2,0.0,0.0
2023-10-20,Bucuresti,23.5,7.8,0.0,0.0
2023-10-21,Bucuresti,28.2,11.1,0.0,0.0
2023-10-22,Bucuresti,27.1,13.1,0.0,0.0
2023-10-23,Bucuresti,24.1,11.4,0.0,0.0
2023-10-24,Bucuresti,22.3,10.4,0.0,0.0
2023-10-25,Bucuresti,24.8,11.7,0.9,0.0
2023-10-26,Bucuresti,23.4,13.6,1.4,0.0
2023-10-27,Bucuresti,23.0,12.6,0.0,0.0
2023-10-28,Bucuresti,22.7,13.6,0.2,0.0
2023-10-29,Bucuresti,22.3,9.4,0.0,0.0
2023-10-30,Bucuresti,23.1,9.8,0.0,0.0
2023-10-31,Bucuresti,23.1,9.6,0.0,0.0
2023-11-01,Bucuresti,20.4,9.9,0.1,0.0
2023-11-02,Bucuresti,16.1,9.4,0.0,0.0
2023-11-03,Bucuresti,19.6,9.4,0.0,0.0
2023-11-04,Bucuresti,16.3,12.2,39.8,0.0
2023-11-05,Bucuresti,19.1,9.1,0.3,0.0
2023-11-06,Bucuresti,19.6,10.2,0.0,0.0
2023-11-07,Bucuresti,19.3,6.8,0.0,0.0
2023-11-08,Bucuresti,16.0,6.8,0.7,0.0
2023-11-09,Bucuresti,13.6,4.6,0.0,0.0
2023-11-10,Bucuresti,15.9,2.8,0.0,0.0
2023-11-11,Bucuresti,14.6,7.7,3.7,0.0
2023-11-12,Bucuresti,12.8,5.2,0.0,0.0
2023-11-13,Bucuresti,12.0,0.9,0.0,0.0
2023-11-14,Bucuresti,16.2,4.2,0.3,0.0
2023-11-15,Bucuresti,13.6,8.9,0.6,0.0
2023-11-16,Bucuresti,15.3,5.6,0.0,0.0
2023-11-17,Bucuresti,10.4,1.9,0.2,0.0
2023-11-18,Bucuresti,7.9,2.2,13.3,0.0
2023-11-19,Bucuresti,9.8,1.0,1.5,0.0
2023-11-20,Bucuresti,11.1,-2.7,0.0,0.0
2023-11-21,Bucuresti,13.4,3.5,0.0,0.0
2023-11-22,Bucuresti,8.6,5.4,8.4,0.0
2023-11-23,Bucuresti,7.1,1.1,0.0,0.0
2023-11-24,Bucuresti,12.6,3.4,2.5,0.0
2023-11-25,Bucuresti,8.0,1.8,29.7,0.0
2023-11-26,Bucuresti,4.8,0.4,13.5,0.0
2023-11-27,Bucuresti,5.2,-1.6,0.0,0.0
2023-11-28,Bucuresti,6.3,-2.0,5.0,0.0
2023-11-29,Bucuresti,8.6,0.6,0.7,0.0
2023-11-30,Bucuresti,4.7,-3.6,0.0,0.0
2023-12-01,Bucuresti,10.4,-1.6,0.0,0.0
2023-12-02,Bucuresti,14.4,3.0,0.0,0.0
2023-12-03,Bucuresti,12.9,3.4,7.4,0.0
2023-12-04,Bucuresti,4.2,-1.7,0.0,0.0
2023-12-05,Bucuresti,3.3,-2.7,0.3,0.0
2023-12-06,Bucuresti,8.1,3.1,3.5,0.0
2023-12-07,Bucuresti,3.8,-0.4,15.4,0.0
2023-12-08,Bucuresti,2.6,-0.6,0.3,0.0
2023-12-09,Bucuresti,3.8,-1.0,0.0,0.0
2023-12-10,Bucuresti,3.8,-1.9,0.0,0.0
2023-12-11,Bucuresti,3.7,-2.2,0.0,0.0
2023-12-12,Bucuresti,8.4,-1.5,0.1,0.0
2023-12-13,Bucuresti,7.4,-0.9,0.5,0.0
2023-12-14,Bucuresti,11.1,1.2,0.8,0.0
2023-12-15,Bucuresti,6.3,3.2,4.4,0.0
2023-12-16,Bucuresti,4.8,-0.7,0.2,0.0
2023-12-17,Bucuresti,5.3,-1.5,0.0,0.0
2023-12-18,Bucuresti,7.6,-0.8,0.0,0.0
2023-12-19,Bucuresti,8.9,-1.8,0.0,0.0
2023-12-20,Bucuresti,8.9,-0.6,0.1,0.0
2023-12-21,Bucuresti,7.6,-1.2,0.0,0.0
2023-12-22,Bucuresti,8.4,-0.6,0.0,0.0
2023-12-23,Bucuresti,7.3,3.0,0.4,0.0
2023-12-24,Bucuresti,10.1,-1.5,0.0,0.0
2023-12-25,Bucuresti,16.5,5.4,0.0,0.0
2023-12-26,Bucuresti,14.9,7.2,0.0,0.0
2023-12-27,Bucuresti,14.1,4.3,0.0,0.0
2023-12-28,Bucuresti,9.9,-0.3,0.0,0.0
2023-12-29,Bucuresti,10.8,2.0,0.0,0.0
2023-12-30,Bucuresti,10.1,1.4,0.0,0.0
2023-12-31,Bucuresti,11.1,0.3,0.0,0.0
2024-01-01,Bucuresti,10.4,-1.6,0.0,0.0
2024-01-02,Bucuresti,9.1,2.0,0.1,0.0
2024-01-03,Bucuresti,8.6,0.7,0.9,0.0
2024-01-04,Bucuresti,12.4,5.2,0.0,0.0
2024-01-05,Bucuresti,13.6,5.7,0.0,0.0
2024-01-06,Bucuresti,11.8,1.2,0.0,0.0
2024-01-07,Bucuresti,9.6,4.4,12.0,0.0
2024-01-08,Bucuresti,4.1,-4.9,2.2,0.0
2024-01-09,Bucuresti,-3.5,-5.4,1.2,0.0
2024-01-10,Bucuresti,1.6,-6.3,0.0,0.0
2024-01-11,Bucuresti,3.2,-6.4,0.0,0.0
2024-01-12,Bucuresti,1.8,-5.3,1.3,0.0
2024-01-13,Bucuresti,2.4,-4.3,0.0,0.0
2024-01-14,Bucuresti,5.0,-5.2,0.0,0.0
2024-01-15,Bucuresti,7.7,-3.0,0.0,0.0
2024-01-16,Bucuresti,7.5,-3.0,0.0,0.0
2024-01-17,Bucuresti,5.7,-5.2,0.0,0.0
2024-01-18,Bucuresti,9.6,-1.4,0.0,0.0
2024-01-19,Bucuresti,13.1,3.0,6.1,0.0
2024-01-20,Bucuresti,3.3,-4.1,15.0,0.0
2024-01-21,Bucuresti,-2.0,-7.7,0.0,0.0
2024-01-22,Bucuresti,-3.5,-6.6,0.0,0.0
2024-01-23,Bucuresti,-3.5,-6.9,0.0,0.0
2024-01-24,Bucuresti,0.6,-9.2,0.0,0.0
2024-01-25,Bucuresti,5.1,-4.2,0.0,0.0
2024-01-26,Bucuresti,8.8,-1.9,0.0,0.0
2024-01-27,Bucuresti,4.7,-3.1,1.3,0.0
2024-01-28,Bucuresti,3.8,-2.7,0.9,0.0
2024-01-29,Bucuresti,4.4,-4.0,0.0,0.0
2024-01-30,Bucuresti,4.2,-3.2,0.0,0.0
2024-01-31,Bucuresti,6.7,-3.3,0.0,0.0
2024-02-01,Bucuresti,7.5,-3.5,0.0,0.0
2024-02-02,Bucuresti,6.2,-3.1,0.3,0.0
2024-02-03,Bucuresti,8.1,-1.4,0.0,0.0
2024-02-04,Bucuresti,11.9,0.2,0.0,0.0
2024-02-05,Bucuresti,17.8,5.4,0.0,0.0
2024-02-06,Bucuresti,18.8,8.6,0.0,0.0
2024-02-07,Bucuresti,17.4,6.2,0.0,0.0
2024-02-08,Bucuresti,16.5,6.9,0.0,0.0
2024-02-09,Bucuresti,16.3,5.6,0.0,0.0
2024-02-10,Bucuresti,16.4,5.4,0.0,0.0
2024-02-11,Bucuresti,18.6,7.4,0.0,0.0
2024-02-12,Bucuresti,16.4,7.7,4.5,0.0
2024-02-13,Bucuresti,11.6,5.5,3.3,0.0
2024-02-14,Bucuresti,10.5,3.8,0.7,0.0
2024-02-15,Bucuresti,11.2,1.6,0.0,0.0
2024-02-16,Bucuresti,10.9,2.2,0.0,0.0
2024-02-17,Bucuresti,8.6,1.2,0.0,0.0
2024-02-18,Bucuresti,9.1,0.6,0.2,0.0
2024-02-19,Bucuresti,8.3,2.5,0.0,0.0
2024-02-20,Bucuresti,11.4,-1.5,0.0,0.0
2024-02-21,Bucuresti,10.6,2.2,9.3,0.0
2024-02-22,Bucuresti,11.9,1.5,0.0,0.0
2024-02-23,Bucuresti,16.1,3.5,0.0,0.0
2024-02-24,Bucuresti,19.6,3.8,0.0,0.0
2024-02-25,Bucuresti,13.1,5.9,0.2,0.0
2024-02-26,Bucuresti,17.0,6.1,0.0,0.0
2024-02-27,Bucuresti,13.4,3.4,0.0,0.0
2024-02-28,Bucuresti,11.9,2.3,0.0,0.0
2024-02-29,Bucuresti,14.9,4.1,0.0,0.0
2024-03-01,Bucuresti,11.0,4.2,0.0,0.0
2024-03-02,Bucuresti,11.6,5.8,0.0,0.0
2024-03-03,Bucuresti,11.6,2.0,0.0,0.0
2024-03-04,Bucuresti,14.6,2.2,0.0,0.0
2024-03-05,Bucuresti,11.1,4.2,0.0,0.0
2024-03-06,Bucuresti,9.5,3.5,0.0,0.0
2024-03-07,Bucuresti,9.8,3.5,0.0,0.0
2024-03-08,Bucuresti,7.3,1.9,1.5,0.0
2024-03-09,Bucuresti,11.1,0.8,0.0,0.0
2024-03-10,Bucuresti,14.5,-1.0,0.0,0.0
2024-03-11,Bucuresti,15.1,4.1,0.6,0.0
2024-03-12,Bucuresti,12.1,5.6,2.5,0.0
2024-03-13,Bucuresti,10.4,6.4,15.7,0.0
2024-03-14,Bucuresti,8.2,4.3,4.0,0.0
2024-03-15,Bucuresti,8.6,3.7,2.0,0.0
2024-03-16,Bucuresti,12.7,2.2,0.0,0.0
2024-03-17,Bucuresti,15.6,1.2,0.0,0.0
2024-03-18,Bucuresti,12.8,4.8,0.2,0.0
2024-03-19,Bucuresti,5.8,-0.3,1.0,0.0
2024-03-20,Bucuresti,11.2,-1.6,0.1,0.0
2024-03-21,Bucuresti,9.9,0.8,17.6,0.0
2024-03-22,Bucuresti,11.9,0.8,0.0,0.0
2024-03-23,Bucuresti,16.9,2.8,0.0,0.0
2024-03-24,Bucuresti,19.6,4.2,3.1,0.0
2024-03-25,Bucuresti,11.1,4.4,17.4,0.0
2024-03-26,Bucuresti,14.7,1.6,0.0,0.0
2024-03-27,Bucuresti,16.1,5.8,0.3,0.0
2024-03-28,Bucuresti,19.5,6.8,0.0,0.0
2024-03-29,Bucuresti,22.2,9.1,0.0,0.0
2024-03-30,Bucuresti,24.1,9.2,0.0,0.0
2024-03-31,Bucuresti,25.8,9.1,0.0,0.0
2024-04-01,Bucuresti,26.6,10.0,0.0,0.0
2024-04-02,Bucuresti,21.4,11.6,0.0,0.0
2024-04-03,Bucuresti,19.6,7.4,0.0,0.0
2024-04-04,Bucuresti,20.2,9.2,0.0,0.0
2024-04-05,Bucuresti,20.9,7.8,0.0,0.0
2024-04-06,Bucuresti,22.1,9.1,1.1,0.0
2024-04-07,Bucuresti,20.9,11.4,1.5,0.0
2024-04-08,Bucuresti,21.4,8.5,0.0,0.0
2024-04-09,Bucuresti,22.3,9.4,0.0,0.0
2024-04-10,Bucuresti,22.2,7.2,0.0,0.0
2024-04-11,Bucuresti,25.5,8.1,0.0,0.0
2024-04-12,Bucuresti,24.0,13.1,0.0,0.0
2024-04-13,Bucuresti,23.8,13.1,0.1,0.0
2024-04-14,Bucuresti,25.3,11.4,0.0,0.0
2024-04-15,Bucuresti,27.7,12.4,0.0,0.0
2024-04-16,Bucuresti,27.2,16.4,0.0,0.0
2024-04-17,Bucuresti,19.6,9.8,23.8,0.0
2024-04-18,Bucuresti,15.1,7.7,6.9,0.0
2024-04-19,Bucuresti,14.4,4.9,0.6,0.0
2024-04-20,Bucuresti,15.4,5.2,0.8,0.0
2024-04-21,Bucuresti,17.5,6.9,0.6,0.0
2024-04-22,Bucuresti,13.9,8.3,11.8,0.0
2024-04-23,Bucuresti,13.4,6.6,11.5,0.0
2024-04-24,Bucuresti,19.3,8.9,0.8,0.0
2024-04-25,Bucuresti,17.0,9.9,9.7,0.0
2024-04-26,Bucuresti,16.9,7.8,1.5,0.0
2024-04-27,Bucuresti,19.8,7.8,0.1,0.0
2024-04-28,Bucuresti,21.5,9.1,0.0,0.0
2024-04-29,Bucuresti,21.2,10.1,3.5,0.0
2024-04-30,Bucuresti,19.7,12.5,10.3,0.0
2024-05-01,Bucuresti,20.3,11.2,0.0,0.0
2024-05-02,Bucuresti,17.5,11.3,2.3,0.0
2024-05-03,Bucuresti,18.1,11.9,4.7,0.0
2024-05-04,Bucuresti,21.1,10.4,0.3,0.0
2024-05-05,Bucuresti,20.6,7.0,0.0,0.0
2024-05-06,Bucuresti,24.5,9.7,0.0,0.0
2024-05-07,Bucuresti,26.2,12.6,0.4,0.0
2024-05-08,Bucuresti,21.3,14.3,1.5,0.0
2024-05-09,Bucuresti,16.8,12.1,2.0,0.0
2024-05-10,Bucuresti,20.0,9.6,0.0,0.0
2024-05-11,Bucuresti,21.2,8.1,0.0,0.0
2024-05-12,Bucuresti,18.4,10.9,2.1,0.0
2024-05-13,Bucuresti,17.2,8.4,0.0,0.0
2024-05-14,Bucuresti,18.3,7.7,1.1,0.0
2024-05-15,Bucuresti,18.1,8.2,0.0,0.0
2024-05-16,Bucuresti,19.1,7.6,0.0,0.0
2024-05-17,Bucuresti,17.5,11.1,0.4,0.0
2024-05-18,Bucuresti,21.0,9.9,0.0,0.0
2024-05-19,Bucuresti,19.7,11.5,0.6,0.0
2024-05-20,Bucuresti,21.6,11.1,0.2,0.0
2024-05-21,Bucuresti,24.6,10.9,0.0,0.0
2024-05-22,Bucuresti,23.4,12.8,0.5,0.0
2024-05-23,Bucuresti,22.9,13.4,1.6,0.0
2024-05-24,Bucuresti,27.0,12.6,0.0,0.0
2024-05-25,Bucuresti,26.3,15.4,0.0,0.0
2024-05-26,Bucuresti,25.2,13.0,0.0,0.0
2024-05-27,Bucuresti,21.3,11.0,0.6,0.0
2024-05-28,Bucuresti,20.5,12.8,8.8,0.0
2024-05-29,Bucuresti,20.6,12.2,7.6,0.0
2024-05-30,Bucuresti,23.4,13.0,0.6,0.0
2024-05-31,Bucuresti,27.8,14.6,0.2,0.0
2024-06-01,Bucuresti,30.0,16.8,0.0,0.0
2024-06-02,Bucuresti,30.7,19.2,0.0,0.0
2024-06-03,Bucuresti,31.9,16.5,2.2,0.0
2024-06-04,Bucuresti,28.7,18.2,0.4,0.0
2024-06-05,Bucuresti,30.1,17.7,0.0,0.0
2024-06-06,Bucuresti,29.3,17.9,0.1,0.0
2024-06-07,Bucuresti,30.9,17.4,0.0,0.0
2024-06-08,Bucuresti,30.5,19.6,2.0,0.0
2024-06-09,Bucuresti,33.4,18.1,0.0,0.0
2024-06-10,Bucuresti,34.5,20.5,0.0,0.0
2024-06-11,Bucuresti,34.5,20.0,0.0,0.0
2024-06-12,Bucuresti,31.1,19.7,0.0,0.0
2024-06-13,Bucuresti,32.2,19.6,5.4,0.0
2024-06-14,Bucuresti,25.5,17.3,7.2,0.0
2024-06-15,Bucuresti,26.6,15.8,0.6,0.0
2024-06-16,Bucuresti,29.4,17.0,0.0,0.0
2024-06-17,Bucuresti,31.6,17.9,0.0,0.0
2024-06-18,Bucuresti,32.2,21.9,0.2,0.0
2024-06-19,Bucuresti,33.8,20.7,0.0,0.0
2024-06-20,Bucuresti,36.1,20.5,0.0,0.0
2024-06-21,Bucuresti,30.9,20.7,0.0,0.0
2024-06-22,Bucuresti,32.0,19.7,0.0,0.0
2024-06-23,Bucuresti,32.9,18.5,0.0,0.0
2024-06-24,Bucuresti,32.6,21.2,0.2,0.0
2024-06-25,Bucuresti,31.4,20.5,0.1,0.0
2024-06-26,Bucuresti,32.0,20.8,0.0,0.0
2024-06-27,Bucuresti,30.5,20.3,0.0,0.0
2024-06-28,Bucuresti,30.7,17.2,0.0,0.0
2024-06-29,Bucuresti,32.3,19.8,0.0,0.0
2024-06-30,Bucuresti,33.7,19.2,0.0,0.0
2024-07-01,Bucuresti,34.5,20.7,0.0,0.0
2024-07-02,Bucuresti,35.8,20.8,0.0,0.0
2024-07-03,Bucuresti,26.7,19.5,9.0,0.0
2024-07-04,Bucuresti,26.6,17.3,0.0,0.0
2024-07-05,Bucuresti,30.0,18.0,0.0,0.0
2024-07-06,Bucuresti,31.9,20.4,0.0,0.0
2024-07-07,Bucuresti,33.3,19.6,0.0,0.0
2024-07-08,Bucuresti,34.2,19.8,0.0,0.0
2024-07-09,Bucuresti,35.8,21.4,0.0,0.0
2024-07-10,Bucuresti,36.2,24.1,0.0,0.0
2024-07-11,Bucuresti,36.7,23.9,0.0,0.0
2024-07-12,Bucuresti,38.0,20.9,0.0,0.0
2024-07-13,Bucuresti,37.8,23.5,0.0,0.0
2024-07-14,Bucuresti,38.0,23.4,0.0,0.0
2024-07-15,Bucuresti,38.2,22.2,0.0,0.0
2024-07-16,Bucuresti,38.7,25.2,0.2,0.0
2024-07-17,Bucuresti,38.8,23.6,0.0,0.0
2024-07-18,Bucuresti,37.2,26.1,0.6,0.0
2024-07-19,Bucuresti,34.6,24.0,8.4,0.0
2024-07-20,Bucuresti,34.3,24.1,0.0,0.0
2024-07-21,Bucuresti,30.6,21.9,7.2,0.0
2024-07-22,Bucuresti,30.2,20.4,0.3,0.0
2024-07-23,Bucuresti,31.0,21.0,1.7,0.0
2024-07-24,Bucuresti,31.5,22.3,0.5,0.0
2024-07-25,Bucuresti,27.8,19.9,1.7,0.0
2024-07-26,Bucuresti,28.8,17.5,1.7,0.0
2024-07-27,Bucuresti,30.6,18.4,0.0,0.0
2024-07-28,Bucuresti,33.9,20.0,0.0,0.0
2024-07-29,Bucuresti,33.0,21.0,0.0,0.0
2024-07-30,Bucuresti,31.2,21.9,0.0,0.0
2024-07-31,Bucuresti,30.8,20.0,0.0,0.0
2024-08-01,Bucuresti,34.0,19.2,0.0,0.0
2024-08-02,Bucuresti,35.7,20.4,0.0,0.0
2024-08-03,Bucuresti,35.1,23.0,0.2,0.0
2024-08-04,Bucuresti,27.7,21.6,2.3,0.0
2024-08-05,Bucuresti,29.5,20.0,0.0,0.0
2024-08-06,Bucuresti,27.1,18.1,4.0,0.0
2024-08-07,Bucuresti,28.4,15.9,0.0,0.0
2024-08-08,Bucuresti,31.5,18.2,0.0,0.0
2024-08-09,Bucuresti,33.8,19.7,2.0,0.0
2024-08-10,Bucuresti,30.1,19.1,1.9,0.0
2024-08-11,Bucuresti,33.0,20.2,0.0,0.0
2024-08-12,Bucuresti,33.8,21.5,0.0,0.0
2024-08-13,Bucuresti,35.7,21.2,0.0,0.0
2024-08-14,Bucuresti,35.5,23.2,0.0,0.0
2024-08-15,Bucuresti,36.0,22.2,0.0,0.0
2024-08-16,Bucuresti,35.5,22.0,0.0,0.0
2024-08-17,Bucuresti,35.1,21.6,0.6,0.0
2024-08-18,Bucuresti,33.3,21.3,0.0,0.0
2024-08-19,Bucuresti,33.7,20.3,0.0,0.0
2024-08-20,Bucuresti,34.5,21.1,0.0,0.0
2024-08-21,Bucuresti,34.2,20.2,0.0,0.0
2024-08-22,Bucuresti,34.9,20.9,0.0,0.0
2024-08-23,Bucuresti,32.7,22.8,0.0,0.0
2024-08-24,Bucuresti,33.5,22.4,0.0,0.0
2024-08-25,Bucuresti,35.0,21.1,0.0,0.0
2024-08-26,Bucuresti,35.2,22.1,0.0,0.0
2024-08-27,Bucuresti,32.6,21.3,0.0,0.0
2024-08-28,Bucuresti,28.5,18.9,8.1,0.0
2024-08-29,Bucuresti,27.0,20.5,3.6,0.0
2024-08-30,Bucuresti,28.6,18.1,4.0,0.0
2024-08-31,Bucuresti,30.4,19.5,0.7,0.0
2024-09-01,Bucuresti,30.5,19.5,0.3,0.0
2024-09-02,Bucuresti,31.2,17.8,0.4,0.0
2024-09-03,Bucuresti,33.9,18.9,0.0,0.0
2024-09-04,Bucuresti,30.2,20.3,0.0,0.0
2024-09-05,Bucuresti,30.5,16.6,0.0,0.0
2024-09-06,Bucuresti,28.4,16.1,0.0,0.0
2024-09-07,Bucuresti,28.4,18.8,0.0,0.0
2024-09-08,Bucuresti,28.0,15.9,0.0,0.0
2024-09-09,Bucuresti,28.5,13.8,0.0,0.0
2024-09-10,Bucuresti,28.6,18.7,2.2,0.0
2024-09-11,Bucuresti,21.6,17.8,36.0,0.0
2024-09-12,Bucuresti,25.9,17.0,2.4,0.0
2024-09-13,Bucuresti,28.5,15.1,0.9,0.0
2024-09-14,Bucuresti,22.7,13.9,4.6,0.0
2024-09-15,Bucuresti,20.4,10.2,0.0,0.0
2024-09-16,Bucuresti,20.4,12.1,0.0,0.0
2024-09-17,Bucuresti,22.5,10.2,0.0,0.0
2024-09-18,Bucuresti,23.6,14.4,0.5,0.0
2024-09-19,Bucuresti,19.6,11.4,0.6,0.0
2024-09-20,Bucuresti,22.4,13.4,0.0,0.0
2024-09-21,Bucuresti,24.5,11.6,0.0,0.0
2024-09-22,Bucuresti,24.8,13.5,0.0,0.0
2024-09-23,Bucuresti,26.0,12.8,0.0,0.0
2024-09-24,Bucuresti,27.0,11.9,0.0,0.0
2024-09-25,Bucuresti,27.2,14.4,0.1,0.0
2024-09-26,Bucuresti,27.6,16.6,0.3,0.0
2024-09-27,Bucuresti,30.3,15.2,0.0,0.0
2024-09-28,Bucuresti,29.2,15.6,0.0,0.0
2024-09-29,Bucuresti,22.0,13.9,32.6,0.0
2024-09-30,Bucuresti,16.4,11.9,2.6,0.0
2024-10-01,Bucuresti,19.6,11.1,0.3,0.0
2024-10-02,Bucuresti,19.5,8.4,0.0,0.0
2024-10-03,Bucuresti,24.0,9.1,0.0,0.0
2024-10-04,Bucuresti,25.8,13.1,0.0,0.0
2024-10-05,Bucuresti,26.4,16.1,1.2,0.0
2024-10-06,Bucuresti,21.2,14.6,5.7,0.0
2024-10-07,Bucuresti,20.6,10.6,0.2,0.0
2024-10-08,Bucuresti,21.8,9.8,0.0,0.0
2024-10-09,Bucuresti,23.3,9.1,0.0,0.0
2024-10-10,Bucuresti,25.6,13.3,0.0,0.0
2024-10-11,Bucuresti,27.2,13.4,0.1,0.0
2024-10-12,Bucuresti,18.5,13.4,1.6,0.0
2024-10-13,Bucuresti,19.8,10.9,0.2,0.0
2024-10-14,Bucuresti,22.9,11.2,0.0,0.0
2024-10-15,Bucuresti,19.6,8.0,0.0,0.0
2024-10-16,Bucuresti,16.5,10.1,0.0,0.0
2024-10-17,Bucuresti,14.3,6.1,0.0,0.0
2024-10-18,Bucuresti,13.2,2.8,0.0,0.0
2024-10-19,Bucuresti,13.7,3.3,0.0,0.0
2024-10-20,Bucuresti,13.4,2.2,0.0,0.0
2024-10-21,Bucuresti,15.1,1.5,0.0,0.0
2024-10-22,Bucuresti,17.5,2.2,0.0,0.0
2024-10-23,Bucuresti,19.5,3.4,0.0,0.0
2024-10-24,Bucuresti,17.1,7.8,0.0,0.0
2024-10-25,Bucuresti,16.3,4.0,0.0,0.0
2024-10-26,Bucuresti,18.3,3.5,0.0,0.0
2024-10-27,Bucuresti,19.1,2.5,0.0,0.0
2024-10-28,Bucuresti,21.0,8.4,0.0,0.0
2024-10-29,Bucuresti,19.1,9.2,0.0,0.0
2024-10-30,Bucuresti,18.5,5.8,0.0,0.0
2024-10-31,Bucuresti,20.6,8.1,0.0,0.0
2024-11-01,Bucuresti,20.0,8.6,0.0,0.0
2024-11-02,Bucuresti,20.0,8.1,0.0,0.0
2024-11-03,Bucuresti,11.9,4.7,0.0,0.0
2024-11-04,Bucuresti,14.6,2.6,0.0,0.0
2024-11-05,Bucuresti,10.2,1.5,0.0,0.0
2024-11-06,Bucuresti,12.1,-1.9,0.0,0.0
2024-11-07,Bucuresti,14.1,-3.0,0.0,0.0
2024-11-08,Bucuresti,14.9,-1.6,0.0,0.0
2024-11-09,Bucuresti,9.0,3.2,0.0,0.0
2024-11-10,Bucuresti,6.9,3.7,15.9,0.0
2024-11-11,Bucuresti,6.6,3.0,6.1,0.0
2024-11-12,Bucuresti,3.9,1.4,10.1,0.0
2024-11-13,Bucuresti,5.2,2.5,2.5,0.0
2024-11-14,Bucuresti,6.4,2.7,2.0,0.0
2024-11-15,Bucuresti,7.4,1.6,0.0,0.0
2024-11-16,Bucuresti,7.9,-0.9,0.0,0.0
2024-11-17,Bucuresti,8.0,-0.7,0.0,0.0
2024-11-18,Bucuresti,7.8,-0.6,0.0,0.0
2024-11-19,Bucuresti,8.6,-0.9,0.0,0.0
2024-11-20,Bucuresti,13.4,-0.2,0.0,0.0
2024-11-21,Bucuresti,10.6,0.8,4.7,0.0
2024-11-22,Bucuresti,9.4,-0.8,3.1,0.0
2024-11-23,Bucuresti,6.4,-0.4,0.5,0.0
2024-11-24,Bucuresti,5.7,-2.5,0.0,0.0
2024-11-25,Bucuresti,6.8,-0.2,0.0,0.0
2024-11-26,Bucuresti,8.1,-0.9,0.0,0.0
2024-11-27,Bucuresti,7.2,-1.2,0.0,0.0
2024-11-28,Bucuresti,7.7,0.6,0.6,0.0
2024-11-29,Bucuresti,7.3,1.0,10.0,0.0
2024-11-30,Bucuresti,8.1,4.2,7.6,0.0
2024-12-01,Bucuresti,6.2,3.5,0.0,0.0
2024-12-02,Bucuresti,5.9,3.0,0.2,0.0
2024-12-03,Bucuresti,6.7,2.0,0.0,0.0
2024-12-04,Bucuresti,5.7,2.5,0.1,0.0
2024-12-05,Bucuresti,4.7,1.5,0.1,0.0
2024-12-06,Bucuresti,3.5,1.4,2.5,0.0
2024-12-07,Bucuresti,6.8,2.9,17.0,0.0
2024-12-08,Bucuresti,6.9,3.2,3.1,0.0
2024-12-09,Bucuresti,9.9,3.5,6.2,0.0
2024-12-10,Bucuresti,5.9,2.8,2.2,0.0
2024-12-11,Bucuresti,7.2,3.0,0.3,0.0
2024-12-12,Bucuresti,6.9,0.3,0.0,0.0
2024-12-13,Bucuresti,6.1,-2.1,0.0,0.0
2024-12-14,Bucuresti,4.6,-1.8,0.0,0.0
2024-12-15,Bucuresti,8.8,1.2,0.1,0.0
2024-12-16,Bucuresti,7.0,-0.3,0.0,0.0
2024-12-17,Bucuresti,14.4,4.3,0.0,0.0
2024-12-18,Bucuresti,10.4,2.3,0.0,0.0
2024-12-19,Bucuresti,10.5,0.4,0.0,0.0
2024-12-20,Bucuresti,9.2,0.1,0.0,0.0
2024-12-21,Bucuresti,6.0,3.3,4.8,0.0
2024-12-22,Bucuresti,5.1,-0.1,0.9,0.0
2024-12-23,Bucuresti,5.6,-2.1,0.0,0.0
2024-12-24,Bucuresti,8.1,3.2,29.7,0.0
2024-12-25,Bucuresti,6.3,3.6,10.4,0.0
2024-12-26,Bucuresti,4.1,-0.9,2.2,0.0
2024-12-27,Bucuresti,1.8,-1.6,4.0,0.0
2024-12-28,Bucuresti,4.4,1.1,0.1,0.0
2024-12-29,Bucuresti,6.1,0.2,0.1,0.0
2024-12-30,Bucuresti,5.7,-0.9,0.0,0.0
2024-12-31,Bucuresti,6.6,-1.2,0.0,0.0
2025-01-01,Bucuresti,8.3,-0.6,0.0,0.0
2025-01-02,Bucuresti,9.8,0.8,0.0,0.0
2025-01-03,Bucuresti,8.4,1.5,0.3,0.0
2025-01-04,Bucuresti,5.9,-1.8,4.1,0.0
2025-01-05,Bucuresti,3.0,-3.2,0.0,0.0
2025-01-06,Bucuresti,7.8,-0.8,0.0,0.0
2025-01-07,Bucuresti,12.9,1.8,0.0,0.0
2025-01-08,Bucuresti,14.3,3.0,0.0,0.0
2025-01-09,Bucuresti,15.4,4.8,0.0,0.0
2025-01-10,Bucuresti,13.0,3.3,1.7,0.0
2025-01-11,Bucuresti,5.9,0.0,0.8,0.0
2025-01-12,Bucuresti,2.7,-2.8,0.0,0.0
2025-01-13,Bucuresti,4.9,-3.0,0.0,0.0
2025-01-14,Bucuresti,2.2,-3.0,0.0,0.0
2025-01-15,Bucuresti,3.0,-3.8,0.0,0.0
2025-01-16,Bucuresti,4.7,-4.3,0.0,0.0
2025-01-17,Bucuresti,5.8,-2.8,0.0,0.0
2025-01-18,Bucuresti,5.7,-2.5,0.0,0.0
2025-01-19,Bucuresti,6.3,-1.8,0.0,0.0
2025-01-20,Bucuresti,7.9,-2.2,0.0,0.0
2025-01-21,Bucuresti,7.1,-0.3,2.0,0.0
2025-01-22,Bucuresti,7.0,-0.2,0.0,0.0
2025-01-23,Bucuresti,10.9,-0.6,0.0,0.0
2025-01-24,Bucuresti,12.6,2.8,1.1,0.0
2025-01-25,Bucuresti,9.6,1.9,0.9,0.0
2025-01-26,Bucuresti,10.1,-0.1,0.0,0.0
2025-01-27,Bucuresti,10.6,1.4,0.0,0.0
2025-01-28,Bucuresti,15.4,0.9,0.0,0.0
2025-01-29,Bucuresti,16.4,3.1,0.0,0.0
2025-01-30,Bucuresti,13.9,5.2,0.0,0.0
2025-01-31,Bucuresti,10.3,5.7,0.0,0.0
2025-02-01,Bucuresti,10.8,3.7,0.0,0.0
2025-02-02,Bucuresti,7.8,1.9,0.0,0.0
2025-02-03,Bucuresti,4.2,0.2,0.2,0.0
2025-02-04,Bucuresti,3.7,-2.3,0.0,0.0
2025-02-05,Bucuresti,6.0,-1.2,0.0,0.0
2025-02-06,Bucuresti,1.7,-1.8,0.0,0.0
2025-02-07,Bucuresti,3.0,-2.4,0.0,0.0
2025-02-08,Bucuresti,0.9,-3.7,0.0,0.0
2025-02-09,Bucuresti,1.3,-5.1,0.0,0.0
2025-02-10,Bucuresti,1.8,-7.2,0.0,0.0
2025-02-11,Bucuresti,1.4,-7.8,0.0,0.0
2025-02-12,Bucuresti,0.9,-4.4,0.0,0.0
2025-02-13,Bucuresti,5.0,-6.9,0.0,0.0
2025-02-14,Bucuresti,10.3,-0.4,0.0,0.0
2025-02-15,Bucuresti,2.7,-2.2,0.8,0.0
2025-02-16,Bucuresti,-1.9,-3.3,5.5,0.0
2025-02-17,Bucuresti,-2.5,-4.2,13.7,0.0
2025-02-18,Bucuresti,-3.2,-4.5,13.0,0.0
2025-02-19,Bucuresti,-2.0,-9.6,4.9,0.0
2025-02-20,Bucuresti,-4.0,-10.3,0.0,0.0
2025-02-21,Bucuresti,-2.5,-9.9,0.0,0.0
2025-02-22,Bucuresti,-6.2,-15.2,0.0,0.0
2025-02-23,Bucuresti,-4.8,-16.8,0.0,0.0
2025-02-24,Bucuresti,-2.7,-15.2,0.0,0.0
2025-02-25,Bucuresti,0.9,-10.9,0.0,0.0
2025-02-26,Bucuresti,1.5,-10.8,0.0,0.0
2025-02-27,Bucuresti,3.0,-2.8,0.0,0.0
2025-02-28,Bucuresti,3.7,1.8,1.0,0.0
2025-03-01,Bucuresti,5.3,0.2,2.6,0.0
2025-03-02,Bucuresti,8.6,-0.9,8.4,0.0
2025-03-03,Bucuresti,8.1,-2.8,0.1,0.0
2025-03-04,Bucuresti,11.0,-1.6,0.0,0.0
2025-03-05,Bucuresti,15.4,-1.0,0.0,0.0
2025-03-06,Bucuresti,17.9,0.6,0.0,0.0
2025-03-07,Bucuresti,18.3,0.8,0.0,0.0
2025-03-08,Bucuresti,17.3,1.6,0.0,0.0
2025-03-09,Bucuresti,16.9,2.0,0.0,0.0
2025-03-10,Bucuresti,19.4,0.8,0.0,0.0
2025-03-11,Bucuresti,20.5,6.3,0.0,0.0
2025-03-12,Bucuresti,20.6,8.9,0.1,0.0
2025-03-13,Bucuresti,22.5,11.6,2.3,0.0
2025-03-14,Bucuresti,20.9,10.9,0.2,0.0
2025-03-15,Bucuresti,23.9,8.6,0.0,0.0
2025-03-16,Bucuresti,15.4,7.6,0.0,0.0
2025-03-17,Bucuresti,9.2,3.3,6.3,0.0
2025-03-18,Bucuresti,6.0,-1.4,2.4,0.0
2025-03-19,Bucuresti,8.9,-3.0,0.0,0.0
2025-03-20,Bucuresti,12.1,-1.9,0.0,0.0
2025-03-21,Bucuresti,14.4,1.3,0.0,0.0
2025-03-22,Bucuresti,16.0,1.0,0.0,0.0
2025-03-23,Bucuresti,15.1,6.0,0.6,0.0
2025-03-24,Bucuresti,18.3,5.9,0.1,0.0
2025-03-25,Bucuresti,21.9,10.8,0.1,0.0
2025-03-26,Bucuresti,17.6,11.1,3.9,0.0
2025-03-27,Bucuresti,15.5,9.8,3.3,0.0
2025-03-28,Bucuresti,13.5,8.9,4.0,0.0
2025-03-29,Bucuresti,11.4,8.9,2.3,0.0
2025-03-30,Bucuresti,15.5,9.4,0.1,0.0
2025-03-31,Bucuresti,17.1,7.0,0.4,0.0
2025-04-01,Bucuresti,16.5,8.5,0.6,0.0
2025-04-02,Bucuresti,16.2,9.7,4.5,0.0
2025-04-03,Bucuresti,15.8,8.1,1.7,0.0
2025-04-04,Bucuresti,14.6,7.8,1.0,0.0
2025-04-05,Bucuresti,18.8,9.1,0.9,0.0
2025-04-06,Bucuresti,11.4,1.9,11.8,0.0
2025-04-07,Bucuresti,6.6,0.1,3.0,0.0
2025-04-08,Bucuresti,9.2,-1.2,0.1,0.0
2025-04-09,Bucuresti,10.8,-0.6,0.2,0.0
2025-04-10,Bucuresti,13.4,-0.1,5.5,0.0
2025-04-11,Bucuresti,10.7,-1.0,0.0,0.0
2025-04-12,Bucuresti,11.4,2.8,0.0,0.0
2025-04-13,Bucuresti,17.5,4.9,0.0,0.0
2025-04-14,Bucuresti,15.2,5.3,0.0,0.0
2025-04-15,Bucuresti,13.7,7.1,0.1,0.0
2025-04-16,Bucuresti,20.8,6.6,0.0,0.0
2025-04-17,Bucuresti,21.8,8.1,0.0,0.0
2025-04-18,Bucuresti,20.0,9.1,0.0,0.0
2025-04-19,Bucuresti,18.8,7.7,0.0,0.0
2025-04-20,Bucuresti,23.0,8.6,0.0,0.0
2025-04-21,Bucuresti,25.0,11.6,0.2,0.0
2025-04-22,Bucuresti,24.9,11.8,1.1,0.0
2025-04-23,Bucuresti,24.4,12.5,0.0,0.0
2025-04-24,Bucuresti,23.1,10.7,0.4,0.0
2025-04-25,Bucuresti,26.4,11.4,0.0,0.0
2025-04-26,Bucuresti,22.3,13.3,15.5,0.0
2025-04-27,Bucuresti,15.4,10.4,0.0,0.0
2025-04-28,Bucuresti,17.5,5.1,0.0,0.0
2025-04-29,Bucuresti,19.0,4.8,0.0,0.0
2025-04-30,Bucuresti,23.9,7.4,0.0,0.0
2025-05-01,Bucuresti,25.2,11.1,2.2,0.0
2025-05-02,Bucuresti,22.9,14.1,0.0,0.0
2025-05-03,Bucuresti,27.4,10.7,0.0,0.0
2025-05-04,Bucuresti,29.5,13.8,0.0,0.0
2025-05-05,Bucuresti,29.5,15.6,1.1,0.0
2025-05-06,Bucuresti,26.1,13.4,1.9,0.0
2025-05-07,Bucuresti,23.1,13.9,2.1,0.0
2025-05-08,Bucuresti,18.9,12.4,2.5,0.0
2025-05-09,Bucuresti,20.0,10.7,1.1,0.0
2025-05-10,Bucuresti,12.7,8.8,0.5,0.0
2025-05-11,Bucuresti,18.6,7.3,0.1,0.0
2025-05-12,Bucuresti,14.3,6.1,0.2,0.0
2025-05-13,Bucuresti,15.6,7.1,0.8,0.0
2025-05-14,Bucuresti,18.5,7.8,0.3,0.0
2025-05-15,Bucuresti,22.8,8.1,0.0,0.0
2025-05-16,Bucuresti,17.9,11.3,8.4,0.0
2025-05-17,Bucuresti,15.6,9.6,7.1,0.0
2025-05-18,Bucuresti,19.9,7.7,0.0,0.0
2025-05-19,Bucuresti,21.8,10.4,0.3,0.0
2025-05-20,Bucuresti,21.0,8.4,0.0,0.0
2025-05-21,Bucuresti,23.8,10.8,0.0,0.0
2025-05-22,Bucuresti,27.1,13.2,0.9,0.0
2025-05-23,Bucuresti,27.1,14.2,0.4,0.0
2025-05-24,Bucuresti,22.5,13.8,28.3,0.0
2025-05-25,Bucuresti,16.1,11.9,20.9,0.0
2025-05-26,Bucuresti,14.1,11.6,25.8,0.0
2025-05-27,Bucuresti,19.4,11.9,2.2,0.0
2025-05-28,Bucuresti,21.0,13.3,1.7,0.0
2025-05-29,Bucuresti,22.5,13.7,7.7,0.0
2025-05-30,Bucuresti,19.9,14.4,15.8,0.0
2025-05-31,Bucuresti,22.1,13.4,0.7,0.0
2025-06-01,Bucuresti,24.9,14.2,2.2,0.0
2025-06-02,Bucuresti,27.8,16.6,0.0,0.0
2025-06-03,Bucuresti,29.8,17.4,0.0,0.0
2025-06-04,Bucuresti,29.4,17.7,0.1,0.0
2025-06-05,Bucuresti,30.8,18.4,0.0,0.0
2025-06-06,Bucuresti,31.8,19.5,0.0,0.0
2025-06-07,Bucuresti,30.6,18.2,0.0,0.0
2025-06-08,Bucuresti,31.0,16.6,0.0,0.0
2025-06-09,Bucuresti,30.8,17.6,3.1,0.0
2025-06-10,Bucuresti,24.6,19.9,0.4,0.0
2025-06-11,Bucuresti,28.6,17.2,0.0,0.0
2025-06-12,Bucuresti,27.6,17.7,0.0,0.0
2025-06-13,Bucuresti,27.7,16.9,0.0,0.0
2025-06-14,Bucuresti,24.6,14.7,1.3,0.0
2025-06-15,Bucuresti,25.5,13.0,0.0,0.0
2025-06-16,Bucuresti,29.9,15.0,0.0,0.0
2025-06-17,Bucuresti,32.5,16.5,0.0,0.0
2025-06-18,Bucuresti,30.7,19.8,0.0,0.0
2025-06-19,Bucuresti,34.2,20.5,0.0,0.0
2025-06-20,Bucuresti,25.0,20.1,0.1,0.0
2025-06-21,Bucuresti,25.7,16.0,0.0,0.0
2025-06-22,Bucuresti,28.6,15.4,0.0,0.0
2025-06-23,Bucuresti,33.0,16.7,0.0,0.0
2025-06-24,Bucuresti,37.1,20.0,0.0,0.0
2025-06-25,Bucuresti,35.3,20.5,0.0,0.0
2025-06-26,Bucuresti,36.7,22.8,0.0,0.0
2025-06-27,Bucuresti,37.2,22.5,0.0,0.0
2025-06-28,Bucuresti,27.5,20.5,18.3,0.0
2025-06-29,Bucuresti,28.0,18.2,0.1,0.0
2025-06-30,Bucuresti,32.7,19.6,0.0,0.0
2025-07-01,Bucuresti,30.7,19.3,0.0,0.0
2025-07-02,Bucuresti,30.5,18.2,0.0,0.0
2025-07-03,Bucuresti,34.0,19.3,0.0,0.0
2025-07-04,Bucuresti,37.0,20.5,0.0,0.0
2025-07-05,Bucuresti,32.8,23.5,0.0,0.0
2025-07-06,Bucuresti,36.7,21.2,0.0,0.0
2025-07-07,Bucuresti,39.0,23.6,0.0,0.0
2025-07-08,Bucuresti,37.0,23.2,0.0,0.0
2025-07-09,Bucuresti,32.0,19.2,3.2,0.0
2025-07-10,Bucuresti,28.2,15.3,0.0,0.0
2025-07-11,Bucuresti,27.5,18.2,0.8,0.0
2025-07-12,Bucuresti,30.1,15.9,0.0,0.0
2025-07-13,Bucuresti,34.5,17.0,0.0,0.0
2025-07-14,Bucuresti,37.0,20.5,0.0,0.0
2025-07-15,Bucuresti,34.9,22.5,0.0,0.0
2025-07-16,Bucuresti,33.8,21.6,0.3,0.0
2025-07-17,Bucuresti,30.4,19.2,20.8,0.0
2025-07-18,Bucuresti,26.8,15.8,0.1,0.0
2025-07-19,Bucuresti,29.8,16.3,0.0,0.0
2025-07-20,Bucuresti,33.0,17.8,0.0,0.0
2025-07-21,Bucuresti,37.7,21.4,0.0,0.0
2025-07-22,Bucuresti,38.2,23.9,0.0,0.0
2025-07-23,Bucuresti,33.9,23.3,4.3,0.0
2025-07-24,Bucuresti,36.0,22.1,2.5,0.0
2025-07-25,Bucuresti,38.5,23.0,0.0,0.0
2025-07-26,Bucuresti,40.5,23.5,0.0,0.0
2025-07-27,Bucuresti,38.5,24.5,0.0,0.0
2025-07-28,Bucuresti,34.7,22.5,0.3,0.0
2025-07-29,Bucuresti,27.6,20.5,3.4,0.0
2025-07-30,Bucuresti,25.7,19.1,2.3,0.0
2025-07-31,Bucuresti,26.5,19.4,1.2,0.0
2025-08-01,Bucuresti,29.5,18.5,0.1,0.0
2025-08-02,Bucuresti,31.2,18.5,0.0,0.0
2025-08-03,Bucuresti,33.7,19.0,0.0,0.0
2025-08-04,Bucuresti,34.8,21.1,0.0,0.0
2025-08-05,Bucuresti,33.3,22.5,0.4,0.0
2025-08-06,Bucuresti,34.2,21.8,0.0,0.0
2025-08-07,Bucuresti,30.7,21.0,0.0,0.0
2025-08-08,Bucuresti,32.0,19.7,0.0,0.0
2025-08-09,Bucuresti,35.0,20.4,0.0,0.0
2025-08-10,Bucuresti,36.5,21.6,0.0,0.0
2025-08-11,Bucuresti,33.5,23.5,0.0,0.0
2025-08-12,Bucuresti,30.6,20.9,0.0,0.0
2025-08-13,Bucuresti,31.6,19.2,0.0,0.0
2025-08-14,Bucuresti,32.6,18.6,0.0,0.0
2025-08-15,Bucuresti,34.0,20.0,0.0,0.0
2025-08-16,Bucuresti,32.5,20.5,0.0,0.0
2025-08-17,Bucuresti,32.8,19.5,0.0,0.0
2025-08-18,Bucuresti,30.0,20.0,1.7,0.0
2025-08-19,Bucuresti,22.0,18.0,1.1,0.0
2025-08-20,Bucuresti,28.1,15.6,0.0,0.0
2025-08-21,Bucuresti,33.9,18.1,0.0,0.0
2025-08-22,Bucuresti,31.7,22.0,0.4,0.0
2025-08-23,Bucuresti,24.2,17.4,0.5,0.0
2025-08-24,Bucuresti,26.6,16.5,0.5,0.0
2025-08-25,Bucuresti,24.6,13.4,0.0,0.0
2025-08-26,Bucuresti,28.0,13.2,0.0,0.0
2025-08-27,Bucuresti,29.8,13.4,0.0,0.0
2025-08-28,Bucuresti,29.9,15.8,0.0,0.0
2025-08-29,Bucuresti,31.0,15.7,0.0,0.0
2025-08-30,Bucuresti,33.9,18.2,0.0,0.0
2025-08-31,Bucuresti,25.7,19.2,1.8,0.0
2025-09-01,Bucuresti,28.2,17.0,0.0,0.0
2025-09-02,Bucuresti,33.2,18.9,0.0,0.0
2025-09-03,Bucuresti,35.4,21.0,0.0,0.0
2025-09-04,Bucuresti,32.2,20.2,0.0,0.0
2025-09-05,Bucuresti,30.5,17.8,0.0,0.0
2025-09-06,Bucuresti,29.8,16.8,0.0,0.0
2025-09-07,Bucuresti,29.7,16.1,0.0,0.0
2025-09-08,Bucuresti,29.3,17.2,0.0,0.0
2025-09-09,Bucuresti,30.5,17.6,0.0,0.0
2025-09-10,Bucuresti,29.4,18.5,0.0,0.0
2025-09-11,Bucuresti,27.8,18.7,2.0,0.0
2025-09-12,Bucuresti,26.9,18.8,4.1,0.0
2025-09-13,Bucuresti,25.1,17.9,0.2,0.0
2025-09-14,Bucuresti,24.3,14.9,0.0,0.0
2025-09-15,Bucuresti,26.4,13.9,0.0,0.0
2025-09-16,Bucuresti,27.1,15.9,0.0,0.0
2025-09-17,Bucuresti,19.5,14.6,8.4,0.0
2025-09-18,Bucuresti,22.1,11.1,0.0,0.0
2025-09-19,Bucuresti,23.6,9.9,0.0,0.0
2025-09-20,Bucuresti,26.8,15.3,0.0,0.0
2025-09-21,Bucuresti,27.8,14.5,0.0,0.0
2025-09-22,Bucuresti,26.0,13.6,0.0,0.0
2025-09-23,Bucuresti,26.1,12.8,0.0,0.0
2025-09-24,Bucuresti,25.5,12.9,0.0,0.0
2025-09-25,Bucuresti,19.5,13.4,0.0,0.0
2025-09-26,Bucuresti,17.0,12.9,0.2,0.0
2025-09-27,Bucuresti,18.9,11.8,0.0,0.0
2025-09-28,Bucuresti,19.5,9.0,0.0,0.0
2025-09-29,Bucuresti,16.4,11.4,4.3,0.0
2025-09-30,Bucuresti,18.2,10.1,2.1,0.0
2025-10-01,Bucuresti,15.9,7.9,0.1,0.0
2025-10-02,Bucuresti,8.6,6.2,10.9,0.0
2025-10-03,Bucuresti,8.7,5.3,27.6,0.0
2025-10-04,Bucuresti,11.6,8.1,0.9,0.0
2025-10-05,Bucuresti,16.6,5.8,0.0,0.0
2025-10-06,Bucuresti,14.4,10.5,4.8,0.0
2025-10-07,Bucuresti,12.0,10.1,21.6,0.0
2025-10-08,Bucuresti,12.9,11.2,49.5,0.0
2025-10-09,Bucuresti,15.8,10.8,7.0,0.0
2025-10-10,Bucuresti,19.1,7.7,0.1,0.0
2025-10-11,Bucuresti,16.1,9.4,3.5,0.0
2025-10-12,Bucuresti,18.2,8.9,0.1,0.0
2025-10-13,Bucuresti,18.5,9.6,0.0,0.0
2025-10-14,Bucuresti,13.9,9.1,3.5,0.0
2025-10-15,Bucuresti,11.4,8.6,2.7,0.0
2025-10-16,Bucuresti,13.4,8.4,2.4,0.0
2025-10-17,Bucuresti,16.8,6.5,0.1,0.0
2025-10-18,Bucuresti,16.0,11.1,0.6,0.0
2025-10-19,Bucuresti,14.4,7.2,0.3,0.0
2025-10-20,Bucuresti,13.2,3.2,0.0,0.0
2025-10-21,Bucuresti,15.2,3.4,0.0,0.0
2025-10-22,Bucuresti,18.6,6.2,0.0,0.0
2025-10-23,Bucuresti,20.5,9.0,0.0,0.0
2025-10-24,Bucuresti,18.5,10.6,2.6,0.0
2025-10-25,Bucuresti,16.8,6.2,0.0,0.0
2025-10-26,Bucuresti,13.2,7.2,0.0,0.0
2025-10-27,Bucuresti,14.4,8.6,3.0,0.0
2025-10-28,Bucuresti,15.2,8.3,1.0,0.0
2025-10-29,Bucuresti,17.9,5.3,0.0,0.0
2025-10-30,Bucuresti,19.4,4.4,0.0,0.0
2025-10-31,Bucuresti,20.0,8.4,0.0,0.0
2025-11-01,Bucuresti,17.9,8.9,0.0,0.0
2025-11-02,Bucuresti,18.9,6.8,0.0,0.0
2025-11-03,Bucuresti,17.5,8.2,0.0,0.0
2025-11-04,Bucuresti,13.8,10.3,3.3,0.0
2025-11-05,Bucuresti,12.8,9.1,1.1,0.0
2025-11-06,Bucuresti,11.8,7.3,6.3,0.0
2025-11-07,Bucuresti,9.6,8.0,6.2,0.0
2025-11-08,Bucuresti,12.5,8.4,4.6,0.0
2025-11-09,Bucuresti,14.7,9.4,0.7,0.0
2025-11-10,Bucuresti,12.4,8.6,4.0,0.0
2025-11-11,Bucuresti,13.8,10.1,2.8,0.0
2025-11-12,Bucuresti,11.6,6.4,0.2,0.0
2025-11-13,Bucuresti,11.6,2.7,0.0,0.0
2025-11-14,Bucuresti,9.6,4.4,0.0,0.0
2025-11-15,Bucuresti,10.4,4.1,0.0,0.0
2025-11-16,Bucuresti,10.9,4.0,0.0,0.0
2025-11-17,Bucuresti,13.9,4.7,0.0,0.0
2025-11-18,Bucuresti,14.2,4.7,21.1,0.0
2025-11-19,Bucuresti,6.9,4.0,9.7,0.0
2025-11-20,Bucuresti,10.2,4.8,0.7,0.0
2025-11-21,Bucuresti,14.1,5.4,0.7,0.0
2025-11-22,Bucuresti,18.2,7.8,2.0,0.0
2025-11-23,Bucuresti,7.9,4.2,4.1,0.0
2025-11-24,Bucuresti,8.2,1.1,0.0,0.0
2025-11-25,Bucuresti,9.9,-0.2,0.0,0.0
2025-11-26,Bucuresti,13.8,2.2,0.0,0.0
2025-11-27,Bucuresti,12.1,6.2,6.6,0.0
2025-11-28,Bucuresti,7.9,5.3,3.5,0.0
2025-11-29,Bucuresti,9.6,5.8,19.9,0.0
2025-11-30,Bucuresti,6.9,4.8,2.5,0.0
2025-12-01,Bucuresti,9.0,3.9,0.0,0.0
2025-12-02,Bucuresti,9.0,1.5,0.0,0.0
2025-12-03,Bucuresti,9.8,5.3,0.0,0.0
2025-12-04,Bucuresti,12.8,7.2,0.2,0.0
2025-12-05,Bucuresti,12.7,6.8,0.5,0.0
2025-12-06,Bucuresti,6.3,2.8,5.6,0.0
2025-12-07,Bucuresti,5.5,3.0,3.4,0.0
2025-12-08,Bucuresti,6.4,4.3,0.4,0.0
2025-12-09,Bucuresti,7.2,4.9,0.0,0.0
2025-12-10,Bucuresti,8.9,3.2,0.0,0.0
2025-12-11,Bucuresti,9.2,1.2,0.0,0.0
2025-12-12,Bucuresti,8.0,2.8,0.0,0.0
2025-12-13,Bucuresti,8.2,2.8,0.0,0.0
2025-12-14,Bucuresti,5.7,1.5,0.0,0.0
2025-12-15,Bucuresti,3.6,0.1,0.0,0.0
2025-12-16,Bucuresti,4.2,-0.5,0.0,0.0
2025-12-17,Bucuresti,0.8,-2.0,0.0,0.0
2025-12-18,Bucuresti,6.1,-0.4,0.0,0.0
2025-12-19,Bucuresti,9.8,-0.9,0.0,0.0
2025-12-20,Bucuresti,3.5,0.2,0.0,0.0
2025-12-21,Bucuresti,6.6,2.0,0.5,0.0
2025-12-22,Bucuresti,5.1,2.8,0.0,0.0
2025-12-23,Bucuresti,3.2,1.9,0.2,0.0
2025-12-24,Bucuresti,3.5,0.8,7.1,0.0
2025-12-25,Bucuresti,0.6,-4.1,1.7,0.0
2025-12-26,Bucuresti,2.0,-5.6,0.0,0.0
2025-12-27,Bucuresti,0.9,-3.7,0.0,0.0
2025-12-28,Bucuresti,6.2,-2.0,0.0,0.0
2025-12-29,Bucuresti,4.8,-1.0,0.0,0.0
2025-12-30,Bucuresti,3.8,-4.4,0.4,0.0
2025-12-31,Bucuresti,2.0,-3.7,0.0,0.0
2026-01-01,Bucuresti,1.2,-6.1,0.0,0.0
2026-01-02,Bucuresti,5.3,-4.6,2.0,0.0
2026-01-03,Bucuresti,8.9,-2.0,1.8,0.0
2026-01-04,Bucuresti,4.6,1.4,5.4,0.0
2026-01-05,Bucuresti,2.3,-0.1,6.1,0.0
2026-01-06,Bucuresti,6.2,1.0,0.0,0.0
2026-01-07,Bucuresti,4.5,1.8,0.9,0.0
2026-01-08,Bucuresti,1.8,-2.2,7.3,0.0
2026-01-09,Bucuresti,1.6,-3.8,0.0,0.0
2026-01-10,Bucuresti,4.8,-0.8,1.9,0.0
2026-01-11,Bucuresti,-0.9,-7.6,5.8,0.0
2026-01-12,Bucuresti,-4.3,-9.8,0.0,0.0
2026-01-13,Bucuresti,-4.0,-13.8,0.4,0.0
2026-01-14,Bucuresti,-0.3,-8.8,0.0,0.0
2026-01-15,Bucuresti,2.9,-4.4,0.0,0.0
2026-01-16,Bucuresti,-1.0,-6.9,1.6,0.0
2026-01-17,Bucuresti,-3.9,-10.6,0.0,0.0
2026-01-18,Bucuresti,-5.5,-10.2,0.0,0.0
2026-01-19,Bucuresti,-2.7,-7.6,0.2,0.0
2026-01-20,Bucuresti,-0.3,-10.4,0.0,0.0
2026-01-21,Bucuresti,-1.6,-11.9,0.0,0.0
2026-01-22,Bucuresti,1.6,-3.3,3.1,0.0
2026-01-23,Bucuresti,2.0,-0.2,0.1,0.0
2026-01-24,Bucuresti,2.2,-0.3,0.0,0.0
2026-01-25,Bucuresti,5.5,-0.5,0.0,0.0
2026-01-26,Bucuresti,7.2,1.4,8.9,0.0
2026-01-27,Bucuresti,5.2,2.8,1.9,0.0
2026-01-28,Bucuresti,9.4,2.0,0.0,0.0
2026-01-29,Bucuresti,11.5,1.5,0.3,0.0
2026-01-30,Bucuresti,5.2,2.8,3.2,0.0
2026-01-31,Bucuresti,3.7,-1.0,1.5,0.0
2026-02-01,Bucuresti,-1.1,-5.8,3.0,0.0
2026-02-02,Bucuresti,-5.6,-7.2,3.6,0.0
2026-02-03,Bucuresti,-4.7,-11.1,0.0,0.0
2026-02-04,Bucuresti,2.0,-6.6,0.0,0.0
2026-02-05,Bucuresti,6.3,1.6,9.2,0.0
2026-02-06,Bucuresti,5.3,1.2,4.9,0.0
2026-02-07,Bucuresti,7.4,-1.5,0.3,0.0
2026-02-08,Bucuresti,6.7,2.1,0.7,0.0
2026-02-09,Bucuresti,2.4,-3.3,0.0,0.0
2026-02-10,Bucuresti,0.2,-4.3,1.8,0.0
2026-02-11,Bucuresti,5.0,-1.0,0.0,0.0
2026-02-12,Bucuresti,7.9,-1.5,0.5,0.0
2026-02-13,Bucuresti,6.2,1.3,0.9,0.0
2026-02-14,Bucuresti,11.6,0.9,0.0,0.0
2026-02-15,Bucuresti,11.7,4.4,13.3,0.0
2026-02-16,Bucuresti,7.6,0.9,0.0,0.0
2026-02-17,Bucuresti,2.6,-0.7,14.2,0.0
2026-02-18,Bucuresti,1.6,-4.0,34.4,0.0
2026-02-19,Bucuresti,1.8,-3.9,0.0,0.0
2026-02-20,Bucuresti,2.2,-5.2,5.0,0.0
2026-02-21,Bucuresti,-0.6,-3.3,21.7,0.0
2026-02-22,Bucuresti,0.9,-3.5,0.5,0.0
2026-02-23,Bucuresti,2.5,-5.1,0.4,0.0
2026-02-24,Bucuresti,4.3,-2.3,1.0,0.0
2026-02-25,Bucuresti,4.1,-2.8,1.8,0.0
2026-02-26,Bucuresti,3.2,-3.4,0.0,0.0
2026-02-27,Bucuresti,3.2,-5.5,0.0,0.0
2026-02-28,Bucuresti,1.0,-4.4,0.0,0.0
2026-03-01,Bucuresti,4.2,-2.8,0.0,0.0
2026-03-02,Bucuresti,6.8,-2.4,0.0,0.0
2026-03-03,Bucuresti,9.4,-1.4,0.0,0.0
2026-03-04,Bucuresti,12.9,0.1,0.0,0.0
2026-03-05,Bucuresti,14.2,2.8,0.0,0.0
2026-03-06,Bucuresti,13.5,3.1,0.0,0.0
2026-03-07,Bucuresti,12.1,0.6,0.0,0.0
2026-03-08,Bucuresti,11.4,0.2,0.0,0.0
2026-03-09,Bucuresti,11.3,0.8,0.0,0.0
2026-03-10,Bucuresti,13.4,0.4,0.0,0.0
2026-03-11,Bucuresti,12.6,0.8,0.0,0.0
2026-03-12,Bucuresti,10.7,2.0,0.0,0.0
2026-03-13,Bucuresti,14.3,0.8,0.0,0.0
2026-03-14,Bucuresti,10.4,3.1,0.0,0.0
2026-03-15,Bucuresti,12.1,2.0,0.0,0.0
2026-03-16,Bucuresti,12.1,1.0,0.5,0.0
2026-03-17,Bucuresti,13.2,3.0,0.0,0.0
2026-03-18,Bucuresti,12.2,2.8,0.0,0.0
2026-03-19,Bucuresti,7.7,3.0,0.0,0.0
2026-03-20,Bucuresti,11.2,3.3,0.1,0.0
2026-03-21,Bucuresti,12.1,5.0,0.4,0.0
2026-03-22,Bucuresti,10.6,6.6,1.1,0.0
2026-03-23,Bucuresti,9.9,6.0,5.5,0.0
2026-03-24,Bucuresti,15.3,6.5,0.0,0.0
2026-03-25,Bucuresti,15.2,6.2,0.0,0.0
2026-03-26,Bucuresti,17.9,5.6,0.0,0.0
2026-03-27,Bucuresti,15.0,4.7,0.0,0.0
2026-03-28,Bucuresti,11.0,7.2,14.0,0.0
2026-03-29,Bucuresti,10.0,6.8,18.9,0.0
2026-03-30,Bucuresti,13.5,8.6,10.4,0.0
2026-03-31,Bucuresti,12.6,6.3,3.3,0.0
2026-04-01,Bucuresti,14.2,7.8,0.8,0.0
2026-04-02,Bucuresti,9.7,7.5,11.7,0.0
2026-04-03,Bucuresti,15.1,8.4,1.0,0.0
2026-04-04,Bucuresti,17.3,8.3,2.0,0.0
2026-04-05,Bucuresti,19.2,6.8,0.0,0.0
2026-04-06,Bucuresti,21.4,8.1,0.2,0.0
2026-04-07,Bucuresti,15.6,6.2,0.0,0.0
2026-04-08,Bucuresti,12.2,5.5,0.1,0.0
2026-04-09,Bucuresti,11.6,3.7,2.8,0.0
2026-04-10,Bucuresti,9.9,2.8,0.8,0.0
2026-04-11,Bucuresti,11.1,3.1,0.0,0.0
2026-04-12,Bucuresti,13.5,3.8,0.5,0.0
2026-04-13,Bucuresti,16.3,4.0,0.0,0.0
2026-04-14,Bucuresti,15.8,6.6,0.0,0.0
2026-04-15,Bucuresti,17.5,5.1,0.0,0.0
2026-04-16,Bucuresti,19.7,5.8,0.0,0.0
2026-04-17,Bucuresti,19.7,6.8,0.0,0.0
2026-04-18,Bucuresti,17.7,10.8,1.5,0.0
2023-01-01,Cluj,10.6,3.1,0.0,0.0
2023-01-02,Cluj,8.4,2.2,0.0,0.0
2023-01-03,Cluj,5.9,0.8,0.0,0.0
2023-01-04,Cluj,8.8,-1.0,1.9,0.0
2023-01-05,Cluj,11.4,-0.6,1.6,0.0
2023-01-06,Cluj,6.7,-1.0,0.0,0.0
2023-01-07,Cluj,5.2,-1.0,0.2,0.0
2023-01-08,Cluj,7.1,0.9,0.0,0.0
2023-01-09,Cluj,7.7,1.1,0.0,0.0
2023-01-10,Cluj,5.8,3.0,5.3,0.0
2023-01-11,Cluj,8.6,1.3,1.4,0.0
2023-01-12,Cluj,6.1,0.9,0.4,0.0
2023-01-13,Cluj,6.4,-0.5,0.0,0.0
2023-01-14,Cluj,5.9,0.0,0.0,0.0
2023-01-15,Cluj,5.6,-1.0,0.0,0.0
2023-01-16,Cluj,5.1,-1.4,4.8,0.0
2023-01-17,Cluj,9.4,1.9,0.5,0.0
2023-01-18,Cluj,12.7,4.6,6.8,0.0
2023-01-19,Cluj,11.5,5.0,7.7,0.0
2023-01-20,Cluj,6.9,3.6,7.5,0.0
2023-01-21,Cluj,2.9,-0.2,4.3,0.0
2023-01-22,Cluj,9.4,-0.4,3.7,0.0
2023-01-23,Cluj,10.6,1.6,0.0,0.0
2023-01-24,Cluj,6.2,-0.6,0.0,0.0
2023-01-25,Cluj,2.2,-2.6,0.0,0.0
2023-01-26,Cluj,1.6,-4.5,0.0,0.0
2023-01-27,Cluj,2.7,-1.1,4.7,0.0
2023-01-28,Cluj,1.6,-0.7,0.9,0.0
2023-01-29,Cluj,1.5,-3.3,0.3,0.0
2023-01-30,Cluj,1.1,-4.4,0.7,0.0
2023-01-31,Cluj,3.3,-2.4,5.4,0.0
2023-02-01,Cluj,4.3,-3.4,4.3,0.0
2023-02-02,Cluj,4.3,-1.3,2.3,0.0
2023-02-03,Cluj,3.3,-0.9,3.1,0.0
2023-02-04,Cluj,2.6,-3.7,10.4,0.0
2023-02-05,Cluj,-3.6,-8.5,0.6,0.0
2023-02-06,Cluj,-0.9,-9.0,0.0,0.0
2023-02-07,Cluj,-1.6,-8.1,0.1,0.0
2023-02-08,Cluj,-0.2,-5.7,0.0,0.0
2023-02-09,Cluj,-0.1,-8.6,0.0,0.0
2023-02-10,Cluj,1.2,-9.5,0.0,0.0
2023-02-11,Cluj,0.9,-7.3,0.0,0.0
2023-02-12,Cluj,4.1,-3.1,0.6,0.0
2023-02-13,Cluj,4.7,-5.1,0.0,0.0
2023-02-14,Cluj,3.7,-0.0,0.0,0.0
2023-02-15,Cluj,6.2,-2.9,0.0,0.0
2023-02-16,Cluj,5.9,-4.1,0.0,0.0
2023-02-17,Cluj,7.9,-2.4,0.6,0.0
2023-02-18,Cluj,12.4,1.8,2.0,0.0
2023-02-19,Cluj,11.8,5.0,5.5,0.0
2023-02-20,Cluj,8.1,-0.0,0.7,0.0
2023-02-21,Cluj,12.3,3.8,0.0,0.0
2023-02-22,Cluj,10.1,0.0,0.0,0.0
2023-02-23,Cluj,10.2,-1.0,0.0,0.0
2023-02-24,Cluj,9.8,-1.2,1.7,0.0
2023-02-25,Cluj,11.3,1.7,11.4,0.0
2023-02-26,Cluj,2.5,0.6,16.3,0.0
2023-02-27,Cluj,1.5,-3.2,10.9,0.0
2023-02-28,Cluj,5.3,-3.9,0.4,0.0
2023-03-01,Cluj,9.7,-4.4,0.0,0.0
2023-03-02,Cluj,10.7,-4.7,0.0,0.0
2023-03-03,Cluj,9.3,1.0,0.3,0.0
2023-03-04,Cluj,10.8,-1.3,0.0,0.0
2023-03-05,Cluj,5.7,-2.3,0.1,0.0
2023-03-06,Cluj,7.1,-3.5,0.1,0.0
2023-03-07,Cluj,9.0,1.1,1.8,0.0
2023-03-08,Cluj,11.4,2.3,0.3,0.0
2023-03-09,Cluj,14.5,5.5,1.9,0.0
2023-03-10,Cluj,15.1,2.9,0.2,0.0
2023-03-11,Cluj,10.9,1.8,3.9,0.0
2023-03-12,Cluj,5.0,-3.1,0.0,0.0
2023-03-13,Cluj,9.0,-3.7,0.0,0.0
2023-03-14,Cluj,16.7,0.8,0.0,0.0
2023-03-15,Cluj,12.6,1.8,0.8,0.0
2023-03-16,Cluj,2.5,-0.5,14.1,0.0
2023-03-17,Cluj,7.3,-3.6,0.0,0.0
2023-03-18,Cluj,8.7,-3.5,0.0,0.0
2023-03-19,Cluj,13.4,-2.7,0.0,0.0
2023-03-20,Cluj,15.5,-0.4,0.5,0.0
2023-03-21,Cluj,15.7,4.3,4.5,0.0
2023-03-22,Cluj,14.5,2.5,0.3,0.0
2023-03-23,Cluj,16.8,1.3,0.0,0.0
2023-03-24,Cluj,19.1,2.4,0.0,0.0
2023-03-25,Cluj,14.9,8.0,0.0,0.0
2023-03-26,Cluj,13.4,4.2,0.8,0.0
2023-03-27,Cluj,12.5,4.4,0.8,0.0
2023-03-28,Cluj,4.6,-0.8,5.4,0.0
2023-03-29,Cluj,3.9,-3.2,0.0,0.0
2023-03-30,Cluj,10.9,-4.3,0.0,0.0
2023-03-31,Cluj,13.8,2.7,9.6,0.0
2023-04-01,Cluj,13.9,7.1,3.8,0.0
2023-04-02,Cluj,12.2,6.7,3.1,0.0
2023-04-03,Cluj,8.4,4.0,0.5,0.0
2023-04-04,Cluj,3.4,-0.2,14.8,0.0
2023-04-05,Cluj,3.7,-0.9,0.2,0.0
2023-04-06,Cluj,2.1,-1.4,6.1,0.0
2023-04-07,Cluj,4.1,-0.8,1.2,0.0
2023-04-08,Cluj,8.1,-1.5,0.0,0.0
2023-04-09,Cluj,11.1,-0.7,0.2,0.0
2023-04-10,Cluj,12.4,1.4,0.5,0.0
2023-04-11,Cluj,14.1,1.7,0.6,0.0
2023-04-12,Cluj,11.5,4.8,1.5,0.0
2023-04-13,Cluj,15.7,3.0,0.0,0.0
2023-04-14,Cluj,17.3,5.9,0.1,0.0
2023-04-15,Cluj,16.3,3.2,1.3,0.0
2023-04-16,Cluj,17.2,3.4,0.0,0.0
2023-04-17,Cluj,16.7,8.3,3.2,0.0
2023-04-18,Cluj,14.6,6.1,0.1,0.0
2023-04-19,Cluj,14.7,6.4,1.5,0.0
2023-04-20,Cluj,16.4,4.7,0.2,0.0
2023-04-21,Cluj,15.4,5.4,0.1,0.0
2023-04-22,Cluj,16.5,5.2,0.4,0.0
2023-04-23,Cluj,16.9,5.7,0.1,0.0
2023-04-24,Cluj,17.9,4.7,2.3,0.0
2023-04-25,Cluj,16.4,8.3,13.6,0.0
2023-04-26,Cluj,10.7,4.6,5.4,0.0
2023-04-27,Cluj,9.4,2.5,0.0,0.0
2023-04-28,Cluj,13.4,1.1,0.0,0.0
2023-04-29,Cluj,16.3,1.9,0.0,0.0
2023-04-30,Cluj,17.7,5.6,0.5,0.0
2023-05-01,Cluj,19.7,5.8,0.0,0.0
2023-05-02,Cluj,21.6,6.0,0.0,0.0
2023-05-03,Cluj,20.0,9.3,0.0,0.0
2023-05-04,Cluj,17.1,8.1,0.1,0.0
2023-05-05,Cluj,19.1,6.0,0.0,0.0
2023-05-06,Cluj,20.9,7.2,0.2,0.0
2023-05-07,Cluj,18.5,10.0,4.8,0.0
2023-05-08,Cluj,14.4,8.3,13.9,0.0
2023-05-09,Cluj,13.6,7.0,0.1,0.0
2023-05-10,Cluj,15.8,4.0,0.0,0.0
2023-05-11,Cluj,17.0,5.0,0.0,0.0
2023-05-12,Cluj,11.7,8.1,1.0,0.0
2023-05-13,Cluj,14.8,7.6,6.4,0.0
2023-05-14,Cluj,18.5,6.1,0.1,0.0
2023-05-15,Cluj,20.1,11.2,0.2,0.0
2023-05-16,Cluj,20.9,11.6,1.9,0.0
2023-05-17,Cluj,17.8,13.5,6.6,0.0
2023-05-18,Cluj,18.5,12.2,2.8,0.0
2023-05-19,Cluj,22.7,10.9,0.4,0.0
2023-05-20,Cluj,23.0,10.1,0.1,0.0
2023-05-21,Cluj,23.4,13.0,0.6,0.0
2023-05-22,Cluj,22.2,10.1,0.2,0.0
2023-05-23,Cluj,23.4,10.4,0.0,0.0
2023-05-24,Cluj,22.5,10.8,6.5,0.0
2023-05-25,Cluj,23.6,12.0,0.0,0.0
2023-05-26,Cluj,23.7,11.5,0.8,0.0
2023-05-27,Cluj,23.2,11.5,6.1,0.0
2023-05-28,Cluj,23.0,11.6,1.6,0.0
2023-05-29,Cluj,22.9,11.3,0.1,0.0
2023-05-30,Cluj,23.0,11.1,0.1,0.0
2023-05-31,Cluj,23.7,12.0,1.0,0.0
2023-06-01,Cluj,24.3,11.1,0.3,0.0
2023-06-02,Cluj,23.9,11.1,1.5,0.0
2023-06-03,Cluj,21.6,13.3,9.1,0.0
2023-06-04,Cluj,22.3,11.2,1.1,0.0
2023-06-05,Cluj,24.3,11.6,0.5,0.0
2023-06-06,Cluj,23.1,14.9,4.2,0.0
2023-06-07,Cluj,22.5,15.3,14.5,0.0
2023-06-08,Cluj,23.6,13.7,9.2,0.0
2023-06-09,Cluj,22.4,14.7,14.3,0.0
2023-06-10,Cluj,23.7,13.0,1.6,0.0
2023-06-11,Cluj,24.6,12.8,11.2,0.0
2023-06-12,Cluj,18.3,14.1,20.1,0.0
2023-06-13,Cluj,18.2,12.7,13.5,0.0
2023-06-14,Cluj,21.4,13.0,0.2,0.0
2023-06-15,Cluj,22.6,12.1,2.6,0.0
2023-06-16,Cluj,22.1,15.5,18.9,0.0
2023-06-17,Cluj,20.8,14.8,8.7,0.0
2023-06-18,Cluj,21.3,13.7,0.2,0.0
2023-06-19,Cluj,23.3,12.1,0.1,0.0
2023-06-20,Cluj,25.0,12.9,0.0,0.0
2023-06-21,Cluj,26.6,13.2,0.0,0.0
2023-06-22,Cluj,26.9,16.5,0.3,0.0
2023-06-23,Cluj,28.9,16.3,10.5,0.0
2023-06-24,Cluj,25.5,17.6,1.0,0.0
2023-06-25,Cluj,22.6,16.9,9.9,0.0
2023-06-26,Cluj,23.8,15.0,0.5,0.0
2023-06-27,Cluj,25.8,12.7,2.2,0.0
2023-06-28,Cluj,17.3,11.1,3.1,0.0
2023-06-29,Cluj,20.1,8.8,0.2,0.0
2023-06-30,Cluj,24.4,9.7,0.0,0.0
2023-07-01,Cluj,26.0,12.8,0.2,0.0
2023-07-02,Cluj,24.8,14.5,0.3,0.0
2023-07-03,Cluj,25.2,13.9,1.0,0.0
2023-07-04,Cluj,27.6,15.3,0.6,0.0
2023-07-05,Cluj,26.8,17.1,3.9,0.0
2023-07-06,Cluj,26.5,16.1,0.5,0.0
2023-07-07,Cluj,22.1,16.3,17.8,0.0
2023-07-08,Cluj,23.0,15.3,0.0,0.0
2023-07-09,Cluj,25.7,12.9,0.0,0.0
2023-07-10,Cluj,26.7,16.3,0.1,0.0
2023-07-11,Cluj,26.7,15.1,1.5,0.0
2023-07-12,Cluj,28.5,13.8,4.6,0.0
2023-07-13,Cluj,28.2,16.8,1.6,0.0
2023-07-14,Cluj,25.6,17.1,0.2,0.0
2023-07-15,Cluj,28.8,15.3,0.0,0.0
2023-07-16,Cluj,31.2,16.2,0.0,0.0
2023-07-17,Cluj,31.4,18.8,7.0,0.0
2023-07-18,Cluj,28.2,18.4,0.0,0.0
2023-07-19,Cluj,29.7,17.4,1.3,0.0
2023-07-20,Cluj,27.8,16.8,1.3,0.0
2023-07-21,Cluj,27.8,15.2,0.9,0.0
2023-07-22,Cluj,26.2,17.7,5.3,0.0
2023-07-23,Cluj,25.9,17.0,1.3,0.0
2023-07-24,Cluj,29.1,14.1,0.0,0.0
2023-07-25,Cluj,30.3,18.2,1.6,0.0
2023-07-26,Cluj,24.5,16.7,28.8,0.0
2023-07-27,Cluj,19.4,13.1,0.5,0.0
2023-07-28,Cluj,24.3,9.7,0.0,0.0
2023-07-29,Cluj,26.6,14.0,0.4,0.0
2023-07-30,Cluj,27.9,14.3,0.8,0.0
2023-07-31,Cluj,24.0,16.6,5.9,0.0
2023-08-01,Cluj,26.1,13.7,0.4,0.0
2023-08-02,Cluj,25.6,17.2,0.6,0.0
2023-08-03,Cluj,28.6,15.2,0.2,0.0
2023-08-04,Cluj,31.6,18.6,0.4,0.0
2023-08-05,Cluj,32.0,21.1,0.0,0.0
2023-08-06,Cluj,23.0,15.9,10.5,0.0
2023-08-07,Cluj,21.7,13.4,0.2,0.0
2023-08-08,Cluj,20.1,11.2,0.6,0.0
2023-08-09,Cluj,22.6,9.3,0.0,0.0
2023-08-10,Cluj,22.5,13.1,3.9,0.0
2023-08-11,Cluj,23.3,11.2,2.2,0.0
2023-08-12,Cluj,24.0,11.9,0.0,0.0
2023-08-13,Cluj,26.0,11.9,0.0,0.0
2023-08-14,Cluj,27.9,13.3,0.0,0.0
2023-08-15,Cluj,27.2,15.0,1.8,0.0
2023-08-16,Cluj,26.0,16.4,1.9,0.0
2023-08-17,Cluj,29.5,16.3,0.0,0.0
2023-08-18,Cluj,30.7,18.4,0.0,0.0
2023-08-19,Cluj,30.8,17.8,0.6,0.0
2023-08-20,Cluj,31.2,18.4,0.6,0.0
2023-08-21,Cluj,31.1,19.0,0.0,0.0
2023-08-22,Cluj,32.2,18.6,0.3,0.0
2023-08-23,Cluj,30.7,18.0,0.2,0.0
2023-08-24,Cluj,29.2,18.1,0.5,0.0
2023-08-25,Cluj,30.4,15.2,0.0,0.0
2023-08-26,Cluj,32.6,16.6,0.0,0.0
2023-08-27,Cluj,33.9,18.1,0.0,0.0
2023-08-28,Cluj,34.4,19.2,0.0,0.0
2023-08-29,Cluj,32.7,18.6,0.0,0.0
2023-08-30,Cluj,26.5,15.8,8.9,0.0
2023-08-31,Cluj,23.6,14.1,1.6,0.0
2023-09-01,Cluj,23.6,13.9,0.0,0.0
2023-09-02,Cluj,26.4,11.5,0.0,0.0
2023-09-03,Cluj,23.8,12.4,2.5,0.0
2023-09-04,Cluj,21.4,13.8,1.5,0.0
2023-09-05,Cluj,23.2,12.7,0.0,0.0
2023-09-06,Cluj,23.3,10.6,0.0,0.0
2023-09-07,Cluj,24.2,9.4,0.0,0.0
2023-09-08,Cluj,25.2,11.5,0.0,0.0
2023-09-09,Cluj,26.1,9.9,0.0,0.0
2023-09-10,Cluj,26.8,13.1,0.0,0.0
2023-09-11,Cluj,27.1,11.5,0.0,0.0
2023-09-12,Cluj,27.4,11.7,0.0,0.0
2023-09-13,Cluj,28.6,13.7,0.0,0.0
2023-09-14,Cluj,26.3,12.7,14.4,0.0
2023-09-15,Cluj,22.9,16.1,25.8,0.0
2023-09-16,Cluj,23.2,16.0,0.8,0.0
2023-09-17,Cluj,23.9,14.6,0.1,0.0
2023-09-18,Cluj,24.3,13.1,0.0,0.0
2023-09-19,Cluj,21.7,13.2,8.1,0.0
2023-09-20,Cluj,22.6,13.0,0.1,0.0
2023-09-21,Cluj,24.7,11.7,0.1,0.0
2023-09-22,Cluj,25.5,13.9,0.0,0.0
2023-09-23,Cluj,28.1,14.2,0.0,0.0
2023-09-24,Cluj,26.5,16.0,16.6,0.0
2023-09-25,Cluj,24.9,14.7,0.0,0.0
2023-09-26,Cluj,24.7,12.2,0.0,0.0
2023-09-27,Cluj,24.3,10.6,0.0,0.0
2023-09-28,Cluj,24.0,10.5,0.0,0.0
2023-09-29,Cluj,24.3,11.3,0.0,0.0
2023-09-30,Cluj,23.8,8.4,0.0,0.0
2023-10-01,Cluj,20.3,11.7,0.2,0.0
2023-10-02,Cluj,18.1,8.3,0.0,0.0
2023-10-03,Cluj,19.9,6.1,0.0,0.0
2023-10-04,Cluj,20.6,9.1,0.5,0.0
2023-10-05,Cluj,20.6,10.1,0.2,0.0
2023-10-06,Cluj,17.9,8.3,0.0,0.0
2023-10-07,Cluj,19.0,5.1,0.0,0.0
2023-10-08,Cluj,20.0,7.1,1.0,0.0
2023-10-09,Cluj,10.9,2.0,0.0,0.0
2023-10-10,Cluj,15.0,4.4,0.0,0.0
2023-10-11,Cluj,17.2,4.4,0.0,0.0
2023-10-12,Cluj,20.8,7.1,0.0,0.0
2023-10-13,Cluj,21.2,9.0,0.0,0.0
2023-10-14,Cluj,23.4,9.0,0.0,0.0
2023-10-15,Cluj,18.4,8.1,3.2,0.0
2023-10-16,Cluj,11.1,3.3,0.3,0.0
2023-10-17,Cluj,11.1,0.5,0.0,0.0
2023-10-18,Cluj,12.8,0.1,0.0,0.0
2023-10-19,Cluj,12.8,0.8,0.0,0.0
2023-10-20,Cluj,24.4,9.1,0.0,0.0
2023-10-21,Cluj,26.8,15.2,0.0,0.0
2023-10-22,Cluj,23.1,11.5,0.0,0.0
2023-10-23,Cluj,19.2,9.3,0.0,0.0
2023-10-24,Cluj,21.1,7.5,0.0,0.0
2023-10-25,Cluj,19.9,9.3,4.3,0.0
2023-10-26,Cluj,18.0,7.5,0.4,0.0
2023-10-27,Cluj,17.1,8.7,5.2,0.0
2023-10-28,Cluj,17.1,8.3,0.2,0.0
2023-10-29,Cluj,19.7,5.8,0.0,0.0
2023-10-30,Cluj,20.4,6.1,0.0,0.0
2023-10-31,Cluj,19.9,7.2,0.5,0.0
2023-11-01,Cluj,13.8,5.9,0.1,0.0
2023-11-02,Cluj,14.3,5.3,0.0,0.0
2023-11-03,Cluj,17.8,5.3,5.6,0.0
2023-11-04,Cluj,14.5,6.1,0.8,0.0
2023-11-05,Cluj,13.0,5.1,10.6,0.0
2023-11-06,Cluj,16.3,5.2,4.9,0.0
2023-11-07,Cluj,17.1,3.2,0.3,0.0
2023-11-08,Cluj,13.8,7.4,2.9,0.0
2023-11-09,Cluj,11.8,2.4,0.0,0.0
2023-11-10,Cluj,10.0,-0.2,0.0,0.0
2023-11-11,Cluj,11.5,6.0,8.9,0.0
2023-11-12,Cluj,7.1,0.3,3.3,0.0
2023-11-13,Cluj,9.2,-2.2,0.0,0.0
2023-11-14,Cluj,15.0,4.5,6.7,0.0
2023-11-15,Cluj,12.9,6.9,13.1,0.0
2023-11-16,Cluj,9.5,2.3,1.0,0.0
2023-11-17,Cluj,8.3,1.9,5.7,0.0
2023-11-18,Cluj,5.7,1.7,12.5,0.0
2023-11-19,Cluj,4.3,-0.2,0.0,0.0
2023-11-20,Cluj,7.4,0.5,2.3,0.0
2023-11-21,Cluj,10.7,2.7,0.2,0.0
2023-11-22,Cluj,10.0,2.9,0.0,0.0
2023-11-23,Cluj,5.0,-0.9,0.0,0.0
2023-11-24,Cluj,7.5,-2.8,0.1,0.0
2023-11-25,Cluj,3.4,-1.6,0.1,0.0
2023-11-26,Cluj,0.2,-3.7,0.3,0.0
2023-11-27,Cluj,1.3,-4.2,2.2,0.0
2023-11-28,Cluj,3.7,-3.2,2.1,0.0
2023-11-29,Cluj,2.0,-3.1,0.4,0.0
2023-11-30,Cluj,1.4,-4.6,2.9,0.0
2023-12-01,Cluj,7.7,-0.2,12.5,0.0
2023-12-02,Cluj,14.6,5.6,0.8,0.0
2023-12-03,Cluj,8.2,-3.6,0.1,0.0
2023-12-04,Cluj,0.2,-4.3,0.0,0.0
2023-12-05,Cluj,3.4,-4.3,0.0,0.0
2023-12-06,Cluj,5.3,-4.2,0.0,0.0
2023-12-07,Cluj,3.1,-0.0,3.6,0.0
2023-12-08,Cluj,3.5,-0.5,0.4,0.0
2023-12-09,Cluj,1.6,-1.6,0.0,0.0
2023-12-10,Cluj,2.1,-2.6,0.0,0.0
2023-12-11,Cluj,3.9,-2.4,0.0,0.0
2023-12-12,Cluj,8.6,-1.1,4.2,0.0
2023-12-13,Cluj,6.0,0.4,7.2,0.0
2023-12-14,Cluj,6.1,2.9,5.4,0.0
2023-12-15,Cluj,4.4,0.1,0.0,0.0
2023-12-16,Cluj,3.4,-2.9,0.0,0.0
2023-12-17,Cluj,4.4,-3.9,0.0,0.0
2023-12-18,Cluj,4.9,-4.1,0.0,0.0
2023-12-19,Cluj,3.9,-4.1,0.0,0.0
2023-12-20,Cluj,4.9,-4.2,0.0,0.0
2023-12-21,Cluj,2.5,-3.0,0.0,0.0
2023-12-22,Cluj,4.9,-1.8,2.0,0.0
2023-12-23,Cluj,2.8,-0.9,9.6,0.0
2023-12-24,Cluj,5.3,-1.6,6.9,0.0
2023-12-25,Cluj,12.5,2.6,1.5,0.0
2023-12-26,Cluj,12.3,3.6,0.0,0.0
2023-12-27,Cluj,8.1,-0.7,0.0,0.0
2023-12-28,Cluj,4.7,-2.1,0.0,0.0
2023-12-29,Cluj,4.6,-2.2,0.0,0.0
2023-12-30,Cluj,3.1,-1.4,0.0,0.0
2023-12-31,Cluj,5.2,-1.7,0.0,0.0
2024-01-01,Cluj,5.4,-1.6,0.1,0.0
2024-01-02,Cluj,8.1,0.4,0.0,0.0
2024-01-03,Cluj,9.8,1.9,1.0,0.0
2024-01-04,Cluj,9.9,4.0,1.2,0.0
2024-01-05,Cluj,9.5,-0.1,0.0,0.0
2024-01-06,Cluj,6.8,0.6,0.5,0.0
2024-01-07,Cluj,8.6,2.6,0.4,0.0
2024-01-08,Cluj,2.1,-1.9,1.3,0.0
2024-01-09,Cluj,0.7,-5.8,0.1,0.0
2024-01-10,Cluj,1.5,-7.6,0.0,0.0
2024-01-11,Cluj,2.1,-7.6,0.2,0.0
2024-01-12,Cluj,-1.4,-5.1,0.8,0.0
2024-01-13,Cluj,-0.7,-6.4,0.0,0.0
2024-01-14,Cluj,2.1,-7.4,0.0,0.0
2024-01-15,Cluj,5.8,-5.9,1.3,0.0
2024-01-16,Cluj,1.9,-3.6,0.5,0.0
2024-01-17,Cluj,4.4,-5.4,0.6,0.0
2024-01-18,Cluj,10.9,2.3,1.1,0.0
2024-01-19,Cluj,7.8,-1.5,4.5,0.0
2024-01-20,Cluj,1.6,-6.1,0.0,0.0
2024-01-21,Cluj,2.6,-6.4,0.0,0.0
2024-01-22,Cluj,2.4,-6.1,0.0,0.0
2024-01-23,Cluj,3.3,-6.4,0.1,0.0
2024-01-24,Cluj,3.7,-2.8,1.8,0.0
2024-01-25,Cluj,7.8,-2.0,4.1,0.0
2024-01-26,Cluj,3.4,-3.4,1.3,0.0
2024-01-27,Cluj,3.0,-3.9,5.7,0.0
2024-01-28,Cluj,3.3,-2.9,0.1,0.0
2024-01-29,Cluj,3.3,-4.7,0.0,0.0
2024-01-30,Cluj,4.1,-5.7,0.0,0.0
2024-01-31,Cluj,5.5,-6.2,0.0,0.0
2024-02-01,Cluj,6.3,-5.5,0.9,0.0
2024-02-02,Cluj,4.1,-1.2,0.6,0.0
2024-02-03,Cluj,6.2,-1.2,0.3,0.0
2024-02-04,Cluj,9.2,3.6,0.4,0.0
2024-02-05,Cluj,10.3,6.5,1.9,0.0
2024-02-06,Cluj,15.9,6.9,0.0,0.0
2024-02-07,Cluj,12.6,0.1,0.0,0.0
2024-02-08,Cluj,11.8,4.2,0.0,0.0
2024-02-09,Cluj,12.9,2.1,0.0,0.0
2024-02-10,Cluj,14.5,6.6,0.1,0.0
2024-02-11,Cluj,16.3,7.1,0.0,0.0
2024-02-12,Cluj,13.6,2.5,1.6,0.0
2024-02-13,Cluj,7.5,4.7,14.9,0.0
2024-02-14,Cluj,6.7,0.8,0.0,0.0
2024-02-15,Cluj,8.4,-2.1,0.0,0.0
2024-02-16,Cluj,10.2,-2.4,0.0,0.0
2024-02-17,Cluj,11.4,-2.2,0.0,0.0
2024-02-18,Cluj,9.4,-0.9,1.2,0.0
2024-02-19,Cluj,8.7,-2.7,0.0,0.0
2024-02-20,Cluj,8.2,-0.2,0.1,0.0
2024-02-21,Cluj,8.0,-1.7,0.6,0.0
2024-02-22,Cluj,9.8,-2.2,0.0,0.0
2024-02-23,Cluj,11.2,5.1,0.0,0.0
2024-02-24,Cluj,15.0,4.7,0.6,0.0
2024-02-25,Cluj,14.9,5.5,0.0,0.0
2024-02-26,Cluj,15.6,2.3,0.0,0.0
2024-02-27,Cluj,16.3,2.3,0.0,0.0
2024-02-28,Cluj,16.5,2.8,0.0,0.0
2024-02-29,Cluj,16.6,3.9,0.0,0.0
2024-03-01,Cluj,14.5,4.2,0.0,0.0
2024-03-02,Cluj,14.3,5.9,0.5,0.0
2024-03-03,Cluj,13.7,3.5,0.1,0.0
2024-03-04,Cluj,15.7,1.3,0.0,0.0
2024-03-05,Cluj,15.5,2.1,0.0,0.0
2024-03-06,Cluj,10.0,1.9,11.4,0.0
2024-03-07,Cluj,7.8,3.7,3.1,0.0
2024-03-08,Cluj,6.4,2.5,1.4,0.0
2024-03-09,Cluj,9.8,1.6,0.1,0.0
2024-03-10,Cluj,12.2,0.1,0.0,0.0
2024-03-11,Cluj,14.3,6.4,0.6,0.0
2024-03-12,Cluj,10.9,6.9,9.5,0.0
2024-03-13,Cluj,8.4,5.2,12.5,0.0
2024-03-14,Cluj,8.9,3.5,2.0,0.0
2024-03-15,Cluj,10.2,1.5,3.1,0.0
2024-03-16,Cluj,13.0,-1.0,0.0,0.0
2024-03-17,Cluj,12.1,3.6,8.9,0.0
2024-03-18,Cluj,6.8,-0.7,0.2,0.0
2024-03-19,Cluj,6.5,-3.3,0.1,0.0
2024-03-20,Cluj,9.2,0.3,0.1,0.0
2024-03-21,Cluj,12.6,2.0,0.0,0.0
2024-03-22,Cluj,13.7,-0.5,0.0,0.0
2024-03-23,Cluj,15.3,0.5,0.0,0.0
2024-03-24,Cluj,9.1,1.9,0.2,0.0
2024-03-25,Cluj,9.6,0.1,0.3,0.0
2024-03-26,Cluj,12.3,-0.7,0.0,0.0
2024-03-27,Cluj,16.8,3.3,0.0,0.0
2024-03-28,Cluj,16.1,8.0,2.4,0.0
2024-03-29,Cluj,17.1,8.0,1.1,0.0
2024-03-30,Cluj,23.7,6.2,0.0,0.0
2024-03-31,Cluj,25.3,8.2,0.0,0.0
2024-04-01,Cluj,26.3,12.1,0.0,0.0
2024-04-02,Cluj,14.7,8.7,2.7,0.0
2024-04-03,Cluj,16.6,5.6,0.0,0.0
2024-04-04,Cluj,13.6,6.6,2.1,0.0
2024-04-05,Cluj,18.2,4.5,0.4,0.0
2024-04-06,Cluj,19.3,6.0,0.5,0.0
2024-04-07,Cluj,20.1,7.8,0.0,0.0
2024-04-08,Cluj,21.7,5.3,0.0,0.0
2024-04-09,Cluj,24.1,7.9,0.0,0.0
2024-04-10,Cluj,25.6,8.9,0.0,0.0
2024-04-11,Cluj,24.7,9.7,0.0,0.0
2024-04-12,Cluj,21.6,11.2,0.0,0.0
2024-04-13,Cluj,22.6,11.1,0.0,0.0
2024-04-14,Cluj,25.3,8.6,0.0,0.0
2024-04-15,Cluj,28.1,10.9,0.0,0.0
2024-04-16,Cluj,24.9,8.6,3.9,0.0
2024-04-17,Cluj,8.4,4.9,15.2,0.0
2024-04-18,Cluj,6.6,3.8,8.9,0.0
2024-04-19,Cluj,8.6,0.8,2.0,0.0
2024-04-20,Cluj,12.7,-1.2,0.5,0.0
2024-04-21,Cluj,14.2,1.5,0.0,0.0
2024-04-22,Cluj,10.0,4.3,6.5,0.0
2024-04-23,Cluj,16.2,2.5,4.8,0.0
2024-04-24,Cluj,17.5,6.8,1.3,0.0
2024-04-25,Cluj,10.9,5.2,5.6,0.0
2024-04-26,Cluj,15.3,3.5,0.0,0.0
2024-04-27,Cluj,18.1,3.7,0.0,0.0
2024-04-28,Cluj,21.0,4.2,0.0,0.0
2024-04-29,Cluj,22.5,7.4,0.0,0.0
2024-04-30,Cluj,20.7,7.8,0.0,0.0
2024-05-01,Cluj,21.3,8.8,0.0,0.0
2024-05-02,Cluj,21.9,11.1,0.0,0.0
2024-05-03,Cluj,22.6,12.6,0.3,0.0
2024-05-04,Cluj,23.0,9.9,0.1,0.0
2024-05-05,Cluj,22.5,9.6,0.7,0.0
2024-05-06,Cluj,23.4,7.5,0.0,0.0
2024-05-07,Cluj,22.0,10.0,1.3,0.0
2024-05-08,Cluj,19.3,11.2,5.2,0.0
2024-05-09,Cluj,15.5,7.4,5.8,0.0
2024-05-10,Cluj,18.4,4.8,0.1,0.0
2024-05-11,Cluj,19.7,6.9,0.3,0.0
2024-05-12,Cluj,15.7,8.7,6.9,0.0
2024-05-13,Cluj,16.8,6.9,0.0,0.0
2024-05-14,Cluj,18.3,5.6,0.3,0.0
2024-05-15,Cluj,18.1,7.6,3.6,0.0
2024-05-16,Cluj,19.3,5.8,0.0,0.0
2024-05-17,Cluj,18.1,10.2,0.5,0.0
2024-05-18,Cluj,20.1,9.8,0.7,0.0
2024-05-19,Cluj,23.1,8.2,0.0,0.0
2024-05-20,Cluj,24.2,10.4,0.4,0.0
2024-05-21,Cluj,25.0,11.6,0.0,0.0
2024-05-22,Cluj,21.6,13.1,10.0,0.0
2024-05-23,Cluj,22.6,11.7,3.3,0.0
2024-05-24,Cluj,24.7,11.7,0.3,0.0
2024-05-25,Cluj,24.8,11.6,0.5,0.0
2024-05-26,Cluj,24.1,9.0,0.0,0.0
2024-05-27,Cluj,21.4,11.0,0.0,0.0
2024-05-28,Cluj,22.1,9.3,0.2,0.0
2024-05-29,Cluj,22.5,10.6,2.6,0.0
2024-05-30,Cluj,21.0,13.1,0.5,0.0
2024-05-31,Cluj,24.0,10.4,5.2,0.0
2024-06-01,Cluj,26.2,13.7,0.8,0.0
2024-06-02,Cluj,24.8,12.7,0.2,0.0
2024-06-03,Cluj,25.7,12.0,7.1,0.0
2024-06-04,Cluj,24.3,12.3,1.4,0.0
2024-06-05,Cluj,23.7,12.1,1.0,0.0
2024-06-06,Cluj,25.6,12.4,0.1,0.0
2024-06-07,Cluj,27.0,14.3,0.0,0.0
2024-06-08,Cluj,27.2,13.8,0.1,0.0
2024-06-09,Cluj,25.3,16.0,4.2,0.0
2024-06-10,Cluj,29.2,17.6,1.9,0.0
2024-06-11,Cluj,25.3,15.1,13.7,0.0
2024-06-12,Cluj,24.2,13.6,2.5,0.0
2024-06-13,Cluj,22.0,14.9,38.1,0.0
2024-06-14,Cluj,19.4,13.8,18.0,0.0
2024-06-15,Cluj,22.3,11.8,0.0,0.0
2024-06-16,Cluj,25.5,11.3,0.0,0.0
2024-06-17,Cluj,25.7,13.1,0.2,0.0
2024-06-18,Cluj,27.8,13.8,0.0,0.0
2024-06-19,Cluj,31.3,16.0,0.0,0.0
2024-06-20,Cluj,28.7,17.0,0.0,0.0
2024-06-21,Cluj,30.7,15.4,0.0,0.0
2024-06-22,Cluj,33.4,19.2,0.0,0.0
2024-06-23,Cluj,30.8,20.3,1.8,0.0
2024-06-24,Cluj,26.8,19.2,1.8,0.0
2024-06-25,Cluj,27.5,17.2,0.1,0.0
2024-06-26,Cluj,28.5,18.9,0.0,0.0
2024-06-27,Cluj,29.3,17.0,0.1,0.0
2024-06-28,Cluj,28.0,17.2,9.8,0.0
2024-06-29,Cluj,28.9,17.5,0.0,0.0
2024-06-30,Cluj,31.1,17.3,0.0,0.0
2024-07-01,Cluj,30.9,16.8,0.0,0.0
2024-07-02,Cluj,25.4,16.3,16.7,0.0
2024-07-03,Cluj,15.8,14.1,5.9,0.0
2024-07-04,Cluj,21.3,13.4,3.0,0.0
2024-07-05,Cluj,24.6,13.0,0.0,0.0
2024-07-06,Cluj,27.1,12.6,0.0,0.0
2024-07-07,Cluj,30.6,15.1,0.0,0.0
2024-07-08,Cluj,30.1,17.0,0.7,0.0
2024-07-09,Cluj,31.0,19.3,0.0,0.0
2024-07-10,Cluj,31.3,19.2,0.0,0.0
2024-07-11,Cluj,32.6,18.9,0.0,0.0
2024-07-12,Cluj,33.3,18.8,0.0,0.0
2024-07-13,Cluj,34.8,19.3,0.0,0.0
2024-07-14,Cluj,35.2,18.3,0.0,0.0
2024-07-15,Cluj,35.4,20.6,0.1,0.0
2024-07-16,Cluj,33.8,20.3,0.1,0.0
2024-07-17,Cluj,33.8,20.5,0.0,0.0
2024-07-18,Cluj,32.4,20.9,0.0,0.0
2024-07-19,Cluj,30.5,19.8,0.4,0.0
2024-07-20,Cluj,29.7,19.4,2.1,0.0
2024-07-21,Cluj,25.5,19.3,7.5,0.0
2024-07-22,Cluj,27.4,17.5,1.3,0.0
2024-07-23,Cluj,28.9,17.1,0.1,0.0
2024-07-24,Cluj,25.6,16.9,5.4,0.0
2024-07-25,Cluj,23.9,16.9,0.7,0.0
2024-07-26,Cluj,24.3,15.2,0.4,0.0
2024-07-27,Cluj,27.4,13.4,0.0,0.0
2024-07-28,Cluj,31.3,16.2,0.0,0.0
2024-07-29,Cluj,25.1,16.3,0.0,0.0
2024-07-30,Cluj,24.5,13.6,0.0,0.0
2024-07-31,Cluj,27.1,12.4,0.0,0.0
2024-08-01,Cluj,29.5,13.3,0.0,0.0
2024-08-02,Cluj,32.2,18.7,1.4,0.0
2024-08-03,Cluj,27.7,17.4,4.7,0.0
2024-08-04,Cluj,24.0,16.0,2.0,0.0
2024-08-05,Cluj,26.7,14.7,5.8,0.0
2024-08-06,Cluj,21.0,13.9,9.1,0.0
2024-08-07,Cluj,25.8,13.7,0.0,0.0
2024-08-08,Cluj,28.7,14.3,0.0,0.0
2024-08-09,Cluj,26.5,17.1,3.1,0.0
2024-08-10,Cluj,27.2,16.9,0.0,0.0
2024-08-11,Cluj,31.0,13.3,0.0,0.0
2024-08-12,Cluj,31.5,16.0,0.0,0.0
2024-08-13,Cluj,33.1,16.4,0.0,0.0
2024-08-14,Cluj,33.0,19.1,0.2,0.0
2024-08-15,Cluj,34.6,19.6,0.2,0.0
2024-08-16,Cluj,33.7,18.8,2.1,0.0
2024-08-17,Cluj,33.4,18.9,2.1,0.0
2024-08-18,Cluj,29.8,18.3,0.0,0.0
2024-08-19,Cluj,33.5,18.8,0.0,0.0
2024-08-20,Cluj,32.9,18.6,0.0,0.0
2024-08-21,Cluj,32.6,18.0,0.0,0.0
2024-08-22,Cluj,27.3,17.8,0.7,0.0
2024-08-23,Cluj,28.9,13.4,0.0,0.0
2024-08-24,Cluj,30.3,12.8,0.0,0.0
2024-08-25,Cluj,33.2,16.7,0.0,0.0
2024-08-26,Cluj,33.7,18.4,0.0,0.0
2024-08-27,Cluj,29.1,19.3,19.5,0.0
2024-08-28,Cluj,29.3,16.8,0.0,0.0
2024-08-29,Cluj,28.1,19.0,0.7,0.0
2024-08-30,Cluj,29.6,16.6,0.1,0.0
2024-08-31,Cluj,31.6,17.3,0.0,0.0
2024-09-01,Cluj,30.4,16.6,0.1,0.0
2024-09-02,Cluj,30.5,17.3,0.0,0.0
2024-09-03,Cluj,31.0,16.2,0.0,0.0
2024-09-04,Cluj,30.2,16.5,0.0,0.0
2024-09-05,Cluj,27.3,15.7,0.0,0.0
2024-09-06,Cluj,27.9,15.0,0.0,0.0
2024-09-07,Cluj,28.4,16.8,0.0,0.0
2024-09-08,Cluj,27.3,15.0,0.0,0.0
2024-09-09,Cluj,27.8,13.3,0.0,0.0
2024-09-10,Cluj,21.7,16.2,3.8,0.0
2024-09-11,Cluj,20.6,14.5,1.4,0.0
2024-09-12,Cluj,23.6,15.3,1.0,0.0
2024-09-13,Cluj,27.3,13.2,3.8,0.0
2024-09-14,Cluj,15.8,10.6,17.2,0.0
2024-09-15,Cluj,18.1,8.9,0.0,0.0
2024-09-16,Cluj,16.3,10.3,2.0,0.0
2024-09-17,Cluj,17.7,10.5,2.5,0.0
2024-09-18,Cluj,22.8,11.3,0.0,0.0
2024-09-19,Cluj,19.8,11.1,0.0,0.0
2024-09-20,Cluj,21.1,8.3,0.0,0.0
2024-09-21,Cluj,21.8,6.8,0.0,0.0
2024-09-22,Cluj,23.0,8.3,0.0,0.0
2024-09-23,Cluj,23.8,8.4,0.0,0.0
2024-09-24,Cluj,24.7,8.7,0.0,0.0
2024-09-25,Cluj,24.1,12.0,2.5,0.0
2024-09-26,Cluj,24.9,11.2,0.2,0.0
2024-09-27,Cluj,27.7,13.5,0.0,0.0
2024-09-28,Cluj,27.7,12.6,0.0,0.0
2024-09-29,Cluj,16.2,8.8,24.1,0.0
2024-09-30,Cluj,10.5,6.6,4.5,0.0
2024-10-01,Cluj,13.3,3.4,0.0,0.0
2024-10-02,Cluj,15.7,2.0,0.0,0.0
2024-10-03,Cluj,20.7,8.7,0.2,0.0
2024-10-04,Cluj,17.4,13.8,4.8,0.0
2024-10-05,Cluj,16.7,11.7,9.8,0.0
2024-10-06,Cluj,15.4,10.8,4.3,0.0
2024-10-07,Cluj,16.2,7.3,0.4,0.0
2024-10-08,Cluj,18.4,6.1,0.0,0.0
2024-10-09,Cluj,22.6,8.0,0.4,0.0
2024-10-10,Cluj,23.4,9.6,0.0,0.0
2024-10-11,Cluj,18.5,11.2,5.8,0.0
2024-10-12,Cluj,14.8,7.7,0.4,0.0
2024-10-13,Cluj,14.8,6.0,0.0,0.0
2024-10-14,Cluj,14.6,6.5,0.0,0.0
2024-10-15,Cluj,10.6,4.1,1.4,0.0
2024-10-16,Cluj,13.1,3.4,0.0,0.0
2024-10-17,Cluj,12.8,1.5,0.0,0.0
2024-10-18,Cluj,13.8,1.5,0.0,0.0
2024-10-19,Cluj,13.1,1.9,0.0,0.0
2024-10-20,Cluj,14.0,-0.5,0.0,0.0
2024-10-21,Cluj,15.0,-0.5,0.0,0.0
2024-10-22,Cluj,14.7,-1.1,0.0,0.0
2024-10-23,Cluj,16.0,3.9,0.0,0.0
2024-10-24,Cluj,15.1,2.7,0.0,0.0
2024-10-25,Cluj,15.5,1.4,0.0,0.0
2024-10-26,Cluj,14.9,0.5,0.0,0.0
2024-10-27,Cluj,16.2,5.3,0.0,0.0
2024-10-28,Cluj,17.9,7.2,0.0,0.0
2024-10-29,Cluj,16.6,5.5,0.0,0.0
2024-10-30,Cluj,13.9,3.8,0.0,0.0
2024-10-31,Cluj,15.9,4.3,1.0,0.0
2024-11-01,Cluj,14.8,5.2,0.0,0.0
2024-11-02,Cluj,13.5,4.3,0.2,0.0
2024-11-03,Cluj,9.5,0.2,0.0,0.0
2024-11-04,Cluj,8.5,-1.4,0.0,0.0
2024-11-05,Cluj,8.5,-1.7,0.0,0.0
2024-11-06,Cluj,10.8,-0.4,0.0,0.0
2024-11-07,Cluj,11.6,-2.0,0.0,0.0
2024-11-08,Cluj,12.0,0.6,0.0,0.0
2024-11-09,Cluj,9.6,-1.2,0.0,0.0
2024-11-10,Cluj,7.5,-2.3,0.0,0.0
2024-11-11,Cluj,7.5,-2.2,0.0,0.0
2024-11-12,Cluj,4.3,-2.1,1.8,0.0
2024-11-13,Cluj,2.9,0.4,0.0,0.0
2024-11-14,Cluj,3.3,0.9,0.0,0.0
2024-11-15,Cluj,4.0,0.2,0.1,0.0
2024-11-16,Cluj,6.4,-1.6,0.0,0.0
2024-11-17,Cluj,5.5,-3.2,0.0,0.0
2024-11-18,Cluj,6.4,-3.9,0.0,0.0
2024-11-19,Cluj,7.5,-3.5,0.0,0.0
2024-11-20,Cluj,12.7,1.7,11.6,0.0
2024-11-21,Cluj,2.6,-2.3,5.2,0.0
2024-11-22,Cluj,1.1,-2.4,15.6,0.0
2024-11-23,Cluj,0.3,-5.4,0.7,0.0
2024-11-24,Cluj,2.0,-9.9,0.1,0.0
2024-11-25,Cluj,7.4,-0.8,0.0,0.0
2024-11-26,Cluj,8.1,-1.1,0.0,0.0
2024-11-27,Cluj,9.2,2.1,0.1,0.0
2024-11-28,Cluj,6.6,2.3,0.4,0.0
2024-11-29,Cluj,5.5,1.8,4.6,0.0
2024-11-30,Cluj,6.5,1.9,0.0,0.0
2024-12-01,Cluj,8.0,2.2,0.0,0.0
2024-12-02,Cluj,6.0,-2.0,0.0,0.0
2024-12-03,Cluj,4.5,-0.3,0.0,0.0
2024-12-04,Cluj,3.6,-0.1,0.0,0.0
2024-12-05,Cluj,3.8,0.6,0.0,0.0
2024-12-06,Cluj,4.4,0.2,0.8,0.0
2024-12-07,Cluj,3.6,1.6,4.1,0.0
2024-12-08,Cluj,4.2,0.4,0.0,0.0
2024-12-09,Cluj,6.2,0.3,0.9,0.0
2024-12-10,Cluj,5.3,0.4,2.2,0.0
2024-12-11,Cluj,2.1,0.3,3.1,0.0
2024-12-12,Cluj,1.3,0.2,0.0,0.0
2024-12-13,Cluj,2.8,-0.6,0.0,0.0
2024-12-14,Cluj,1.9,-3.6,0.1,0.0
2024-12-15,Cluj,2.6,-1.9,1.2,0.0
2024-12-16,Cluj,5.5,0.3,0.2,0.0
2024-12-17,Cluj,9.6,0.2,0.0,0.0
2024-12-18,Cluj,8.0,-1.0,0.0,0.0
2024-12-19,Cluj,6.4,-0.7,0.0,0.0
2024-12-20,Cluj,3.1,-1.5,1.8,0.0
2024-12-21,Cluj,3.1,1.5,2.2,0.0
2024-12-22,Cluj,3.1,-2.0,0.0,0.0
2024-12-23,Cluj,3.8,-3.3,0.0,0.0
2024-12-24,Cluj,2.7,-3.0,7.1,0.0
2024-12-25,Cluj,5.9,-1.1,0.7,0.0
2024-12-26,Cluj,5.4,-2.0,0.0,0.0
2024-12-27,Cluj,6.6,-1.1,0.2,0.0
2024-12-28,Cluj,5.9,-2.6,0.0,0.0
2024-12-29,Cluj,3.7,-3.6,0.0,0.0
2024-12-30,Cluj,1.9,-3.7,0.0,0.0
2024-12-31,Cluj,1.3,-3.7,0.0,0.0
2025-01-01,Cluj,1.9,-4.8,0.0,0.0
2025-01-02,Cluj,4.7,-5.7,0.0,0.0
2025-01-03,Cluj,3.5,-3.5,5.1,0.0
2025-01-04,Cluj,1.2,-4.2,0.0,0.0
2025-01-05,Cluj,1.9,-6.9,0.5,0.0
2025-01-06,Cluj,9.4,-1.4,0.0,0.0
2025-01-07,Cluj,8.5,0.6,0.0,0.0
2025-01-08,Cluj,12.6,3.1,0.0,0.0
2025-01-09,Cluj,12.5,1.8,0.0,0.0
2025-01-10,Cluj,8.4,0.0,3.3,0.0
2025-01-11,Cluj,3.3,-3.8,0.0,0.0
2025-01-12,Cluj,1.8,-4.3,1.8,0.0
2025-01-13,Cluj,1.9,-3.5,0.5,0.0
2025-01-14,Cluj,1.9,-7.8,0.0,0.0
2025-01-15,Cluj,-0.1,-8.5,0.3,0.0
2025-01-16,Cluj,2.3,-7.7,0.0,0.0
2025-01-17,Cluj,2.3,-5.8,0.0,0.0
2025-01-18,Cluj,2.8,-4.5,0.0,0.0
2025-01-19,Cluj,2.9,-5.3,0.0,0.0
2025-01-20,Cluj,5.4,-5.3,0.0,0.0
2025-01-21,Cluj,6.1,-4.3,0.0,0.0
2025-01-22,Cluj,3.3,-2.1,0.2,0.0
2025-01-23,Cluj,4.0,-1.3,2.0,0.0
2025-01-24,Cluj,6.3,0.8,3.1,0.0
2025-01-25,Cluj,4.6,-2.1,0.0,0.0
2025-01-26,Cluj,9.9,-1.8,0.0,0.0
2025-01-27,Cluj,11.7,-1.2,0.0,0.0
2025-01-28,Cluj,15.1,1.7,0.0,0.0
2025-01-29,Cluj,14.4,2.2,0.1,0.0
2025-01-30,Cluj,9.0,0.7,0.0,0.0
2025-01-31,Cluj,11.3,0.5,0.6,0.0
2025-02-01,Cluj,8.2,-0.8,0.0,0.0
2025-02-02,Cluj,2.7,-1.2,3.1,0.0
2025-02-03,Cluj,2.9,-2.4,0.0,0.0
2025-02-04,Cluj,2.8,-3.8,0.0,0.0
2025-02-05,Cluj,4.1,-3.9,0.0,0.0
2025-02-06,Cluj,4.7,-1.4,0.0,0.0
2025-02-07,Cluj,2.5,-3.6,0.0,0.0
2025-02-08,Cluj,4.5,-4.3,0.0,0.0
2025-02-09,Cluj,5.4,-4.6,0.0,0.0
2025-02-10,Cluj,6.0,-6.1,0.0,0.0
2025-02-11,Cluj,5.4,-6.8,0.0,0.0
2025-02-12,Cluj,4.3,-6.4,0.0,0.0
2025-02-13,Cluj,3.2,-4.6,0.0,0.0
2025-02-14,Cluj,9.5,-1.4,0.8,0.0
2025-02-15,Cluj,1.3,-3.8,1.8,0.0
2025-02-16,Cluj,0.6,-5.1,0.0,0.0
2025-02-17,Cluj,0.4,-7.3,0.1,0.0
2025-02-18,Cluj,-0.8,-6.3,1.8,0.0
2025-02-19,Cluj,0.8,-8.5,0.0,0.0
2025-02-20,Cluj,2.1,-8.8,0.0,0.0
2025-02-21,Cluj,2.3,-8.4,0.0,0.0
2025-02-22,Cluj,3.5,-8.2,0.0,0.0
2025-02-23,Cluj,5.7,-6.7,0.0,0.0
2025-02-24,Cluj,7.3,-5.3,0.0,0.0
2025-02-25,Cluj,8.7,-1.4,0.0,0.0
2025-02-26,Cluj,10.1,-2.6,0.0,0.0
2025-02-27,Cluj,13.2,0.2,0.0,0.0
2025-02-28,Cluj,6.4,1.2,1.4,0.0
2025-03-01,Cluj,10.2,1.2,0.0,0.0
2025-03-02,Cluj,5.7,-0.2,0.1,0.0
2025-03-03,Cluj,7.1,-1.8,0.0,0.0
2025-03-04,Cluj,11.0,-2.7,0.0,0.0
2025-03-05,Cluj,13.8,-1.2,0.0,0.0
2025-03-06,Cluj,16.4,-0.5,0.0,0.0
2025-03-07,Cluj,17.3,-0.5,0.0,0.0
2025-03-08,Cluj,18.5,-1.5,0.0,0.0
2025-03-09,Cluj,17.1,-0.1,0.0,0.0
2025-03-10,Cluj,19.1,-1.3,0.0,0.0
2025-03-11,Cluj,16.5,2.5,1.6,0.0
2025-03-12,Cluj,19.4,3.1,0.0,0.0
2025-03-13,Cluj,18.2,7.8,1.8,0.0
2025-03-14,Cluj,19.0,4.6,1.0,0.0
2025-03-15,Cluj,21.6,7.6,17.4,0.0
2025-03-16,Cluj,10.1,4.2,3.5,0.0
2025-03-17,Cluj,6.4,0.3,2.7,0.0
2025-03-18,Cluj,3.1,-2.8,0.1,0.0
2025-03-19,Cluj,7.7,-2.8,0.0,0.0
2025-03-20,Cluj,10.7,-3.4,0.0,0.0
2025-03-21,Cluj,13.3,-2.0,0.0,0.0
2025-03-22,Cluj,15.6,-1.3,3.6,0.0
2025-03-23,Cluj,16.0,4.6,5.1,0.0
2025-03-24,Cluj,20.5,3.7,10.5,0.0
2025-03-25,Cluj,16.4,8.1,1.0,0.0
2025-03-26,Cluj,15.7,5.7,2.0,0.0
2025-03-27,Cluj,17.0,9.1,6.1,0.0
2025-03-28,Cluj,14.3,7.2,2.4,0.0
2025-03-29,Cluj,10.1,7.4,12.0,0.0
2025-03-30,Cluj,11.8,6.7,0.9,0.0
2025-03-31,Cluj,14.7,5.6,6.1,0.0
2025-04-01,Cluj,15.6,4.1,0.1,0.0
2025-04-02,Cluj,13.0,5.3,0.5,0.0
2025-04-03,Cluj,12.7,4.8,0.2,0.0
2025-04-04,Cluj,17.4,5.1,0.0,0.0
2025-04-05,Cluj,17.4,3.0,4.1,0.0
2025-04-06,Cluj,4.5,-1.4,0.9,0.0
2025-04-07,Cluj,2.6,-3.9,0.0,0.0
2025-04-08,Cluj,7.2,-2.5,0.7,0.0
2025-04-09,Cluj,8.2,-0.8,0.0,0.0
2025-04-10,Cluj,5.4,-0.4,1.5,0.0
2025-04-11,Cluj,7.5,-0.9,3.8,0.0
2025-04-12,Cluj,11.1,2.7,0.5,0.0
2025-04-13,Cluj,17.4,-0.9,0.0,0.0
2025-04-14,Cluj,15.2,5.4,1.4,0.0
2025-04-15,Cluj,16.4,9.5,5.5,0.0
2025-04-16,Cluj,24.9,8.3,0.0,0.0
2025-04-17,Cluj,25.9,9.1,0.0,0.0
2025-04-18,Cluj,20.1,11.5,14.3,0.0
2025-04-19,Cluj,19.4,9.6,0.1,0.0
2025-04-20,Cluj,21.1,7.1,0.0,0.0
2025-04-21,Cluj,23.2,7.8,0.1,0.0
2025-04-22,Cluj,21.8,8.6,6.9,0.0
2025-04-23,Cluj,21.8,9.7,0.9,0.0
2025-04-24,Cluj,22.2,10.1,0.0,0.0
2025-04-25,Cluj,22.6,9.5,0.2,0.0
2025-04-26,Cluj,20.1,10.0,5.5,0.0
2025-04-27,Cluj,14.2,7.9,0.0,0.0
2025-04-28,Cluj,18.5,5.2,0.0,0.0
2025-04-29,Cluj,20.0,4.8,0.0,0.0
2025-04-30,Cluj,21.2,7.6,0.0,0.0
2025-05-01,Cluj,21.7,10.4,0.0,0.0
2025-05-02,Cluj,21.7,10.1,0.0,0.0
2025-05-03,Cluj,24.7,9.3,0.0,0.0
2025-05-04,Cluj,25.2,10.6,0.0,0.0
2025-05-05,Cluj,20.9,10.9,2.3,0.0
2025-05-06,Cluj,18.7,12.7,6.0,0.0
2025-05-07,Cluj,15.3,9.9,6.7,0.0
2025-05-08,Cluj,15.9,8.9,8.7,0.0
2025-05-09,Cluj,12.6,5.8,0.2,0.0
2025-05-10,Cluj,14.8,4.1,0.0,0.0
2025-05-11,Cluj,11.2,4.9,1.5,0.0
2025-05-12,Cluj,12.9,2.7,1.0,0.0
2025-05-13,Cluj,13.7,2.0,0.3,0.0
2025-05-14,Cluj,15.1,3.2,0.2,0.0
2025-05-15,Cluj,19.1,6.9,4.6,0.0
2025-05-16,Cluj,11.6,5.8,10.6,0.0
2025-05-17,Cluj,13.7,6.1,1.9,0.0
2025-05-18,Cluj,16.7,5.4,8.6,0.0
2025-05-19,Cluj,12.8,7.1,11.1,0.0
2025-05-20,Cluj,16.0,4.5,0.0,0.0
2025-05-21,Cluj,19.7,5.8,0.0,0.0
2025-05-22,Cluj,18.9,10.3,6.0,0.0
2025-05-23,Cluj,20.4,8.7,10.5,0.0
2025-05-24,Cluj,15.8,9.7,2.1,0.0
2025-05-25,Cluj,13.4,8.5,2.3,0.0
2025-05-26,Cluj,16.9,8.9,0.0,0.0
2025-05-27,Cluj,17.3,10.7,0.8,0.0
2025-05-28,Cluj,18.5,11.0,0.0,0.0
2025-05-29,Cluj,15.0,10.3,5.5,0.0
2025-05-30,Cluj,18.2,11.4,0.5,0.0
2025-05-31,Cluj,21.1,9.8,0.0,0.0
2025-06-01,Cluj,23.6,11.7,0.5,0.0
2025-06-02,Cluj,26.6,11.7,0.0,0.0
2025-06-03,Cluj,28.5,12.9,0.2,0.0
2025-06-04,Cluj,25.6,14.9,0.1,0.0
2025-06-05,Cluj,30.3,13.4,0.0,0.0
2025-06-06,Cluj,30.5,16.2,0.0,0.0
2025-06-07,Cluj,31.3,15.7,0.0,0.0
2025-06-08,Cluj,31.5,15.9,0.8,0.0
2025-06-09,Cluj,23.1,15.0,0.0,0.0
2025-06-10,Cluj,24.4,9.5,0.0,0.0
2025-06-11,Cluj,25.5,10.8,0.3,0.0
2025-06-12,Cluj,22.4,12.5,0.0,0.0
2025-06-13,Cluj,21.9,12.6,0.0,0.0
2025-06-14,Cluj,22.8,9.9,0.0,0.0
2025-06-15,Cluj,24.3,11.3,0.0,0.0
2025-06-16,Cluj,27.9,11.4,0.0,0.0
2025-06-17,Cluj,27.9,14.2,2.0,0.0
2025-06-18,Cluj,26.6,16.1,0.0,0.0
2025-06-19,Cluj,28.5,13.2,0.0,0.0
2025-06-20,Cluj,21.9,14.8,0.0,0.0
2025-06-21,Cluj,22.6,11.0,0.0,0.0
2025-06-22,Cluj,25.7,12.6,0.0,0.0
2025-06-23,Cluj,30.0,17.5,0.0,0.0
2025-06-24,Cluj,27.8,14.7,0.0,0.0
2025-06-25,Cluj,31.4,14.9,0.0,0.0
2025-06-26,Cluj,31.3,22.0,0.0,0.0
2025-06-27,Cluj,28.2,18.3,8.1,0.0
2025-06-28,Cluj,23.7,17.3,4.3,0.0
2025-06-29,Cluj,26.6,15.0,0.0,0.0
2025-06-30,Cluj,27.0,19.0,0.0,0.0
2025-07-01,Cluj,26.2,14.6,0.0,0.0
2025-07-02,Cluj,28.6,12.4,0.0,0.0
2025-07-03,Cluj,32.9,16.6,0.0,0.0
2025-07-04,Cluj,34.3,15.9,0.0,0.0
2025-07-05,Cluj,29.3,17.2,0.0,0.0
2025-07-06,Cluj,31.8,15.0,0.0,0.0
2025-07-07,Cluj,34.7,19.1,0.8,0.0
2025-07-08,Cluj,33.4,17.8,3.9,0.0
2025-07-09,Cluj,21.2,13.6,13.8,0.0
2025-07-10,Cluj,17.9,13.3,10.5,0.0
2025-07-11,Cluj,20.4,12.0,0.1,0.0
2025-07-12,Cluj,23.0,11.2,1.4,0.0
2025-07-13,Cluj,27.2,12.5,0.1,0.0
2025-07-14,Cluj,27.2,14.5,0.2,0.0
2025-07-15,Cluj,28.9,16.5,0.3,0.0
2025-07-16,Cluj,25.3,15.0,6.2,0.0
2025-07-17,Cluj,23.8,12.6,17.5,0.0
2025-07-18,Cluj,20.7,13.2,8.6,0.0
2025-07-19,Cluj,23.8,12.8,2.7,0.0
2025-07-20,Cluj,26.9,13.6,0.4,0.0
2025-07-21,Cluj,30.5,14.6,0.0,0.0
2025-07-22,Cluj,29.8,18.3,0.0,0.0
2025-07-23,Cluj,29.2,16.9,0.0,0.0
2025-07-24,Cluj,30.5,16.6,0.1,0.0
2025-07-25,Cluj,33.1,17.4,2.5,0.0
2025-07-26,Cluj,36.0,19.3,0.0,0.0
2025-07-27,Cluj,25.2,18.0,24.4,0.0
2025-07-28,Cluj,26.2,15.6,0.5,0.0
2025-07-29,Cluj,23.9,17.0,9.0,0.0
2025-07-30,Cluj,22.3,15.7,6.3,0.0
2025-07-31,Cluj,24.1,12.8,0.0,0.0
2025-08-01,Cluj,25.1,12.2,0.0,0.0
2025-08-02,Cluj,27.1,12.7,0.0,0.0
2025-08-03,Cluj,27.0,15.1,0.4,0.0
2025-08-04,Cluj,25.1,15.8,0.4,0.0
2025-08-05,Cluj,27.5,15.9,0.3,0.0
2025-08-06,Cluj,26.4,16.0,2.7,0.0
2025-08-07,Cluj,25.0,14.2,0.0,0.0
2025-08-08,Cluj,27.4,14.7,0.0,0.0
2025-08-09,Cluj,30.3,12.4,0.0,0.0
2025-08-10,Cluj,32.1,15.2,0.0,0.0
2025-08-11,Cluj,27.4,18.7,0.0,0.0
2025-08-12,Cluj,29.0,14.6,0.0,0.0
2025-08-13,Cluj,30.4,15.4,0.0,0.0
2025-08-14,Cluj,31.3,17.6,0.0,0.0
2025-08-15,Cluj,31.3,17.8,0.0,0.0
2025-08-16,Cluj,31.1,17.4,0.0,0.0
2025-08-17,Cluj,29.0,16.6,12.6,0.0
2025-08-18,Cluj,24.6,15.8,15.2,0.0
2025-08-19,Cluj,24.5,14.8,0.9,0.0
2025-08-20,Cluj,26.4,12.3,0.0,0.0
2025-08-21,Cluj,28.8,12.2,2.1,0.0
2025-08-22,Cluj,25.3,14.7,21.1,0.0
2025-08-23,Cluj,19.7,11.9,0.2,0.0
2025-08-24,Cluj,17.5,8.9,0.1,0.0
2025-08-25,Cluj,19.3,5.7,0.0,0.0
2025-08-26,Cluj,22.9,8.1,0.0,0.0
2025-08-27,Cluj,26.6,9.6,0.0,0.0
2025-08-28,Cluj,28.0,11.4,0.0,0.0
2025-08-29,Cluj,29.5,13.0,0.0,0.0
2025-08-30,Cluj,29.6,13.7,0.0,0.0
2025-08-31,Cluj,22.7,17.1,16.1,0.0
2025-09-01,Cluj,24.4,15.9,2.0,0.0
2025-09-02,Cluj,27.7,15.0,0.0,0.0
2025-09-03,Cluj,27.9,16.0,1.0,0.0
2025-09-04,Cluj,28.7,17.1,0.0,0.0
2025-09-05,Cluj,29.0,16.6,0.0,0.0
2025-09-06,Cluj,28.6,12.9,0.0,0.0
2025-09-07,Cluj,26.7,14.6,0.0,0.0
2025-09-08,Cluj,25.4,14.3,1.4,0.0
2025-09-09,Cluj,21.8,14.3,6.3,0.0
2025-09-10,Cluj,24.8,13.7,0.7,0.0
2025-09-11,Cluj,23.0,16.2,15.1,0.0
2025-09-12,Cluj,22.2,15.5,8.3,0.0
2025-09-13,Cluj,24.3,13.6,0.1,0.0
2025-09-14,Cluj,23.9,14.7,1.9,0.0
2025-09-15,Cluj,20.9,12.6,0.0,0.0
2025-09-16,Cluj,23.1,10.7,0.9,0.0
2025-09-17,Cluj,18.0,11.9,2.0,0.0
2025-09-18,Cluj,18.1,8.9,0.0,0.0
2025-09-19,Cluj,21.7,7.5,0.0,0.0
2025-09-20,Cluj,24.4,10.5,0.0,0.0
2025-09-21,Cluj,25.6,13.3,0.0,0.0
2025-09-22,Cluj,25.9,12.1,0.0,0.0
2025-09-23,Cluj,25.4,11.4,0.0,0.0
2025-09-24,Cluj,24.6,10.5,0.0,0.0
2025-09-25,Cluj,17.7,11.7,1.4,0.0
2025-09-26,Cluj,14.2,10.1,0.1,0.0
2025-09-27,Cluj,16.6,8.5,0.1,0.0
2025-09-28,Cluj,16.8,4.1,0.0,0.0
2025-09-29,Cluj,13.4,6.9,8.0,0.0
2025-09-30,Cluj,12.6,4.7,0.5,0.0
2025-10-01,Cluj,12.3,4.2,2.7,0.0
2025-10-02,Cluj,10.0,4.6,1.2,0.0
2025-10-03,Cluj,9.8,3.9,10.2,0.0
2025-10-04,Cluj,11.8,6.3,13.5,0.0
2025-10-05,Cluj,11.0,6.7,2.9,0.0
2025-10-06,Cluj,9.2,7.5,8.2,0.0
2025-10-07,Cluj,13.0,7.5,1.4,0.0
2025-10-08,Cluj,12.8,7.9,0.3,0.0
2025-10-09,Cluj,14.8,7.2,0.0,0.0
2025-10-10,Cluj,16.0,9.7,2.2,0.0
2025-10-11,Cluj,12.1,8.4,0.5,0.0
2025-10-12,Cluj,13.4,9.6,0.1,0.0
2025-10-13,Cluj,14.1,6.8,0.2,0.0
2025-10-14,Cluj,11.6,4.7,0.0,0.0
2025-10-15,Cluj,12.9,4.5,0.0,0.0
2025-10-16,Cluj,13.2,1.1,0.0,0.0
2025-10-17,Cluj,13.7,1.1,0.1,0.0
2025-10-18,Cluj,14.6,6.3,1.8,0.0
2025-10-19,Cluj,9.8,1.9,0.0,0.0
2025-10-20,Cluj,9.9,-1.8,0.0,0.0
2025-10-21,Cluj,11.0,-0.7,0.0,0.0
2025-10-22,Cluj,14.4,2.4,0.0,0.0
2025-10-23,Cluj,19.3,5.1,0.0,0.0
2025-10-24,Cluj,13.9,8.3,4.3,0.0
2025-10-25,Cluj,11.9,2.6,0.0,0.0
2025-10-26,Cluj,14.1,5.3,10.1,0.0
2025-10-27,Cluj,12.7,4.8,0.0,0.0
2025-10-28,Cluj,11.6,4.1,0.2,0.0
2025-10-29,Cluj,16.7,5.8,0.0,0.0
2025-10-30,Cluj,16.5,3.7,0.0,0.0
2025-10-31,Cluj,17.9,9.0,0.0,0.0
2025-11-01,Cluj,17.3,5.4,0.0,0.0
2025-11-02,Cluj,18.1,5.4,0.0,0.0
2025-11-03,Cluj,19.6,5.2,0.0,0.0
2025-11-04,Cluj,11.7,5.2,0.0,0.0
2025-11-05,Cluj,12.7,0.9,0.0,0.0
2025-11-06,Cluj,11.3,2.3,0.0,0.0
2025-11-07,Cluj,13.4,1.5,0.6,0.0
2025-11-08,Cluj,13.0,5.8,3.0,0.0
2025-11-09,Cluj,14.2,7.4,0.0,0.0
2025-11-10,Cluj,9.2,6.2,3.8,0.0
2025-11-11,Cluj,9.6,5.3,0.0,0.0
2025-11-12,Cluj,9.9,2.8,0.0,0.0
2025-11-13,Cluj,9.3,1.6,0.0,0.0
2025-11-14,Cluj,8.5,0.2,0.0,0.0
2025-11-15,Cluj,9.3,0.2,0.0,0.0
2025-11-16,Cluj,9.6,2.4,0.0,0.0
2025-11-17,Cluj,16.1,4.0,5.9,0.0
2025-11-18,Cluj,9.5,1.7,3.7,0.0
2025-11-19,Cluj,5.9,1.0,1.6,0.0
2025-11-20,Cluj,12.3,1.8,0.1,0.0
2025-11-21,Cluj,15.3,5.2,0.2,0.0
2025-11-22,Cluj,7.2,3.0,4.2,0.0
2025-11-23,Cluj,4.2,0.9,5.9,0.0
2025-11-24,Cluj,3.3,-0.5,0.7,0.0
2025-11-25,Cluj,6.5,0.3,0.0,0.0
2025-11-26,Cluj,11.8,2.8,0.1,0.0
2025-11-27,Cluj,5.1,3.5,7.1,0.0
2025-11-28,Cluj,8.7,3.4,0.2,0.0
2025-11-29,Cluj,8.1,3.6,10.8,0.0
2025-11-30,Cluj,6.6,3.8,8.9,0.0
2025-12-01,Cluj,4.5,3.2,1.9,0.0
2025-12-02,Cluj,6.4,3.4,0.0,0.0
2025-12-03,Cluj,8.1,1.3,0.0,0.0
2025-12-04,Cluj,9.5,1.6,0.0,0.0
2025-12-05,Cluj,12.5,4.7,0.0,0.0
2025-12-06,Cluj,7.8,3.3,0.2,0.0
2025-12-07,Cluj,9.2,3.2,0.4,0.0
2025-12-08,Cluj,8.6,2.9,0.0,0.0
2025-12-09,Cluj,9.0,-0.1,0.0,0.0
2025-12-10,Cluj,10.5,2.0,0.0,0.0
2025-12-11,Cluj,5.9,0.6,0.0,0.0
2025-12-12,Cluj,7.1,2.8,0.4,0.0
2025-12-13,Cluj,5.4,-1.5,0.0,0.0
2025-12-14,Cluj,2.2,-2.1,0.0,0.0
2025-12-15,Cluj,4.1,-1.8,0.0,0.0
2025-12-16,Cluj,5.1,-3.5,0.0,0.0
2025-12-17,Cluj,6.2,-3.6,0.0,0.0
2025-12-18,Cluj,5.2,0.4,0.0,0.0
2025-12-19,Cluj,9.5,0.6,0.0,0.0
2025-12-20,Cluj,5.4,1.5,0.2,0.0
2025-12-21,Cluj,4.6,1.8,0.3,0.0
2025-12-22,Cluj,3.7,0.7,0.0,0.0
2025-12-23,Cluj,3.1,-1.0,0.0,0.0
2025-12-24,Cluj,2.7,-0.4,1.5,0.0
2025-12-25,Cluj,2.7,-1.5,1.5,0.0
2025-12-26,Cluj,4.2,-2.4,0.0,0.0
2025-12-27,Cluj,2.1,-3.4,0.0,0.0
2025-12-28,Cluj,1.0,-3.4,0.9,0.0
2025-12-29,Cluj,2.2,-3.9,0.0,0.0
2025-12-30,Cluj,-0.3,-6.6,1.1,0.0
2025-12-31,Cluj,-2.3,-6.7,0.1,0.0
2026-01-01,Cluj,-0.6,-9.5,0.3,0.0
2026-01-02,Cluj,3.6,-5.2,7.8,0.0
2026-01-03,Cluj,1.0,-10.6,7.7,0.0
2026-01-04,Cluj,-1.6,-7.6,3.2,0.0
2026-01-05,Cluj,0.5,-5.0,3.9,0.0
2026-01-06,Cluj,1.8,-0.5,1.4,0.0
2026-01-07,Cluj,0.4,-2.3,6.8,0.0
2026-01-08,Cluj,-2.5,-5.6,12.5,0.0
2026-01-09,Cluj,-5.2,-12.1,0.1,0.0
2026-01-10,Cluj,-2.7,-8.3,0.5,0.0
2026-01-11,Cluj,-3.6,-12.7,0.4,0.0
2026-01-12,Cluj,-4.1,-12.9,0.0,0.0
2026-01-13,Cluj,-7.4,-13.4,2.8,0.0
2026-01-14,Cluj,-3.8,-7.8,0.0,0.0
2026-01-15,Cluj,1.2,-5.2,0.9,0.0
2026-01-16,Cluj,1.5,-1.9,1.3,0.0
2026-01-17,Cluj,-1.9,-12.0,0.0,0.0
2026-01-18,Cluj,-3.5,-13.5,0.0,0.0
2026-01-19,Cluj,-4.4,-13.4,0.0,0.0
2026-01-20,Cluj,-5.4,-15.6,0.0,0.0
2026-01-21,Cluj,-5.4,-13.7,0.0,0.0
2026-01-22,Cluj,-0.1,-8.5,0.7,0.0
2026-01-23,Cluj,1.5,-3.6,1.1,0.0
2026-01-24,Cluj,0.9,-2.0,0.1,0.0
2026-01-25,Cluj,3.0,-1.8,0.5,0.0
2026-01-26,Cluj,4.9,2.3,5.7,0.0
2026-01-27,Cluj,6.1,2.7,2.7,0.0
2026-01-28,Cluj,2.8,-0.3,0.0,0.0
2026-01-29,Cluj,3.5,1.0,4.6,0.0
2026-01-30,Cluj,2.8,1.5,4.0,0.0
2026-01-31,Cluj,2.4,1.1,5.1,0.0
2026-02-01,Cluj,4.2,0.5,0.4,0.0
2026-02-02,Cluj,1.7,-2.1,1.3,0.0
2026-02-03,Cluj,3.7,-0.6,0.6,0.0
2026-02-04,Cluj,4.9,1.0,2.2,0.0
2026-02-05,Cluj,11.4,1.4,0.9,0.0
2026-02-06,Cluj,10.6,0.7,0.3,0.0
2026-02-07,Cluj,11.3,0.9,2.0,0.0
2026-02-08,Cluj,6.3,3.0,2.1,0.0
2026-02-09,Cluj,3.8,0.5,3.5,0.0
2026-02-10,Cluj,2.9,-1.4,0.2,0.0
2026-02-11,Cluj,9.6,-1.8,0.0,0.0
2026-02-12,Cluj,13.2,2.7,0.2,0.0
2026-02-13,Cluj,13.0,1.7,2.3,0.0
2026-02-14,Cluj,12.1,-1.1,0.0,0.0
2026-02-15,Cluj,5.7,-1.0,7.0,0.0
2026-02-16,Cluj,1.3,-5.7,0.0,0.0
2026-02-17,Cluj,3.2,-1.4,4.7,0.0
2026-02-18,Cluj,5.2,-0.9,1.9,0.0
2026-02-19,Cluj,5.2,-3.0,0.0,0.0
2026-02-20,Cluj,10.6,0.5,0.3,0.0
2026-02-21,Cluj,2.5,0.2,1.4,0.0
2026-02-22,Cluj,6.6,0.8,0.1,0.0
2026-02-23,Cluj,4.8,1.3,9.0,0.0
2026-02-24,Cluj,7.6,0.9,4.4,0.0
2026-02-25,Cluj,5.3,0.8,1.5,0.0
2026-02-26,Cluj,5.4,-3.7,0.0,0.0
2026-02-27,Cluj,8.6,-2.9,0.0,0.0
2026-02-28,Cluj,11.2,-1.8,0.0,0.0
2026-03-01,Cluj,13.0,-0.8,0.0,0.0
2026-03-02,Cluj,12.4,-2.0,0.0,0.0
2026-03-03,Cluj,12.7,-0.3,0.0,0.0
2026-03-04,Cluj,13.9,0.5,0.0,0.0
2026-03-05,Cluj,13.2,2.9,0.1,0.0
2026-03-06,Cluj,12.9,2.1,0.0,0.0
2026-03-07,Cluj,14.3,-0.4,0.0,0.0
2026-03-08,Cluj,14.3,0.5,0.0,0.0
2026-03-09,Cluj,13.2,0.1,0.0,0.0
2026-03-10,Cluj,15.0,-1.0,0.0,0.0
2026-03-11,Cluj,15.3,-1.1,0.0,0.0
2026-03-12,Cluj,15.7,-1.2,0.0,0.0
2026-03-13,Cluj,15.9,1.5,0.0,0.0
2026-03-14,Cluj,13.8,-0.7,0.0,0.0
2026-03-15,Cluj,12.5,-1.1,0.0,0.0
2026-03-16,Cluj,12.1,-0.8,0.0,0.0
2026-03-17,Cluj,13.1,-1.1,0.0,0.0
2026-03-18,Cluj,12.9,0.2,0.0,0.0
2026-03-19,Cluj,9.0,0.5,0.0,0.0
2026-03-20,Cluj,9.0,1.1,0.0,0.0
2026-03-21,Cluj,10.6,2.1,0.0,0.0
2026-03-22,Cluj,12.8,0.8,0.0,0.0
2026-03-23,Cluj,12.3,0.9,0.0,0.0
2026-03-24,Cluj,14.7,1.8,0.0,0.0
2026-03-25,Cluj,14.1,2.1,0.0,0.0
2026-03-26,Cluj,15.6,1.1,0.0,0.0
2026-03-27,Cluj,15.7,5.8,0.0,0.0
2026-03-28,Cluj,9.4,5.0,20.7,0.0
2026-03-29,Cluj,11.3,5.3,7.6,0.0
2026-03-30,Cluj,13.3,6.9,1.4,0.0
2026-03-31,Cluj,8.1,5.1,1.2,0.0
2026-04-01,Cluj,11.2,4.6,0.1,0.0
2026-04-02,Cluj,13.9,2.1,0.4,0.0
2026-04-03,Cluj,11.1,7.0,14.0,0.0
2026-04-04,Cluj,16.1,7.0,2.0,0.0
2026-04-05,Cluj,18.8,2.5,0.0,0.0
2026-04-06,Cluj,19.8,3.6,0.0,0.0
2026-04-07,Cluj,13.3,3.8,0.0,0.0
2026-04-08,Cluj,7.4,2.0,0.0,0.0
2026-04-09,Cluj,7.0,0.8,1.3,0.0
2026-04-10,Cluj,9.1,-2.0,0.0,0.0
2026-04-11,Cluj,10.6,0.3,0.0,0.0
2026-04-12,Cluj,12.3,-1.9,0.0,0.0
2026-04-13,Cluj,12.8,0.2,0.0,0.0
2026-04-14,Cluj,17.7,6.2,0.0,0.0
2026-04-15,Cluj,18.8,3.7,0.0,0.0
2026-04-16,Cluj,20.2,8.0,0.0,0.0
2026-04-17,Cluj,18.8,9.3,1.0,0.0
2026-04-18,Cluj,17.6,6.1,0.0,0.0
2023-01-01,Constanta,15.7,6.0,0.0,0.0
2023-01-02,Constanta,14.9,5.4,0.0,0.0
2023-01-03,Constanta,13.7,4.2,0.0,0.0
2023-01-04,Constanta,8.9,1.9,0.6,0.0
2023-01-05,Constanta,11.3,1.6,0.0,0.0
2023-01-06,Constanta,10.7,4.1,0.1,0.0
2023-01-07,Constanta,8.3,1.4,0.0,0.0
2023-01-08,Constanta,9.2,4.1,0.0,0.0
2023-01-09,Constanta,10.1,7.2,0.0,0.0
2023-01-10,Constanta,11.7,8.3,0.0,0.0
2023-01-11,Constanta,10.0,7.1,2.8,0.0
2023-01-12,Constanta,7.1,4.2,7.2,0.0
2023-01-13,Constanta,4.5,3.3,4.0,0.0
2023-01-14,Constanta,5.1,3.2,0.5,0.0
2023-01-15,Constanta,4.9,2.9,0.2,0.0
2023-01-16,Constanta,8.7,4.5,0.0,0.0
2023-01-17,Constanta,14.1,7.8,0.0,0.0
2023-01-18,Constanta,15.9,11.1,0.0,0.0
2023-01-19,Constanta,16.4,11.4,0.0,0.0
2023-01-20,Constanta,13.6,9.7,0.6,0.0
2023-01-21,Constanta,11.6,3.6,0.1,0.0
2023-01-22,Constanta,10.8,6.7,0.7,0.0
2023-01-23,Constanta,6.5,3.0,2.1,0.0
2023-01-24,Constanta,3.4,1.5,0.5,0.0
2023-01-25,Constanta,4.2,-0.3,3.8,0.0
2023-01-26,Constanta,7.0,4.3,4.8,0.0
2023-01-27,Constanta,8.9,7.1,5.1,0.0
2023-01-28,Constanta,7.8,-0.0,10.5,0.0
2023-01-29,Constanta,0.6,-1.7,4.1,0.0
2023-01-30,Constanta,2.6,-3.2,0.0,0.0
2023-01-31,Constanta,1.6,-1.6,1.8,0.0
2023-02-01,Constanta,5.9,-1.7,0.0,0.0
2023-02-02,Constanta,8.0,0.6,0.7,0.0
2023-02-03,Constanta,6.4,-0.2,0.2,0.0
2023-02-04,Constanta,3.3,-0.7,4.0,0.0
2023-02-05,Constanta,1.6,-2.4,1.3,0.0
2023-02-06,Constanta,0.8,-1.8,1.0,0.0
2023-02-07,Constanta,-0.3,-3.0,0.0,0.0
2023-02-08,Constanta,0.5,-3.5,0.6,0.0
2023-02-09,Constanta,-0.7,-4.8,0.0,0.0
2023-02-10,Constanta,1.8,-6.3,0.0,0.0
2023-02-11,Constanta,4.0,-5.0,0.0,0.0
2023-02-12,Constanta,3.9,-2.5,0.0,0.0
2023-02-13,Constanta,5.2,-2.6,0.0,0.0
2023-02-14,Constanta,6.8,-1.0,0.0,0.0
2023-02-15,Constanta,5.7,0.4,0.0,0.0
2023-02-16,Constanta,8.6,-1.6,0.0,0.0
2023-02-17,Constanta,10.2,1.8,0.0,0.0
2023-02-18,Constanta,12.3,3.2,0.9,0.0
2023-02-19,Constanta,16.0,8.4,0.0,0.0
2023-02-20,Constanta,11.5,4.0,0.0,0.0
2023-02-21,Constanta,16.3,5.8,0.0,0.0
2023-02-22,Constanta,7.9,3.9,0.0,0.0
2023-02-23,Constanta,6.8,4.4,4.0,0.0
2023-02-24,Constanta,7.3,4.2,0.8,0.0
2023-02-25,Constanta,16.0,2.3,0.0,0.0
2023-02-26,Constanta,16.3,8.4,0.2,0.0
2023-02-27,Constanta,15.9,5.6,0.2,0.0
2023-02-28,Constanta,5.4,3.9,0.1,0.0
2023-03-01,Constanta,5.6,3.7,4.3,0.0
2023-03-02,Constanta,5.4,2.2,0.0,0.0
2023-03-03,Constanta,7.2,1.7,0.9,0.0
2023-03-04,Constanta,11.2,5.1,0.4,0.0
2023-03-05,Constanta,7.7,2.5,0.0,0.0
2023-03-06,Constanta,10.2,0.6,0.0,0.0
2023-03-07,Constanta,14.3,2.4,0.2,0.0
2023-03-08,Constanta,15.7,4.2,0.0,0.0
2023-03-09,Constanta,17.1,7.5,0.0,0.0
2023-03-10,Constanta,15.2,9.3,0.3,0.0
2023-03-11,Constanta,15.7,10.3,3.3,0.0
2023-03-12,Constanta,10.4,2.6,0.0,0.0
2023-03-13,Constanta,8.8,0.8,0.0,0.0
2023-03-14,Constanta,8.7,0.2,0.0,0.0
2023-03-15,Constanta,9.7,4.8,0.0,0.0
2023-03-16,Constanta,7.7,5.7,4.2,0.0
2023-03-17,Constanta,9.2,4.6,0.0,0.0
2023-03-18,Constanta,8.0,3.7,3.1,0.0
2023-03-19,Constanta,8.9,3.6,0.0,0.0
2023-03-20,Constanta,9.3,2.3,0.0,0.0
2023-03-21,Constanta,10.8,6.0,2.7,0.0
2023-03-22,Constanta,8.4,6.9,4.8,0.0
2023-03-23,Constanta,12.0,5.9,0.5,0.0
2023-03-24,Constanta,14.7,5.1,0.0,0.0
2023-03-25,Constanta,12.3,6.5,0.0,0.0
2023-03-26,Constanta,13.3,8.2,1.7,0.0
2023-03-27,Constanta,13.2,4.3,1.2,0.0
2023-03-28,Constanta,10.5,5.3,2.3,0.0
2023-03-29,Constanta,6.5,0.4,3.0,0.0
2023-03-30,Constanta,9.2,0.2,0.0,0.0
2023-03-31,Constanta,11.1,2.2,3.3,0.0
2023-04-01,Constanta,15.1,5.4,10.3,0.0
2023-04-02,Constanta,15.0,6.9,4.2,0.0
2023-04-03,Constanta,12.1,6.2,2.5,0.0
2023-04-04,Constanta,9.6,8.1,4.5,0.0
2023-04-05,Constanta,9.2,3.0,7.1,0.0
2023-04-06,Constanta,9.8,4.0,0.0,0.0
2023-04-07,Constanta,11.4,3.7,0.0,0.0
2023-04-08,Constanta,10.3,2.8,0.0,0.0
2023-04-09,Constanta,11.5,3.0,0.0,0.0
2023-04-10,Constanta,11.5,6.0,0.7,0.0
2023-04-11,Constanta,9.7,8.8,34.8,0.0
2023-04-12,Constanta,10.2,7.8,5.5,0.0
2023-04-13,Constanta,16.0,7.1,0.7,0.0
2023-04-14,Constanta,15.4,7.5,0.0,0.0
2023-04-15,Constanta,17.4,8.9,0.2,0.0
2023-04-16,Constanta,13.2,8.7,1.6,0.0
2023-04-17,Constanta,11.0,8.7,2.8,0.0
2023-04-18,Constanta,12.8,8.5,4.6,0.0
2023-04-19,Constanta,12.3,10.1,22.3,0.0
2023-04-20,Constanta,13.2,10.1,2.0,0.0
2023-04-21,Constanta,12.4,9.1,0.3,0.0
2023-04-22,Constanta,13.5,7.6,0.0,0.0
2023-04-23,Constanta,15.4,7.4,0.1,0.0
2023-04-24,Constanta,13.5,6.9,0.0,0.0
2023-04-25,Constanta,15.0,10.2,19.2,0.0
2023-04-26,Constanta,15.3,9.6,2.0,0.0
2023-04-27,Constanta,13.8,8.0,3.2,0.0
2023-04-28,Constanta,13.8,6.5,0.0,0.0
2023-04-29,Constanta,15.0,6.6,0.0,0.0
2023-04-30,Constanta,17.0,7.8,0.0,0.0
2023-05-01,Constanta,16.3,7.4,0.0,0.0
2023-05-02,Constanta,14.9,7.8,0.0,0.0
2023-05-03,Constanta,14.1,10.1,0.0,0.0
2023-05-04,Constanta,13.9,10.6,4.8,0.0
2023-05-05,Constanta,18.7,9.9,0.0,0.0
2023-05-06,Constanta,16.1,10.2,0.0,0.0
2023-05-07,Constanta,14.7,9.9,0.0,0.0
2023-05-08,Constanta,13.7,8.6,8.0,0.0
2023-05-09,Constanta,12.2,9.0,3.2,0.0
2023-05-10,Constanta,13.1,7.7,1.0,0.0
2023-05-11,Constanta,13.3,7.7,0.0,0.0
2023-05-12,Constanta,14.6,10.2,0.0,0.0
2023-05-13,Constanta,16.6,9.4,0.0,0.0
2023-05-14,Constanta,17.4,9.4,0.0,0.0
2023-05-15,Constanta,16.5,11.9,0.0,0.0
2023-05-16,Constanta,17.3,12.8,0.0,0.0
2023-05-17,Constanta,17.4,13.6,0.1,0.0
2023-05-18,Constanta,18.3,14.0,0.0,0.0
2023-05-19,Constanta,21.2,15.3,0.0,0.0
2023-05-20,Constanta,20.4,16.1,0.6,0.0
2023-05-21,Constanta,19.7,15.5,0.1,0.0
2023-05-22,Constanta,19.7,15.4,0.0,0.0
2023-05-23,Constanta,19.1,13.6,0.3,0.0
2023-05-24,Constanta,20.7,13.1,0.0,0.0
2023-05-25,Constanta,22.4,14.8,7.7,0.0
2023-05-26,Constanta,20.6,15.7,0.5,0.0
2023-05-27,Constanta,19.8,14.9,12.4,0.0
2023-05-28,Constanta,20.1,15.4,1.0,0.0
2023-05-29,Constanta,20.8,17.5,7.3,0.0
2023-05-30,Constanta,23.5,17.4,0.0,0.0
2023-05-31,Constanta,22.8,16.0,0.0,0.0
2023-06-01,Constanta,22.5,16.5,0.0,0.0
2023-06-02,Constanta,23.3,15.3,0.0,0.0
2023-06-03,Constanta,22.9,15.2,0.7,0.0
2023-06-04,Constanta,19.5,16.9,0.5,0.0
2023-06-05,Constanta,20.4,14.8,0.0,0.0
2023-06-06,Constanta,20.6,13.8,0.0,0.0
2023-06-07,Constanta,20.4,14.8,0.0,0.0
2023-06-08,Constanta,21.0,15.6,0.0,0.0
2023-06-09,Constanta,21.8,16.4,0.0,0.0
2023-06-10,Constanta,23.7,16.3,0.0,0.0
2023-06-11,Constanta,24.6,18.2,0.7,0.0
2023-06-12,Constanta,22.2,18.2,0.3,0.0
2023-06-13,Constanta,21.0,15.2,0.0,0.0
2023-06-14,Constanta,22.6,17.5,0.0,0.0
2023-06-15,Constanta,23.6,16.8,0.0,0.0
2023-06-16,Constanta,23.8,17.9,0.0,0.0
2023-06-17,Constanta,24.5,18.2,0.0,0.0
2023-06-18,Constanta,24.8,19.0,5.8,0.0
2023-06-19,Constanta,23.6,19.4,5.3,0.0
2023-06-20,Constanta,25.3,17.9,0.5,0.0
2023-06-21,Constanta,25.7,18.8,5.5,0.0
2023-06-22,Constanta,24.3,19.5,0.0,0.0
2023-06-23,Constanta,24.7,19.0,0.0,0.0
2023-06-24,Constanta,26.0,19.8,0.0,0.0
2023-06-25,Constanta,25.5,17.4,0.0,0.0
2023-06-26,Constanta,23.9,19.5,3.5,0.0
2023-06-27,Constanta,26.5,19.1,0.0,0.0
2023-06-28,Constanta,24.5,17.2,3.6,0.0
2023-06-29,Constanta,25.1,14.8,0.3,0.0
2023-06-30,Constanta,26.5,16.6,0.0,0.0
2023-07-01,Constanta,27.6,17.4,0.0,0.0
2023-07-02,Constanta,26.1,19.6,0.0,0.0
2023-07-03,Constanta,25.9,18.9,0.9,0.0
2023-07-04,Constanta,25.5,19.7,0.0,0.0
2023-07-05,Constanta,26.9,19.6,0.0,0.0
2023-07-06,Constanta,31.7,21.0,0.0,0.0
2023-07-07,Constanta,30.6,22.5,1.1,0.0
2023-07-08,Constanta,24.3,19.7,4.4,0.0
2023-07-09,Constanta,28.3,19.6,0.0,0.0
2023-07-10,Constanta,28.4,19.2,0.0,0.0
2023-07-11,Constanta,28.2,19.0,0.0,0.0
2023-07-12,Constanta,25.4,20.1,0.0,0.0
2023-07-13,Constanta,29.9,21.9,0.0,0.0
2023-07-14,Constanta,30.2,23.5,0.1,0.0
2023-07-15,Constanta,26.7,21.8,0.0,0.0
2023-07-16,Constanta,27.7,19.6,0.0,0.0
2023-07-17,Constanta,27.7,19.9,0.0,0.0
2023-07-18,Constanta,29.4,21.0,0.0,0.0
2023-07-19,Constanta,28.6,22.2,0.1,0.0
2023-07-20,Constanta,30.1,22.9,3.6,0.0
2023-07-21,Constanta,27.7,22.1,0.0,0.0
2023-07-22,Constanta,33.3,22.2,0.0,0.0
2023-07-23,Constanta,24.9,19.1,24.5,0.0
2023-07-24,Constanta,27.1,18.4,0.2,0.0
2023-07-25,Constanta,31.0,22.0,0.0,0.0
2023-07-26,Constanta,30.8,23.9,0.0,0.0
2023-07-27,Constanta,24.2,16.8,13.2,0.0
2023-07-28,Constanta,25.8,15.5,0.0,0.0
2023-07-29,Constanta,26.2,16.6,0.0,0.0
2023-07-30,Constanta,26.4,19.1,0.0,0.0
2023-07-31,Constanta,25.3,19.4,3.6,0.0
2023-08-01,Constanta,24.2,18.4,1.2,0.0
2023-08-02,Constanta,28.2,19.2,0.0,0.0
2023-08-03,Constanta,27.6,20.5,0.0,0.0
2023-08-04,Constanta,27.0,22.1,0.0,0.0
2023-08-05,Constanta,27.4,21.9,0.0,0.0
2023-08-06,Constanta,28.1,22.7,0.6,0.0
2023-08-07,Constanta,28.8,21.0,0.0,0.0
2023-08-08,Constanta,21.8,17.2,1.5,0.0
2023-08-09,Constanta,23.7,15.4,0.0,0.0
2023-08-10,Constanta,24.7,18.4,0.1,0.0
2023-08-11,Constanta,27.7,18.9,0.0,0.0
2023-08-12,Constanta,25.3,19.3,0.0,0.0
2023-08-13,Constanta,26.4,18.6,0.0,0.0
2023-08-14,Constanta,27.2,21.2,0.0,0.0
2023-08-15,Constanta,26.6,24.1,0.8,0.0
2023-08-16,Constanta,27.1,24.4,0.0,0.0
2023-08-17,Constanta,27.7,24.1,0.0,0.0
2023-08-18,Constanta,27.9,23.5,0.0,0.0
2023-08-19,Constanta,27.6,23.3,0.0,0.0
2023-08-20,Constanta,30.5,23.2,0.0,0.0
2023-08-21,Constanta,32.0,24.7,0.0,0.0
2023-08-22,Constanta,31.0,24.4,0.0,0.0
2023-08-23,Constanta,30.1,22.9,0.0,0.0
2023-08-24,Constanta,28.6,22.8,0.0,0.0
2023-08-25,Constanta,28.6,22.8,0.2,0.0
2023-08-26,Constanta,28.8,22.3,0.0,0.0
2023-08-27,Constanta,28.1,22.0,0.0,0.0
2023-08-28,Constanta,30.3,20.0,0.0,0.0
2023-08-29,Constanta,30.9,22.3,0.0,0.0
2023-08-30,Constanta,28.3,24.8,0.4,0.0
2023-08-31,Constanta,29.6,21.7,7.3,0.0
2023-09-01,Constanta,28.7,20.6,0.0,0.0
2023-09-02,Constanta,27.2,21.4,0.0,0.0
2023-09-03,Constanta,27.6,20.3,0.2,0.0
2023-09-04,Constanta,25.9,19.1,0.3,0.0
2023-09-05,Constanta,25.6,21.5,0.5,0.0
2023-09-06,Constanta,26.1,21.2,0.2,0.0
2023-09-07,Constanta,26.2,20.8,0.0,0.0
2023-09-08,Constanta,24.8,19.9,0.9,0.0
2023-09-09,Constanta,26.2,16.2,0.0,0.0
2023-09-10,Constanta,22.8,17.9,0.0,0.0
2023-09-11,Constanta,22.8,16.2,0.0,0.0
2023-09-12,Constanta,24.4,14.7,0.0,0.0
2023-09-13,Constanta,24.9,15.5,0.0,0.0
2023-09-14,Constanta,26.1,19.1,0.0,0.0
2023-09-15,Constanta,26.2,18.8,0.4,0.0
2023-09-16,Constanta,25.4,18.5,0.4,0.0
2023-09-17,Constanta,23.4,20.1,0.1,0.0
2023-09-18,Constanta,24.5,18.2,0.0,0.0
2023-09-19,Constanta,24.4,16.1,0.0,0.0
2023-09-20,Constanta,24.5,16.4,0.0,0.0
2023-09-21,Constanta,24.2,16.3,0.0,0.0
2023-09-22,Constanta,25.0,19.6,0.0,0.0
2023-09-23,Constanta,25.7,21.0,0.0,0.0
2023-09-24,Constanta,25.0,20.6,0.0,0.0
2023-09-25,Constanta,24.9,19.7,0.0,0.0
2023-09-26,Constanta,24.7,22.1,0.0,0.0
2023-09-27,Constanta,24.6,21.1,0.0,0.0
2023-09-28,Constanta,24.1,20.6,0.0,0.0
2023-09-29,Constanta,24.2,19.6,0.0,0.0
2023-09-30,Constanta,24.8,18.9,0.0,0.0
2023-10-01,Constanta,26.1,18.6,0.0,0.0
2023-10-02,Constanta,21.4,15.7,0.0,0.0
2023-10-03,Constanta,20.8,13.5,0.0,0.0
2023-10-04,Constanta,24.1,12.8,0.0,0.0
2023-10-05,Constanta,21.7,14.5,0.0,0.0
2023-10-06,Constanta,22.5,15.7,6.9,0.0
2023-10-07,Constanta,25.5,12.7,0.0,0.0
2023-10-08,Constanta,26.3,12.6,1.9,0.0
2023-10-09,Constanta,15.5,9.2,0.0,0.0
2023-10-10,Constanta,18.0,12.2,0.0,0.0
2023-10-11,Constanta,16.7,9.3,0.0,0.0
2023-10-12,Constanta,19.9,10.2,0.0,0.0
2023-10-13,Constanta,23.2,12.4,0.0,0.0
2023-10-14,Constanta,21.5,14.5,0.0,0.0
2023-10-15,Constanta,21.9,15.1,0.0,0.0
2023-10-16,Constanta,17.7,9.0,0.5,0.0
2023-10-17,Constanta,16.5,5.7,0.0,0.0
2023-10-18,Constanta,16.1,9.7,7.1,0.0
2023-10-19,Constanta,19.2,9.2,0.0,0.0
2023-10-20,Constanta,25.6,13.8,0.0,0.0
2023-10-21,Constanta,30.2,19.0,0.0,0.0
2023-10-22,Constanta,28.6,17.0,0.0,0.0
2023-10-23,Constanta,25.1,16.6,0.0,0.0
2023-10-24,Constanta,22.5,14.1,0.0,0.0
2023-10-25,Constanta,27.5,16.9,0.0,0.0
2023-10-26,Constanta,24.9,16.1,0.2,0.0
2023-10-27,Constanta,24.7,16.9,0.0,0.0
2023-10-28,Constanta,25.1,18.4,0.0,0.0
2023-10-29,Constanta,23.0,14.1,0.0,0.0
2023-10-30,Constanta,22.0,12.2,0.0,0.0
2023-10-31,Constanta,20.9,12.4,0.0,0.0
2023-11-01,Constanta,22.4,13.8,0.4,0.0
2023-11-02,Constanta,17.5,12.8,1.3,0.0
2023-11-03,Constanta,19.4,11.3,0.4,0.0
2023-11-04,Constanta,22.6,15.5,0.8,0.0
2023-11-05,Constanta,20.8,13.0,0.0,0.0
2023-11-06,Constanta,21.7,13.5,0.7,0.0
2023-11-07,Constanta,18.8,10.5,0.1,0.0
2023-11-08,Constanta,22.5,12.9,5.7,0.0
2023-11-09,Constanta,15.2,9.6,0.4,0.0
2023-11-10,Constanta,16.9,9.1,0.0,0.0
2023-11-11,Constanta,19.3,12.0,6.5,0.0
2023-11-12,Constanta,15.7,9.7,0.0,0.0
2023-11-13,Constanta,12.6,5.4,0.0,0.0
2023-11-14,Constanta,18.8,5.2,0.0,0.0
2023-11-15,Constanta,15.6,10.8,4.5,0.0
2023-11-16,Constanta,14.4,8.2,0.2,0.0
2023-11-17,Constanta,13.6,5.5,3.1,0.0
2023-11-18,Constanta,12.7,5.1,35.7,0.0
2023-11-19,Constanta,4.9,0.8,7.1,0.0
2023-11-20,Constanta,9.1,0.1,0.0,0.0
2023-11-21,Constanta,14.0,3.6,0.0,0.0
2023-11-22,Constanta,13.0,7.5,5.4,0.0
2023-11-23,Constanta,8.5,3.8,0.3,0.0
2023-11-24,Constanta,12.7,6.5,3.9,0.0
2023-11-25,Constanta,10.1,5.1,29.2,0.0
2023-11-26,Constanta,5.2,-0.3,37.5,0.0
2023-11-27,Constanta,0.4,-2.8,0.0,0.0
2023-11-28,Constanta,11.1,0.3,4.4,0.0
2023-11-29,Constanta,11.3,5.1,3.6,0.0
2023-11-30,Constanta,7.2,1.8,0.0,0.0
2023-12-01,Constanta,17.2,7.5,0.0,0.0
2023-12-02,Constanta,19.3,8.5,0.0,0.0
2023-12-03,Constanta,15.7,7.2,10.7,0.0
2023-12-04,Constanta,6.4,0.9,5.5,0.0
2023-12-05,Constanta,7.8,2.5,0.1,0.0
2023-12-06,Constanta,9.8,6.1,5.6,0.0
2023-12-07,Constanta,7.8,1.9,14.5,0.0
2023-12-08,Constanta,3.5,-0.2,0.0,0.0
2023-12-09,Constanta,3.9,0.3,0.0,0.0
2023-12-10,Constanta,5.7,-0.3,0.0,0.0
2023-12-11,Constanta,6.3,0.9,0.0,0.0
2023-12-12,Constanta,9.5,1.6,0.0,0.0
2023-12-13,Constanta,10.4,1.0,0.0,0.0
2023-12-14,Constanta,15.8,8.2,0.0,0.0
2023-12-15,Constanta,7.7,4.1,3.6,0.0
2023-12-16,Constanta,4.9,0.8,2.2,0.0
2023-12-17,Constanta,6.7,0.2,0.0,0.0
2023-12-18,Constanta,8.4,2.1,0.0,0.0
2023-12-19,Constanta,10.7,2.1,0.0,0.0
2023-12-20,Constanta,11.7,2.6,0.0,0.0
2023-12-21,Constanta,8.9,2.1,0.0,0.0
2023-12-22,Constanta,11.3,1.2,0.0,0.0
2023-12-23,Constanta,7.0,3.8,0.3,0.0
2023-12-24,Constanta,7.7,1.7,0.4,0.0
2023-12-25,Constanta,14.2,7.3,0.0,0.0
2023-12-26,Constanta,15.6,10.4,0.0,0.0
2023-12-27,Constanta,14.3,7.2,0.0,0.0
2023-12-28,Constanta,12.0,4.4,0.0,0.0
2023-12-29,Constanta,11.5,4.8,0.0,0.0
2023-12-30,Constanta,12.2,3.9,0.0,0.0
2023-12-31,Constanta,10.9,4.2,0.0,0.0
2024-01-01,Constanta,14.0,6.0,0.2,0.0
2024-01-02,Constanta,7.9,4.1,4.5,0.0
2024-01-03,Constanta,11.4,3.3,1.2,0.0
2024-01-04,Constanta,14.7,7.5,0.6,0.0
2024-01-05,Constanta,13.6,6.0,0.0,0.0
2024-01-06,Constanta,14.1,5.9,0.0,0.0
2024-01-07,Constanta,13.2,9.9,0.7,0.0
2024-01-08,Constanta,9.9,-5.4,1.4,0.0
2024-01-09,Constanta,-2.9,-6.6,0.3,0.0
2024-01-10,Constanta,0.6,-6.7,0.0,0.0
2024-01-11,Constanta,4.2,-5.0,0.0,0.0
2024-01-12,Constanta,2.8,-5.6,0.3,0.0
2024-01-13,Constanta,2.2,-4.9,0.0,0.0
2024-01-14,Constanta,5.9,-3.0,0.0,0.0
2024-01-15,Constanta,9.0,-0.8,0.0,0.0
2024-01-16,Constanta,7.6,1.2,0.2,0.0
2024-01-17,Constanta,6.8,-3.6,0.0,0.0
2024-01-18,Constanta,12.6,6.2,0.4,0.0
2024-01-19,Constanta,15.1,5.4,1.1,0.0
2024-01-20,Constanta,5.0,-0.9,8.8,0.0
2024-01-21,Constanta,4.1,-3.9,0.0,0.0
2024-01-22,Constanta,2.9,-3.7,0.0,0.0
2024-01-23,Constanta,6.2,-4.3,0.0,0.0
2024-01-24,Constanta,3.3,-5.1,0.0,0.0
2024-01-25,Constanta,8.5,0.6,0.0,0.0
2024-01-26,Constanta,3.9,0.7,0.5,0.0
2024-01-27,Constanta,5.6,-2.3,0.4,0.0
2024-01-28,Constanta,4.3,-0.6,0.5,0.0
2024-01-29,Constanta,3.5,-0.1,0.3,0.0
2024-01-30,Constanta,3.9,1.4,1.2,0.0
2024-01-31,Constanta,4.7,-2.6,0.0,0.0
2024-02-01,Constanta,9.0,-2.6,0.0,0.0
2024-02-02,Constanta,7.3,-0.4,0.0,0.0
2024-02-03,Constanta,8.6,-0.2,0.0,0.0
2024-02-04,Constanta,11.6,4.8,0.0,0.0
2024-02-05,Constanta,16.4,5.6,0.0,0.0
2024-02-06,Constanta,18.2,8.6,0.0,0.0
2024-02-07,Constanta,16.4,9.4,0.0,0.0
2024-02-08,Constanta,17.7,9.7,0.0,0.0
2024-02-09,Constanta,18.7,9.0,0.0,0.0
2024-02-10,Constanta,17.4,7.6,0.0,0.0
2024-02-11,Constanta,18.5,12.2,0.0,0.0
2024-02-12,Constanta,14.2,10.1,3.8,0.0
2024-02-13,Constanta,13.2,7.3,0.4,0.0
2024-02-14,Constanta,9.3,5.7,0.0,0.0
2024-02-15,Constanta,9.9,5.2,0.5,0.0
2024-02-16,Constanta,6.9,4.2,1.2,0.0
2024-02-17,Constanta,5.6,2.9,0.1,0.0
2024-02-18,Constanta,8.7,3.4,0.2,0.0
2024-02-19,Constanta,6.4,2.8,0.0,0.0
2024-02-20,Constanta,7.1,3.7,0.0,0.0
2024-02-21,Constanta,8.5,2.3,0.0,0.0
2024-02-22,Constanta,9.2,0.5,0.0,0.0
2024-02-23,Constanta,14.2,5.9,0.0,0.0
2024-02-24,Constanta,16.4,8.1,0.0,0.0
2024-02-25,Constanta,14.5,8.4,0.0,0.0
2024-02-26,Constanta,10.6,6.9,0.0,0.0
2024-02-27,Constanta,10.1,5.8,0.0,0.0
2024-02-28,Constanta,8.4,4.7,0.0,0.0
2024-02-29,Constanta,9.0,6.2,0.0,0.0
2024-03-01,Constanta,10.4,5.8,0.0,0.0
2024-03-02,Constanta,9.2,5.5,0.0,0.0
2024-03-03,Constanta,8.1,4.8,0.4,0.0
2024-03-04,Constanta,9.2,3.0,0.0,0.0
2024-03-05,Constanta,9.3,5.3,0.0,0.0
2024-03-06,Constanta,8.9,3.5,0.0,0.0
2024-03-07,Constanta,7.5,3.3,0.1,0.0
2024-03-08,Constanta,6.2,3.3,0.1,0.0
2024-03-09,Constanta,9.3,2.3,0.4,0.0
2024-03-10,Constanta,10.4,1.1,0.0,0.0
2024-03-11,Constanta,10.8,7.0,0.0,0.0
2024-03-12,Constanta,11.1,8.0,9.3,0.0
2024-03-13,Constanta,13.1,7.1,21.4,0.0
2024-03-14,Constanta,7.7,5.2,0.1,0.0
2024-03-15,Constanta,10.7,3.3,0.1,0.0
2024-03-16,Constanta,9.7,4.5,0.0,0.0
2024-03-17,Constanta,11.9,2.7,0.0,0.0
2024-03-18,Constanta,9.3,4.2,0.4,0.0
2024-03-19,Constanta,6.5,2.6,2.1,0.0
2024-03-20,Constanta,8.9,0.7,0.6,0.0
2024-03-21,Constanta,8.8,2.8,9.5,0.0
2024-03-22,Constanta,9.4,2.0,0.0,0.0
2024-03-23,Constanta,14.6,1.6,0.2,0.0
2024-03-24,Constanta,13.8,6.5,0.0,0.0
2024-03-25,Constanta,10.3,4.6,4.6,0.0
2024-03-26,Constanta,14.5,4.2,0.0,0.0
2024-03-27,Constanta,10.9,7.3,0.5,0.0
2024-03-28,Constanta,20.3,9.1,0.7,0.0
2024-03-29,Constanta,22.3,9.8,0.0,0.0
2024-03-30,Constanta,19.5,9.1,0.0,0.0
2024-03-31,Constanta,19.6,9.4,0.0,0.0
2024-04-01,Constanta,21.7,11.5,0.0,0.0
2024-04-02,Constanta,27.3,14.4,0.1,0.0
2024-04-03,Constanta,18.7,10.1,0.0,0.0
2024-04-04,Constanta,17.7,10.4,0.0,0.0
2024-04-05,Constanta,18.2,8.4,0.0,0.0
2024-04-06,Constanta,19.1,8.8,1.1,0.0
2024-04-07,Constanta,15.3,8.5,0.6,0.0
2024-04-08,Constanta,17.9,8.5,0.0,0.0
2024-04-09,Constanta,16.6,9.3,0.0,0.0
2024-04-10,Constanta,17.3,8.5,0.0,0.0
2024-04-11,Constanta,20.5,10.2,0.0,0.0
2024-04-12,Constanta,21.6,14.2,0.0,0.0
2024-04-13,Constanta,19.9,12.9,0.0,0.0
2024-04-14,Constanta,22.5,12.8,0.0,0.0
2024-04-15,Constanta,24.9,16.1,0.0,0.0
2024-04-16,Constanta,28.8,15.9,0.0,0.0
2024-04-17,Constanta,25.0,15.9,0.0,0.0
2024-04-18,Constanta,15.3,9.3,10.1,0.0
2024-04-19,Constanta,13.0,7.4,0.0,0.0
2024-04-20,Constanta,12.3,9.5,13.8,0.0
2024-04-21,Constanta,17.1,8.6,2.5,0.0
2024-04-22,Constanta,16.1,9.6,16.0,0.0
2024-04-23,Constanta,13.4,9.3,12.5,0.0
2024-04-24,Constanta,21.8,12.1,2.1,0.0
2024-04-25,Constanta,16.9,11.5,0.0,0.0
2024-04-26,Constanta,17.0,9.7,0.3,0.0
2024-04-27,Constanta,15.7,7.5,0.0,0.0
2024-04-28,Constanta,18.4,11.0,0.0,0.0
2024-04-29,Constanta,17.4,13.4,8.9,0.0
2024-04-30,Constanta,16.1,14.1,13.3,0.0
2024-05-01,Constanta,16.1,13.9,0.0,0.0
2024-05-02,Constanta,14.7,12.2,16.7,0.0
2024-05-03,Constanta,17.6,11.3,0.0,0.0
2024-05-04,Constanta,16.9,10.7,0.2,0.0
2024-05-05,Constanta,15.9,10.9,0.0,0.0
2024-05-06,Constanta,17.7,9.6,0.0,0.0
2024-05-07,Constanta,20.9,11.6,0.0,0.0
2024-05-08,Constanta,17.2,12.8,0.2,0.0
2024-05-09,Constanta,14.3,13.0,2.1,0.0
2024-05-10,Constanta,16.1,12.4,0.0,0.0
2024-05-11,Constanta,19.5,12.1,0.0,0.0
2024-05-12,Constanta,16.4,12.9,1.9,0.0
2024-05-13,Constanta,15.6,8.7,5.3,0.0
2024-05-14,Constanta,16.2,8.3,0.8,0.0
2024-05-15,Constanta,14.8,8.8,0.7,0.0
2024-05-16,Constanta,16.3,7.6,0.0,0.0
2024-05-17,Constanta,15.5,10.0,0.0,0.0
2024-05-18,Constanta,16.5,12.6,0.2,0.0
2024-05-19,Constanta,16.6,11.2,0.5,0.0
2024-05-20,Constanta,18.0,12.6,0.0,0.0
2024-05-21,Constanta,19.0,11.3,0.0,0.0
2024-05-22,Constanta,19.1,11.8,0.1,0.0
2024-05-23,Constanta,19.8,13.4,0.1,0.0
2024-05-24,Constanta,20.8,15.9,0.0,0.0
2024-05-25,Constanta,19.6,16.6,0.0,0.0
2024-05-26,Constanta,20.0,15.0,0.0,0.0
2024-05-27,Constanta,17.4,12.7,9.6,0.0
2024-05-28,Constanta,18.4,13.1,1.8,0.0
2024-05-29,Constanta,20.5,11.7,3.9,0.0
2024-05-30,Constanta,20.4,14.1,7.0,0.0
2024-05-31,Constanta,22.9,15.0,0.0,0.0
2024-06-01,Constanta,25.1,17.2,0.0,0.0
2024-06-02,Constanta,28.8,18.5,2.9,0.0
2024-06-03,Constanta,25.8,18.6,0.0,0.0
2024-06-04,Constanta,24.0,17.6,0.0,0.0
2024-06-05,Constanta,29.5,17.8,0.0,0.0
2024-06-06,Constanta,25.6,19.6,11.7,0.0
2024-06-07,Constanta,24.5,17.2,0.0,0.0
2024-06-08,Constanta,25.7,16.2,0.0,0.0
2024-06-09,Constanta,26.3,17.5,0.0,0.0
2024-06-10,Constanta,28.1,20.5,0.0,0.0
2024-06-11,Constanta,28.6,21.7,0.0,0.0
2024-06-12,Constanta,26.0,20.4,0.0,0.0
2024-06-13,Constanta,25.5,19.4,0.4,0.0
2024-06-14,Constanta,25.6,19.0,4.0,0.0
2024-06-15,Constanta,25.4,16.7,0.1,0.0
2024-06-16,Constanta,27.0,17.0,0.0,0.0
2024-06-17,Constanta,28.0,19.2,1.1,0.0
2024-06-18,Constanta,26.6,19.8,0.0,0.0
2024-06-19,Constanta,26.5,17.9,0.0,0.0
2024-06-20,Constanta,28.5,18.2,0.0,0.0
2024-06-21,Constanta,24.6,19.4,0.0,0.0
2024-06-22,Constanta,24.5,18.3,0.0,0.0
2024-06-23,Constanta,25.2,16.9,0.0,0.0
2024-06-24,Constanta,26.2,18.2,0.0,0.0
2024-06-25,Constanta,25.2,19.6,0.0,0.0
2024-06-26,Constanta,25.8,18.4,0.0,0.0
2024-06-27,Constanta,25.1,16.8,0.0,0.0
2024-06-28,Constanta,27.6,18.4,0.0,0.0
2024-06-29,Constanta,27.7,20.5,0.0,0.0
2024-06-30,Constanta,29.4,19.7,0.0,0.0
2024-07-01,Constanta,28.1,20.1,0.0,0.0
2024-07-02,Constanta,27.9,20.7,0.0,0.0
2024-07-03,Constanta,27.5,21.1,2.1,0.0
2024-07-04,Constanta,27.9,18.9,0.0,0.0
2024-07-05,Constanta,29.4,20.2,0.0,0.0
2024-07-06,Constanta,27.7,22.0,0.0,0.0
2024-07-07,Constanta,28.1,20.0,0.0,0.0
2024-07-08,Constanta,30.0,19.8,0.0,0.0
2024-07-09,Constanta,30.5,23.6,0.0,0.0
2024-07-10,Constanta,30.9,25.7,0.0,0.0
2024-07-11,Constanta,30.5,25.6,0.0,0.0
2024-07-12,Constanta,31.4,24.9,0.0,0.0
2024-07-13,Constanta,30.9,24.5,0.0,0.0
2024-07-14,Constanta,31.1,22.1,0.0,0.0
2024-07-15,Constanta,32.4,21.8,0.0,0.0
2024-07-16,Constanta,32.0,26.4,0.0,0.0
2024-07-17,Constanta,32.5,26.5,0.0,0.0
2024-07-18,Constanta,33.4,25.9,0.0,0.0
2024-07-19,Constanta,32.6,25.2,0.0,0.0
2024-07-20,Constanta,30.5,25.2,0.0,0.0
2024-07-21,Constanta,30.5,22.6,0.0,0.0
2024-07-22,Constanta,30.6,22.0,0.9,0.0
2024-07-23,Constanta,28.1,22.8,1.7,0.0
2024-07-24,Constanta,30.0,22.9,3.0,0.0
2024-07-25,Constanta,27.3,20.0,11.3,0.0
2024-07-26,Constanta,26.7,19.4,8.7,0.0
2024-07-27,Constanta,29.6,18.8,0.1,0.0
2024-07-28,Constanta,29.9,20.9,0.0,0.0
2024-07-29,Constanta,29.6,22.9,0.0,0.0
2024-07-30,Constanta,28.6,22.1,0.0,0.0
2024-07-31,Constanta,28.7,20.2,0.0,0.0
2024-08-01,Constanta,29.4,18.8,0.0,0.0
2024-08-02,Constanta,30.0,20.5,0.0,0.0
2024-08-03,Constanta,29.9,22.1,0.0,0.0
2024-08-04,Constanta,27.6,22.2,2.4,0.0
2024-08-05,Constanta,27.1,20.3,0.0,0.0
2024-08-06,Constanta,26.9,18.4,9.2,0.0
2024-08-07,Constanta,25.8,17.2,0.1,0.0
2024-08-08,Constanta,26.8,18.1,0.0,0.0
2024-08-09,Constanta,28.3,18.4,0.0,0.0
2024-08-10,Constanta,28.4,20.9,0.4,0.0
2024-08-11,Constanta,29.0,23.1,0.0,0.0
2024-08-12,Constanta,28.4,21.5,0.0,0.0
2024-08-13,Constanta,30.9,23.0,0.1,0.0
2024-08-14,Constanta,28.6,23.4,0.0,0.0
2024-08-15,Constanta,27.8,23.1,0.0,0.0
2024-08-16,Constanta,28.2,21.6,0.0,0.0
2024-08-17,Constanta,29.1,20.6,0.0,0.0
2024-08-18,Constanta,28.8,20.3,0.0,0.0
2024-08-19,Constanta,28.8,20.2,0.0,0.0
2024-08-20,Constanta,29.1,19.8,0.0,0.0
2024-08-21,Constanta,29.8,20.5,0.0,0.0
2024-08-22,Constanta,30.5,21.4,0.0,0.0
2024-08-23,Constanta,29.0,22.9,0.0,0.0
2024-08-24,Constanta,28.2,21.0,0.0,0.0
2024-08-25,Constanta,29.3,21.0,0.0,0.0
2024-08-26,Constanta,29.5,23.5,0.0,0.0
2024-08-27,Constanta,30.8,22.3,9.4,0.0
2024-08-28,Constanta,23.2,19.6,13.3,0.0
2024-08-29,Constanta,22.6,19.7,26.2,0.0
2024-08-30,Constanta,23.6,19.6,24.0,0.0
2024-08-31,Constanta,25.8,21.2,12.8,0.0
2024-09-01,Constanta,23.9,19.8,2.4,0.0
2024-09-02,Constanta,26.7,18.7,0.0,0.0
2024-09-03,Constanta,27.6,20.3,0.0,0.0
2024-09-04,Constanta,27.3,18.8,0.0,0.0
2024-09-05,Constanta,26.2,17.9,0.0,0.0
2024-09-06,Constanta,24.0,16.5,3.9,0.0
2024-09-07,Constanta,23.9,19.9,7.2,0.0
2024-09-08,Constanta,23.0,18.5,0.1,0.0
2024-09-09,Constanta,23.5,17.0,0.0,0.0
2024-09-10,Constanta,24.8,16.9,0.9,0.0
2024-09-11,Constanta,22.8,18.3,21.2,0.0
2024-09-12,Constanta,25.9,17.6,0.5,0.0
2024-09-13,Constanta,25.7,18.4,1.1,0.0
2024-09-14,Constanta,27.5,17.5,0.3,0.0
2024-09-15,Constanta,18.5,13.6,16.7,0.0
2024-09-16,Constanta,22.1,12.4,0.0,0.0
2024-09-17,Constanta,23.8,13.8,0.0,0.0
2024-09-18,Constanta,22.2,16.5,0.1,0.0
2024-09-19,Constanta,20.8,14.3,4.4,0.0
2024-09-20,Constanta,21.9,16.4,0.9,0.0
2024-09-21,Constanta,22.7,16.1,0.0,0.0
2024-09-22,Constanta,23.1,15.7,0.0,0.0
2024-09-23,Constanta,23.7,16.0,0.0,0.0
2024-09-24,Constanta,23.9,14.4,0.0,0.0
2024-09-25,Constanta,23.2,15.2,0.0,0.0
2024-09-26,Constanta,24.1,17.2,0.0,0.0
2024-09-27,Constanta,24.0,18.5,0.0,0.0
2024-09-28,Constanta,23.8,19.3,0.0,0.0
2024-09-29,Constanta,23.2,15.3,3.0,0.0
2024-09-30,Constanta,14.3,10.0,63.8,0.0
2024-10-01,Constanta,15.2,9.5,31.2,0.0
2024-10-02,Constanta,19.2,10.4,0.0,0.0
2024-10-03,Constanta,21.7,11.6,0.0,0.0
2024-10-04,Constanta,22.9,17.6,0.0,0.0
2024-10-05,Constanta,25.5,18.4,0.3,0.0
2024-10-06,Constanta,21.5,16.5,19.6,0.0
2024-10-07,Constanta,19.0,12.4,2.4,0.0
2024-10-08,Constanta,22.1,11.8,0.0,0.0
2024-10-09,Constanta,20.4,15.7,0.0,0.0
2024-10-10,Constanta,25.2,15.9,1.1,0.0
2024-10-11,Constanta,23.9,14.5,0.0,0.0
2024-10-12,Constanta,18.9,12.6,5.8,0.0
2024-10-13,Constanta,17.5,9.6,0.0,0.0
2024-10-14,Constanta,20.1,12.3,0.0,0.0
2024-10-15,Constanta,20.3,13.1,0.9,0.0
2024-10-16,Constanta,15.5,9.8,0.0,0.0
2024-10-17,Constanta,12.2,8.2,0.0,0.0
2024-10-18,Constanta,11.7,4.8,0.0,0.0
2024-10-19,Constanta,12.1,6.8,0.0,0.0
2024-10-20,Constanta,12.2,6.0,0.0,0.0
2024-10-21,Constanta,13.8,4.3,0.0,0.0
2024-10-22,Constanta,16.9,5.9,0.0,0.0
2024-10-23,Constanta,18.7,7.7,0.0,0.0
2024-10-24,Constanta,14.9,9.0,0.0,0.0
2024-10-25,Constanta,15.0,6.9,0.0,0.0
2024-10-26,Constanta,15.3,5.6,0.0,0.0
2024-10-27,Constanta,16.5,6.5,0.0,0.0
2024-10-28,Constanta,19.2,8.9,0.0,0.0
2024-10-29,Constanta,16.6,9.7,0.0,0.0
2024-10-30,Constanta,15.4,8.6,0.0,0.0
2024-10-31,Constanta,18.9,8.3,0.0,0.0
2024-11-01,Constanta,19.8,11.0,0.0,0.0
2024-11-02,Constanta,19.4,11.2,0.0,0.0
2024-11-03,Constanta,12.2,3.7,0.0,0.0
2024-11-04,Constanta,13.2,3.2,0.0,0.0
2024-11-05,Constanta,8.0,2.4,0.0,0.0
2024-11-06,Constanta,11.5,1.1,0.0,0.0
2024-11-07,Constanta,13.9,2.1,0.0,0.0
2024-11-08,Constanta,15.3,3.1,0.0,0.0
2024-11-09,Constanta,8.7,5.4,1.2,0.0
2024-11-10,Constanta,11.6,5.8,23.8,0.0
2024-11-11,Constanta,10.7,7.1,0.9,0.0
2024-11-12,Constanta,8.9,5.6,0.5,0.0
2024-11-13,Constanta,8.7,5.2,5.1,0.0
2024-11-14,Constanta,8.7,4.8,3.3,0.0
2024-11-15,Constanta,7.6,4.1,6.8,0.0
2024-11-16,Constanta,8.5,2.0,0.0,0.0
2024-11-17,Constanta,10.0,2.0,0.0,0.0
2024-11-18,Constanta,9.9,2.0,0.0,0.0
2024-11-19,Constanta,10.8,1.1,0.0,0.0
2024-11-20,Constanta,14.4,7.7,0.0,0.0
2024-11-21,Constanta,16.6,2.9,3.2,0.0
2024-11-22,Constanta,15.7,1.2,0.0,0.0
2024-11-23,Constanta,16.3,1.8,5.3,0.0
2024-11-24,Constanta,5.8,-0.8,0.0,0.0
2024-11-25,Constanta,7.1,-1.0,0.0,0.0
2024-11-26,Constanta,7.9,-1.3,0.0,0.0
2024-11-27,Constanta,9.1,4.0,0.0,0.0
2024-11-28,Constanta,8.5,2.2,0.0,0.0
2024-11-29,Constanta,13.3,6.6,0.0,0.0
2024-11-30,Constanta,13.1,5.6,0.8,0.0
2024-12-01,Constanta,9.6,7.8,1.5,0.0
2024-12-02,Constanta,7.9,5.9,2.1,0.0
2024-12-03,Constanta,6.3,4.6,0.0,0.0
2024-12-04,Constanta,6.2,4.1,4.8,0.0
2024-12-05,Constanta,6.8,3.4,2.4,0.0
2024-12-06,Constanta,11.0,6.2,4.7,0.0
2024-12-07,Constanta,13.8,10.0,1.4,0.0
2024-12-08,Constanta,12.8,9.3,5.6,0.0
2024-12-09,Constanta,15.4,6.3,4.1,0.0
2024-12-10,Constanta,8.9,2.6,20.6,0.0
2024-12-11,Constanta,7.9,1.7,0.0,0.0
2024-12-12,Constanta,6.8,1.6,0.0,0.0
2024-12-13,Constanta,5.3,-0.5,0.0,0.0
2024-12-14,Constanta,7.2,-2.9,0.1,0.0
2024-12-15,Constanta,8.0,3.2,0.2,0.0
2024-12-16,Constanta,7.6,0.8,0.0,0.0
2024-12-17,Constanta,12.6,5.6,0.0,0.0
2024-12-18,Constanta,12.6,3.4,0.0,0.0
2024-12-19,Constanta,11.2,2.3,0.0,0.0
2024-12-20,Constanta,12.9,5.7,0.0,0.0
2024-12-21,Constanta,7.4,3.3,18.2,0.0
2024-12-22,Constanta,3.6,0.3,11.7,0.0
2024-12-23,Constanta,11.3,0.4,0.8,0.0
2024-12-24,Constanta,11.5,9.5,8.8,0.0
2024-12-25,Constanta,9.5,6.2,17.3,0.0
2024-12-26,Constanta,6.3,2.6,2.7,0.0
2024-12-27,Constanta,2.8,1.2,1.2,0.0
2024-12-28,Constanta,3.0,0.8,0.6,0.0
2024-12-29,Constanta,4.4,1.2,0.0,0.0
2024-12-30,Constanta,5.0,-0.1,0.0,0.0
2024-12-31,Constanta,9.3,-0.5,0.0,0.0
2025-01-01,Constanta,12.1,1.2,0.0,0.0
2025-01-02,Constanta,14.1,3.3,0.0,0.0
2025-01-03,Constanta,12.5,4.0,0.0,0.0
2025-01-04,Constanta,6.4,0.2,4.1,0.0
2025-01-05,Constanta,6.5,-0.9,0.0,0.0
2025-01-06,Constanta,10.8,1.8,0.0,0.0
2025-01-07,Constanta,14.1,3.2,0.0,0.0
2025-01-08,Constanta,16.1,6.6,0.0,0.0
2025-01-09,Constanta,14.3,6.3,0.0,0.0
2025-01-10,Constanta,14.8,8.5,0.0,0.0
2025-01-11,Constanta,10.1,1.5,6.0,0.0
2025-01-12,Constanta,2.2,0.4,4.5,0.0
2025-01-13,Constanta,5.5,-1.0,0.0,0.0
2025-01-14,Constanta,2.1,-0.8,0.0,0.0
2025-01-15,Constanta,3.1,-2.2,0.0,0.0
2025-01-16,Constanta,5.8,0.1,0.0,0.0
2025-01-17,Constanta,6.2,-0.8,0.0,0.0
2025-01-18,Constanta,8.0,0.4,0.0,0.0
2025-01-19,Constanta,8.9,0.8,0.0,0.0
2025-01-20,Constanta,8.4,-0.6,0.0,0.0
2025-01-21,Constanta,8.8,-0.6,0.0,0.0
2025-01-22,Constanta,8.0,3.3,0.0,0.0
2025-01-23,Constanta,11.1,1.7,0.0,0.0
2025-01-24,Constanta,10.0,1.6,2.7,0.0
2025-01-25,Constanta,8.7,3.7,2.1,0.0
2025-01-26,Constanta,9.8,5.0,0.0,0.0
2025-01-27,Constanta,12.0,5.8,0.0,0.0
2025-01-28,Constanta,12.5,4.5,0.0,0.0
2025-01-29,Constanta,17.9,6.5,0.0,0.0
2025-01-30,Constanta,16.4,6.8,0.0,0.0
2025-01-31,Constanta,12.8,6.5,0.0,0.0
2025-02-01,Constanta,10.2,4.6,0.3,0.0
2025-02-02,Constanta,7.9,2.8,0.0,0.0
2025-02-03,Constanta,7.7,0.9,1.4,0.0
2025-02-04,Constanta,4.3,-2.2,0.0,0.0
2025-02-05,Constanta,3.9,-1.0,0.1,0.0
2025-02-06,Constanta,2.9,-2.0,0.0,0.0
2025-02-07,Constanta,2.8,-1.1,0.0,0.0
2025-02-08,Constanta,0.1,-1.9,0.0,0.0
2025-02-09,Constanta,0.0,-2.7,0.0,0.0
2025-02-10,Constanta,0.4,-5.5,0.0,0.0
2025-02-11,Constanta,1.3,-4.3,0.0,0.0
2025-02-12,Constanta,2.3,-3.2,0.0,0.0
2025-02-13,Constanta,6.1,-5.2,0.0,0.0
2025-02-14,Constanta,10.3,2.4,0.0,0.0
2025-02-15,Constanta,5.2,-1.6,0.1,0.0
2025-02-16,Constanta,0.8,-2.0,6.9,0.0
2025-02-17,Constanta,1.3,0.7,5.7,0.0
2025-02-18,Constanta,1.0,0.0,4.7,0.0
2025-02-19,Constanta,0.5,-5.4,2.4,0.0
2025-02-20,Constanta,0.9,-5.9,0.0,0.0
2025-02-21,Constanta,-0.2,-5.7,0.0,0.0
2025-02-22,Constanta,0.4,-6.6,0.0,0.0
2025-02-23,Constanta,-0.6,-5.4,0.0,0.0
2025-02-24,Constanta,3.8,-5.7,0.0,0.0
2025-02-25,Constanta,5.6,-5.4,0.0,0.0
2025-02-26,Constanta,6.8,-3.5,0.0,0.0
2025-02-27,Constanta,7.9,4.6,0.0,0.0
2025-02-28,Constanta,6.7,5.2,0.0,0.0
2025-03-01,Constanta,7.3,4.9,0.6,0.0
2025-03-02,Constanta,8.1,2.4,1.1,0.0
2025-03-03,Constanta,6.6,0.2,0.0,0.0
2025-03-04,Constanta,10.1,-1.0,0.0,0.0
2025-03-05,Constanta,14.6,1.3,0.0,0.0
2025-03-06,Constanta,17.3,5.0,0.0,0.0
2025-03-07,Constanta,14.2,1.7,0.0,0.0
2025-03-08,Constanta,11.4,2.5,0.0,0.0
2025-03-09,Constanta,11.8,4.1,0.0,0.0
2025-03-10,Constanta,13.6,0.9,0.0,0.0
2025-03-11,Constanta,18.4,6.7,0.0,0.0
2025-03-12,Constanta,19.5,13.2,0.0,0.0
2025-03-13,Constanta,18.0,12.3,5.4,0.0
2025-03-14,Constanta,20.1,11.4,0.0,0.0
2025-03-15,Constanta,25.5,12.9,0.0,0.0
2025-03-16,Constanta,19.3,6.7,0.0,0.0
2025-03-17,Constanta,9.8,3.7,1.3,0.0
2025-03-18,Constanta,6.0,0.6,0.6,0.0
2025-03-19,Constanta,9.0,-1.8,0.0,0.0
2025-03-20,Constanta,10.1,1.4,0.0,0.0
2025-03-21,Constanta,13.1,2.4,0.0,0.0
2025-03-22,Constanta,10.4,2.1,0.0,0.0
2025-03-23,Constanta,9.9,6.5,1.4,0.0
2025-03-24,Constanta,17.0,8.3,1.5,0.0
2025-03-25,Constanta,23.7,12.9,0.0,0.0
2025-03-26,Constanta,15.1,8.3,0.5,0.0
2025-03-27,Constanta,10.7,8.0,1.0,0.0
2025-03-28,Constanta,10.9,8.0,0.9,0.0
2025-03-29,Constanta,11.0,8.4,5.1,0.0
2025-03-30,Constanta,14.9,7.2,1.3,0.0
2025-03-31,Constanta,12.7,7.4,0.0,0.0
2025-04-01,Constanta,9.3,7.5,0.8,0.0
2025-04-02,Constanta,12.5,7.5,5.7,0.0
2025-04-03,Constanta,15.4,7.3,0.6,0.0
2025-04-04,Constanta,13.1,8.5,3.6,0.0
2025-04-05,Constanta,16.4,10.1,1.1,0.0
2025-04-06,Constanta,10.8,4.0,2.2,0.0
2025-04-07,Constanta,5.5,1.4,3.0,0.0
2025-04-08,Constanta,8.8,-0.2,0.0,0.0
2025-04-09,Constanta,9.0,1.6,1.8,0.0
2025-04-10,Constanta,13.0,0.8,4.1,0.0
2025-04-11,Constanta,7.1,-0.6,0.3,0.0
2025-04-12,Constanta,10.3,3.0,0.0,0.0
2025-04-13,Constanta,12.5,3.1,0.0,0.0
2025-04-14,Constanta,10.8,4.9,0.0,0.0
2025-04-15,Constanta,12.3,7.0,0.0,0.0
2025-04-16,Constanta,13.8,8.6,0.0,0.0
2025-04-17,Constanta,13.5,8.6,0.0,0.0
2025-04-18,Constanta,13.2,9.0,0.1,0.0
2025-04-19,Constanta,13.0,8.0,0.0,0.0
2025-04-20,Constanta,18.3,6.4,0.3,0.0
2025-04-21,Constanta,18.7,10.0,0.0,0.0
2025-04-22,Constanta,17.7,9.8,0.0,0.0
2025-04-23,Constanta,17.1,8.1,0.0,0.0
2025-04-24,Constanta,18.4,7.4,0.0,0.0
2025-04-25,Constanta,22.6,8.8,0.4,0.0
2025-04-26,Constanta,19.9,13.9,0.6,0.0
2025-04-27,Constanta,15.1,8.2,0.0,0.0
2025-04-28,Constanta,13.3,5.2,0.0,0.0
2025-04-29,Constanta,12.5,5.3,0.0,0.0
2025-04-30,Constanta,14.9,2.4,0.0,0.0
2025-05-01,Constanta,17.7,5.9,0.0,0.0
2025-05-02,Constanta,16.1,8.8,0.0,0.0
2025-05-03,Constanta,17.2,6.8,0.0,0.0
2025-05-04,Constanta,17.4,10.4,0.0,0.0
2025-05-05,Constanta,19.0,11.4,0.2,0.0
2025-05-06,Constanta,18.4,12.5,0.3,0.0
2025-05-07,Constanta,23.1,12.7,8.1,0.0
2025-05-08,Constanta,15.3,13.0,0.9,0.0
2025-05-09,Constanta,18.3,12.0,1.0,0.0
2025-05-10,Constanta,12.4,9.5,0.6,0.0
2025-05-11,Constanta,15.8,9.5,2.1,0.0
2025-05-12,Constanta,13.4,8.1,8.3,0.0
2025-05-13,Constanta,14.4,8.2,0.4,0.0
2025-05-14,Constanta,17.1,7.3,1.4,0.0
2025-05-15,Constanta,18.8,9.8,0.0,0.0
2025-05-16,Constanta,15.4,12.8,3.8,0.0
2025-05-17,Constanta,16.4,10.9,10.1,0.0
2025-05-18,Constanta,19.0,8.4,0.4,0.0
2025-05-19,Constanta,21.8,12.2,0.6,0.0
2025-05-20,Constanta,19.1,10.2,0.0,0.0
2025-05-21,Constanta,17.9,9.2,0.0,0.0
2025-05-22,Constanta,20.2,13.8,0.9,0.0
2025-05-23,Constanta,19.0,13.5,0.4,0.0
2025-05-24,Constanta,21.1,13.1,0.3,0.0
2025-05-25,Constanta,21.0,13.9,5.2,0.0
2025-05-26,Constanta,17.8,13.1,5.2,0.0
2025-05-27,Constanta,18.7,12.5,1.1,0.0
2025-05-28,Constanta,19.8,13.4,2.3,0.0
2025-05-29,Constanta,19.1,12.1,1.1,0.0
2025-05-30,Constanta,19.6,14.7,2.2,0.0
2025-05-31,Constanta,21.7,14.1,0.1,0.0
2025-06-01,Constanta,22.6,14.5,0.0,0.0
2025-06-02,Constanta,24.8,15.6,1.0,0.0
2025-06-03,Constanta,26.5,16.9,0.1,0.0
2025-06-04,Constanta,25.5,18.0,0.0,0.0
2025-06-05,Constanta,24.8,18.0,0.0,0.0
2025-06-06,Constanta,23.9,17.3,0.0,0.0
2025-06-07,Constanta,23.3,16.0,0.0,0.0
2025-06-08,Constanta,24.6,13.8,0.0,0.0
2025-06-09,Constanta,26.2,14.7,0.0,0.0
2025-06-10,Constanta,23.5,19.0,0.0,0.0
2025-06-11,Constanta,24.0,16.8,0.0,0.0
2025-06-12,Constanta,22.8,17.9,0.0,0.0
2025-06-13,Constanta,22.4,16.1,0.8,0.0
2025-06-14,Constanta,23.6,15.1,2.1,0.0
2025-06-15,Constanta,24.5,14.9,0.1,0.0
2025-06-16,Constanta,25.7,16.8,0.0,0.0
2025-06-17,Constanta,27.0,18.4,0.0,0.0
2025-06-18,Constanta,25.2,20.3,0.0,0.0
2025-06-19,Constanta,29.7,17.8,1.3,0.0
2025-06-20,Constanta,24.1,20.9,0.0,0.0
2025-06-21,Constanta,24.2,17.1,0.0,0.0
2025-06-22,Constanta,24.2,15.5,0.0,0.0
2025-06-23,Constanta,26.7,18.0,0.0,0.0
2025-06-24,Constanta,30.5,19.0,0.0,0.0
2025-06-25,Constanta,27.6,21.7,0.0,0.0
2025-06-26,Constanta,30.6,22.1,0.0,0.0
2025-06-27,Constanta,27.3,20.6,0.0,0.0
2025-06-28,Constanta,26.3,21.1,5.6,0.0
2025-06-29,Constanta,28.0,17.8,0.0,0.0
2025-06-30,Constanta,28.9,22.1,1.6,0.0
2025-07-01,Constanta,24.5,20.0,0.0,0.0
2025-07-02,Constanta,24.9,18.0,0.0,0.0
2025-07-03,Constanta,26.8,19.5,0.0,0.0
2025-07-04,Constanta,29.9,18.4,0.0,0.0
2025-07-05,Constanta,28.3,20.0,0.0,0.0
2025-07-06,Constanta,29.0,19.8,0.0,0.0
2025-07-07,Constanta,28.4,21.7,0.0,0.0
2025-07-08,Constanta,27.3,21.5,0.0,0.0
2025-07-09,Constanta,27.5,22.2,0.0,0.0
2025-07-10,Constanta,28.3,17.4,0.0,0.0
2025-07-11,Constanta,25.3,18.9,0.0,0.0
2025-07-12,Constanta,26.9,19.0,0.0,0.0
2025-07-13,Constanta,28.7,19.7,0.0,0.0
2025-07-14,Constanta,30.2,20.2,0.0,0.0
2025-07-15,Constanta,31.0,20.8,0.0,0.0
2025-07-16,Constanta,30.7,22.7,0.0,0.0
2025-07-17,Constanta,26.0,20.8,7.9,0.0
2025-07-18,Constanta,27.4,17.6,6.5,0.0
2025-07-19,Constanta,27.1,17.2,0.4,0.0
2025-07-20,Constanta,29.1,18.8,0.0,0.0
2025-07-21,Constanta,30.5,21.1,0.0,0.0
2025-07-22,Constanta,31.4,23.8,0.0,0.0
2025-07-23,Constanta,28.4,21.3,0.0,0.0
2025-07-24,Constanta,29.2,22.1,0.0,0.0
2025-07-25,Constanta,29.8,21.7,0.0,0.0
2025-07-26,Constanta,32.8,22.4,0.0,0.0
2025-07-27,Constanta,29.9,21.7,0.0,0.0
2025-07-28,Constanta,29.2,24.0,0.0,0.0
2025-07-29,Constanta,29.3,22.1,0.2,0.0
2025-07-30,Constanta,29.0,20.0,0.0,0.0
2025-07-31,Constanta,26.4,20.4,0.0,0.0
2025-08-01,Constanta,27.5,21.1,0.0,0.0
2025-08-02,Constanta,28.3,20.6,0.0,0.0
2025-08-03,Constanta,28.7,20.7,0.0,0.0
2025-08-04,Constanta,29.8,20.7,0.0,0.0
2025-08-05,Constanta,29.1,20.9,0.0,0.0
2025-08-06,Constanta,29.9,22.7,0.0,0.0
2025-08-07,Constanta,29.1,22.1,0.0,0.0
2025-08-08,Constanta,27.2,21.5,0.0,0.0
2025-08-09,Constanta,29.0,18.2,0.0,0.0
2025-08-10,Constanta,28.4,20.8,0.0,0.0
2025-08-11,Constanta,30.2,20.4,0.0,0.0
2025-08-12,Constanta,25.3,21.0,0.0,0.0
2025-08-13,Constanta,26.9,19.2,0.0,0.0
2025-08-14,Constanta,27.3,19.5,0.0,0.0
2025-08-15,Constanta,28.1,21.3,0.0,0.0
2025-08-16,Constanta,27.5,21.2,0.0,0.0
2025-08-17,Constanta,26.5,18.8,0.0,0.0
2025-08-18,Constanta,27.6,17.3,0.0,0.0
2025-08-19,Constanta,25.4,20.3,0.0,0.0
2025-08-20,Constanta,26.3,18.4,3.4,0.0
2025-08-21,Constanta,29.9,19.7,0.0,0.0
2025-08-22,Constanta,28.4,21.7,7.0,0.0
2025-08-23,Constanta,26.7,18.8,0.0,0.0
2025-08-24,Constanta,27.0,19.0,0.2,0.0
2025-08-25,Constanta,21.7,16.3,1.8,0.0
2025-08-26,Constanta,24.9,15.4,1.2,0.0
2025-08-27,Constanta,25.3,15.0,0.0,0.0
2025-08-28,Constanta,25.7,15.7,0.0,0.0
2025-08-29,Constanta,26.9,18.4,0.0,0.0
2025-08-30,Constanta,27.7,19.0,0.0,0.0
2025-08-31,Constanta,27.8,20.6,0.4,0.0
2025-09-01,Constanta,28.8,18.2,0.0,0.0
2025-09-02,Constanta,29.2,21.3,0.0,0.0
2025-09-03,Constanta,27.7,19.7,0.0,0.0
2025-09-04,Constanta,26.7,20.4,0.0,0.0
2025-09-05,Constanta,26.3,20.0,0.0,0.0
2025-09-06,Constanta,25.4,19.3,0.0,0.0
2025-09-07,Constanta,24.9,18.5,0.0,0.0
2025-09-08,Constanta,26.5,18.7,0.0,0.0
2025-09-09,Constanta,27.5,16.9,0.0,0.0
2025-09-10,Constanta,24.6,19.3,0.0,0.0
2025-09-11,Constanta,24.3,18.0,0.6,0.0
2025-09-12,Constanta,22.6,19.2,18.2,0.0
2025-09-13,Constanta,24.4,18.7,0.2,0.0
2025-09-14,Constanta,22.1,18.3,0.0,0.0
2025-09-15,Constanta,24.4,15.7,0.0,0.0
2025-09-16,Constanta,23.7,16.1,0.0,0.0
2025-09-17,Constanta,24.1,15.9,1.5,0.0
2025-09-18,Constanta,20.5,13.8,0.1,0.0
2025-09-19,Constanta,23.6,13.6,0.0,0.0
2025-09-20,Constanta,24.5,16.4,0.0,0.0
2025-09-21,Constanta,24.1,16.7,0.0,0.0
2025-09-22,Constanta,22.5,18.1,0.0,0.0
2025-09-23,Constanta,22.8,17.4,0.0,0.0
2025-09-24,Constanta,22.2,16.4,0.1,0.0
2025-09-25,Constanta,19.2,15.9,0.0,0.0
2025-09-26,Constanta,18.2,15.7,0.0,0.0
2025-09-27,Constanta,17.2,14.5,0.4,0.0
2025-09-28,Constanta,17.4,11.9,0.4,0.0
2025-09-29,Constanta,15.6,13.3,6.9,0.0
2025-09-30,Constanta,18.5,11.8,0.0,0.0
2025-10-01,Constanta,16.1,9.5,0.1,0.0
2025-10-02,Constanta,14.0,9.1,2.4,0.0
2025-10-03,Constanta,18.5,11.0,32.3,0.0
2025-10-04,Constanta,16.3,9.8,1.1,0.0
2025-10-05,Constanta,18.8,8.4,0.0,0.0
2025-10-06,Constanta,19.7,12.1,2.2,0.0
2025-10-07,Constanta,17.3,13.4,34.5,0.0
2025-10-08,Constanta,16.8,13.8,26.3,0.0
2025-10-09,Constanta,15.6,12.9,0.4,0.0
2025-10-10,Constanta,18.9,11.7,0.0,0.0
2025-10-11,Constanta,16.3,10.7,4.7,0.0
2025-10-12,Constanta,17.1,9.8,0.0,0.0
2025-10-13,Constanta,19.3,11.5,0.6,0.0
2025-10-14,Constanta,14.4,10.9,1.5,0.0
2025-10-15,Constanta,13.7,11.3,1.7,0.0
2025-10-16,Constanta,15.2,12.1,0.2,0.0
2025-10-17,Constanta,17.0,10.3,0.0,0.0
2025-10-18,Constanta,16.4,13.2,3.3,0.0
2025-10-19,Constanta,15.1,8.1,1.0,0.0
2025-10-20,Constanta,12.5,5.9,0.0,0.0
2025-10-21,Constanta,16.7,10.9,0.2,0.0
2025-10-22,Constanta,17.5,13.6,0.7,0.0
2025-10-23,Constanta,19.6,14.4,0.1,0.0
2025-10-24,Constanta,21.7,13.7,0.8,0.0
2025-10-25,Constanta,17.4,8.9,0.0,0.0
2025-10-26,Constanta,18.4,8.0,0.0,0.0
2025-10-27,Constanta,14.2,9.9,5.9,0.0
2025-10-28,Constanta,14.8,8.3,1.8,0.0
2025-10-29,Constanta,19.0,7.6,0.0,0.0
2025-10-30,Constanta,19.6,7.1,0.0,0.0
2025-10-31,Constanta,21.1,11.1,0.0,0.0
2025-11-01,Constanta,17.3,9.9,0.0,0.0
2025-11-02,Constanta,17.6,11.9,0.0,0.0
2025-11-03,Constanta,17.4,12.7,0.0,0.0
2025-11-04,Constanta,18.1,11.7,0.0,0.0
2025-11-05,Constanta,13.4,10.0,8.2,0.0
2025-11-06,Constanta,13.4,9.3,11.5,0.0
2025-11-07,Constanta,13.4,10.8,11.8,0.0
2025-11-08,Constanta,15.0,11.2,0.9,0.0
2025-11-09,Constanta,19.0,11.6,1.6,0.0
2025-11-10,Constanta,17.2,10.7,0.4,0.0
2025-11-11,Constanta,16.8,10.4,14.4,0.0
2025-11-12,Constanta,12.7,8.5,0.0,0.0
2025-11-13,Constanta,12.3,5.9,0.0,0.0
2025-11-14,Constanta,12.1,5.2,0.0,0.0
2025-11-15,Constanta,16.1,7.2,0.0,0.0
2025-11-16,Constanta,10.4,5.7,0.0,0.0
2025-11-17,Constanta,18.4,6.2,0.0,0.0
2025-11-18,Constanta,20.1,8.2,1.7,0.0
2025-11-19,Constanta,11.6,7.3,10.3,0.0
2025-11-20,Constanta,16.5,9.9,0.1,0.0
2025-11-21,Constanta,19.9,14.2,0.0,0.0
2025-11-22,Constanta,21.0,14.7,0.0,0.0
2025-11-23,Constanta,19.1,7.9,1.8,0.0
2025-11-24,Constanta,10.1,4.1,0.0,0.0
2025-11-25,Constanta,14.7,8.1,0.0,0.0
2025-11-26,Constanta,17.8,12.7,0.0,0.0
2025-11-27,Constanta,18.3,13.2,0.0,0.0
2025-11-28,Constanta,13.7,10.2,2.9,0.0
2025-11-29,Constanta,14.0,12.6,14.2,0.0
2025-11-30,Constanta,12.2,7.3,0.6,0.0
2025-12-01,Constanta,8.5,5.5,0.0,0.0
2025-12-02,Constanta,10.9,4.7,0.0,0.0
2025-12-03,Constanta,12.3,6.5,0.7,0.0
2025-12-04,Constanta,14.4,11.2,0.5,0.0
2025-12-05,Constanta,13.3,10.5,1.7,0.0
2025-12-06,Constanta,11.7,7.8,8.9,0.0
2025-12-07,Constanta,8.7,6.2,3.7,0.0
2025-12-08,Constanta,6.7,3.8,0.1,0.0
2025-12-09,Constanta,6.4,3.0,0.0,0.0
2025-12-10,Constanta,10.8,4.5,0.0,0.0
2025-12-11,Constanta,11.7,5.7,0.0,0.0
2025-12-12,Constanta,9.6,5.1,0.0,0.0
2025-12-13,Constanta,9.6,4.4,0.0,0.0
2025-12-14,Constanta,8.8,1.5,0.0,0.0
2025-12-15,Constanta,7.3,2.1,0.0,0.0
2025-12-16,Constanta,7.2,0.6,0.0,0.0
2025-12-17,Constanta,9.3,-0.3,0.0,0.0
2025-12-18,Constanta,6.0,-0.2,0.0,0.0
2025-12-19,Constanta,9.9,2.3,0.0,0.0
2025-12-20,Constanta,6.6,5.0,0.0,0.0
2025-12-21,Constanta,8.2,5.0,0.2,0.0
2025-12-22,Constanta,6.0,2.4,0.0,0.0
2025-12-23,Constanta,7.1,3.8,2.1,0.0
2025-12-24,Constanta,9.4,5.8,9.7,0.0
2025-12-25,Constanta,6.5,-2.6,5.2,0.0
2025-12-26,Constanta,1.8,-6.0,0.1,0.0
2025-12-27,Constanta,2.5,-0.6,0.0,0.0
2025-12-28,Constanta,5.2,-0.6,1.0,0.0
2025-12-29,Constanta,5.0,-0.2,0.3,0.0
2025-12-30,Constanta,4.5,-2.6,0.0,0.0
2025-12-31,Constanta,1.7,-3.4,0.0,0.0
2026-01-01,Constanta,1.6,-5.0,0.0,0.0
2026-01-02,Constanta,7.8,-1.2,0.0,0.0
2026-01-03,Constanta,15.4,4.7,10.1,0.0
2026-01-04,Constanta,17.5,4.4,5.2,0.0
2026-01-05,Constanta,9.2,4.8,2.3,0.0
2026-01-06,Constanta,15.7,10.2,0.0,0.0
2026-01-07,Constanta,16.2,6.4,0.9,0.0
2026-01-08,Constanta,12.4,-1.3,13.6,0.0
2026-01-09,Constanta,1.4,-3.3,0.3,0.0
2026-01-10,Constanta,6.4,1.7,0.8,0.0
2026-01-11,Constanta,2.9,-6.2,15.4,0.0
2026-01-12,Constanta,-3.7,-6.5,0.0,0.0
2026-01-13,Constanta,-0.4,-8.7,0.2,0.0
2026-01-14,Constanta,-0.1,-3.7,0.6,0.0
2026-01-15,Constanta,1.9,0.5,0.0,0.0
2026-01-16,Constanta,0.8,-5.1,0.2,0.0
2026-01-17,Constanta,-4.8,-8.5,0.0,0.0
2026-01-18,Constanta,-5.9,-9.0,0.0,0.0
2026-01-19,Constanta,-1.5,-5.9,0.0,0.0
2026-01-20,Constanta,-2.5,-9.1,0.0,0.0
2026-01-21,Constanta,4.3,-5.5,0.0,0.0
2026-01-22,Constanta,7.3,4.0,2.0,0.0
2026-01-23,Constanta,5.8,1.4,0.1,0.0
2026-01-24,Constanta,4.5,0.9,0.1,0.0
2026-01-25,Constanta,9.7,3.4,0.1,0.0
2026-01-26,Constanta,11.3,6.5,0.3,0.0
2026-01-27,Constanta,11.0,4.1,3.4,0.0
2026-01-28,Constanta,10.7,3.9,0.0,0.0
2026-01-29,Constanta,13.5,7.4,8.1,0.0
2026-01-30,Constanta,8.9,2.3,4.2,0.0
2026-01-31,Constanta,3.0,-2.1,0.0,0.0
2026-02-01,Constanta,-1.0,-3.6,0.8,0.0
2026-02-02,Constanta,-3.4,-6.0,4.1,0.0
2026-02-03,Constanta,1.3,-6.9,0.0,0.0
2026-02-04,Constanta,7.0,1.9,0.0,0.0
2026-02-05,Constanta,8.9,6.4,2.8,0.0
2026-02-06,Constanta,9.7,4.1,4.3,0.0
2026-02-07,Constanta,6.1,3.3,0.0,0.0
2026-02-08,Constanta,6.7,3.5,0.7,0.0
2026-02-09,Constanta,3.5,-1.9,0.1,0.0
2026-02-10,Constanta,3.9,-0.4,0.3,0.0
2026-02-11,Constanta,8.7,3.0,0.1,0.0
2026-02-12,Constanta,10.7,3.9,1.0,0.0
2026-02-13,Constanta,7.6,5.3,7.2,0.0
2026-02-14,Constanta,12.7,5.2,0.5,0.0
2026-02-15,Constanta,12.4,7.3,5.6,0.0
2026-02-16,Constanta,10.7,1.5,0.0,0.0
2026-02-17,Constanta,5.0,2.3,2.7,0.0
2026-02-18,Constanta,4.7,-2.6,36.9,0.0
2026-02-19,Constanta,4.2,-2.5,0.0,0.0
2026-02-20,Constanta,12.5,2.0,0.3,0.0
2026-02-21,Constanta,4.3,0.6,8.9,0.0
2026-02-22,Constanta,4.7,-0.7,1.3,0.0
2026-02-23,Constanta,10.8,-0.2,1.4,0.0
2026-02-24,Constanta,10.8,2.3,8.1,0.0
2026-02-25,Constanta,8.6,1.7,0.3,0.0
2026-02-26,Constanta,6.7,0.7,0.0,0.0
2026-02-27,Constanta,4.2,-0.4,0.0,0.0
2026-02-28,Constanta,4.6,0.8,0.0,0.0
2026-03-01,Constanta,6.4,-1.0,0.0,0.0
2026-03-02,Constanta,9.7,-0.8,0.0,0.0
2026-03-03,Constanta,10.7,0.8,0.0,0.0
2026-03-04,Constanta,9.5,1.3,0.0,0.0
2026-03-05,Constanta,13.2,5.0,0.0,0.0
2026-03-06,Constanta,12.4,5.0,0.0,0.0
2026-03-07,Constanta,7.5,2.3,0.0,0.0
2026-03-08,Constanta,8.7,-0.9,0.0,0.0
2026-03-09,Constanta,8.1,1.7,0.0,0.0
2026-03-10,Constanta,7.6,1.1,0.0,0.0
2026-03-11,Constanta,10.1,3.8,0.0,0.0
2026-03-12,Constanta,10.0,4.1,0.0,0.0
2026-03-13,Constanta,9.6,3.5,0.0,0.0
2026-03-14,Constanta,9.6,3.3,0.3,0.0
2026-03-15,Constanta,9.3,4.2,0.0,0.0
2026-03-16,Constanta,10.5,3.7,0.0,0.0
2026-03-17,Constanta,11.2,4.9,0.0,0.0
2026-03-18,Constanta,9.6,5.8,0.0,0.0
2026-03-19,Constanta,7.7,4.6,0.4,0.0
2026-03-20,Constanta,9.9,4.7,0.0,0.0
2026-03-21,Constanta,8.4,6.0,0.9,0.0
2026-03-22,Constanta,8.1,6.7,3.9,0.0
2026-03-23,Constanta,9.9,6.6,6.8,0.0
2026-03-24,Constanta,10.4,6.3,0.7,0.0
2026-03-25,Constanta,10.9,4.1,0.0,0.0
2026-03-26,Constanta,10.8,2.0,0.0,0.0
2026-03-27,Constanta,10.4,6.8,0.6,0.0
2026-03-28,Constanta,10.8,8.1,6.8,0.0
2026-03-29,Constanta,10.4,7.9,15.4,0.0
2026-03-30,Constanta,12.7,9.8,7.0,0.0
2026-03-31,Constanta,14.0,7.7,4.6,0.0
2026-04-01,Constanta,14.1,8.1,0.1,0.0
2026-04-02,Constanta,9.3,8.3,16.4,0.0
2026-04-03,Constanta,14.0,8.2,0.4,0.0
2026-04-04,Constanta,14.4,8.8,0.4,0.0
2026-04-05,Constanta,17.5,8.2,0.0,0.0
2026-04-06,Constanta,20.7,9.6,0.2,0.0
2026-04-07,Constanta,14.1,7.1,0.3,0.0
2026-04-08,Constanta,10.7,4.8,0.4,0.0
2026-04-09,Constanta,11.3,4.7,1.6,0.0
2026-04-10,Constanta,9.6,3.1,1.5,0.0
2026-04-11,Constanta,10.5,2.8,0.0,0.0
2026-04-12,Constanta,10.9,4.7,0.1,0.0
2026-04-13,Constanta,11.1,3.3,0.0,0.0
2026-04-14,Constanta,11.5,6.3,0.0,0.0
2026-04-15,Constanta,12.2,7.0,0.0,0.0
2026-04-16,Constanta,13.0,6.1,0.0,0.0
2026-04-17,Constanta,13.8,6.4,0.0,0.0
2026-04-18,Constanta,15.9,8.3,3.2,0.0
2023-01-01,Craiova,12.7,1.8,0.0,0.0
2023-01-02,Craiova,13.1,1.4,0.0,0.0
2023-01-03,Craiova,14.3,0.5,0.0,0.0
2023-01-04,Craiova,10.3,1.5,0.0,0.0
2023-01-05,Craiova,12.1,0.5,0.0,0.0
2023-01-06,Craiova,13.2,1.6,0.0,0.0
2023-01-07,Craiova,9.1,-1.1,0.0,0.0
2023-01-08,Craiova,7.8,-0.4,0.0,0.0
2023-01-09,Craiova,4.0,0.1,0.0,0.0
2023-01-10,Craiova,5.8,3.3,24.8,0.0
2023-01-11,Craiova,6.2,3.0,3.6,0.0
2023-01-12,Craiova,3.7,1.1,8.8,0.0
2023-01-13,Craiova,5.8,1.1,0.1,0.0
2023-01-14,Craiova,6.1,2.0,0.0,0.0
2023-01-15,Craiova,7.7,1.2,0.0,0.0
2023-01-16,Craiova,6.6,-0.1,0.3,0.0
2023-01-17,Craiova,10.4,3.2,3.3,0.0
2023-01-18,Craiova,18.0,8.6,3.8,0.0
2023-01-19,Craiova,17.7,7.7,0.0,0.0
2023-01-20,Craiova,11.8,1.8,12.3,0.0
2023-01-21,Craiova,7.8,-1.9,5.1,0.0
2023-01-22,Craiova,11.1,4.8,0.4,0.0
2023-01-23,Craiova,8.1,1.1,0.1,0.0
2023-01-24,Craiova,3.5,-0.2,0.0,0.0
2023-01-25,Craiova,2.2,-1.6,0.1,0.0
2023-01-26,Craiova,1.3,-1.1,5.8,0.0
2023-01-27,Craiova,1.5,0.3,14.1,0.0
2023-01-28,Craiova,1.6,0.2,6.4,0.0
2023-01-29,Craiova,5.1,-1.9,2.5,0.0
2023-01-30,Craiova,2.9,-3.6,0.0,0.0
2023-01-31,Craiova,7.2,-0.5,0.1,0.0
2023-02-01,Craiova,8.1,-0.8,0.0,0.0
2023-02-02,Craiova,6.8,2.0,0.0,0.0
2023-02-03,Craiova,6.6,0.8,1.0,0.0
2023-02-04,Craiova,8.9,1.9,6.5,0.0
2023-02-05,Craiova,1.3,-6.9,10.5,0.0
2023-02-06,Craiova,-0.6,-13.2,0.0,0.0
2023-02-07,Craiova,-3.0,-15.1,0.0,0.0
2023-02-08,Craiova,-1.6,-11.0,0.0,0.0
2023-02-09,Craiova,-2.5,-11.4,0.0,0.0
2023-02-10,Craiova,-3.1,-14.6,0.0,0.0
2023-02-11,Craiova,-0.8,-12.6,0.0,0.0
2023-02-12,Craiova,6.3,-4.9,0.0,0.0
2023-02-13,Craiova,6.2,-5.6,0.0,0.0
2023-02-14,Craiova,8.8,-4.2,0.0,0.0
2023-02-15,Craiova,9.4,-3.9,0.0,0.0
2023-02-16,Craiova,8.9,-3.2,0.0,0.0
2023-02-17,Craiova,13.4,-1.9,0.0,0.0
2023-02-18,Craiova,15.1,4.1,0.0,0.0
2023-02-19,Craiova,16.7,8.1,0.0,0.0
2023-02-20,Craiova,12.4,5.8,0.0,0.0
2023-02-21,Craiova,17.2,5.4,0.0,0.0
2023-02-22,Craiova,16.6,6.2,0.0,0.0
2023-02-23,Craiova,11.4,3.5,0.0,0.0
2023-02-24,Craiova,8.1,1.8,1.9,0.0
2023-02-25,Craiova,11.4,-0.3,3.0,0.0
2023-02-26,Craiova,19.1,6.2,0.0,0.0
2023-02-27,Craiova,9.2,2.5,1.6,0.0
2023-02-28,Craiova,5.7,3.2,0.6,0.0
2023-03-01,Craiova,5.9,3.3,0.3,0.0
2023-03-02,Craiova,5.8,3.5,0.2,0.0
2023-03-03,Craiova,8.9,3.0,0.8,0.0
2023-03-04,Craiova,12.8,0.2,0.0,0.0
2023-03-05,Craiova,11.4,2.7,0.0,0.0
2023-03-06,Craiova,11.1,0.7,0.0,0.0
2023-03-07,Craiova,14.8,1.2,0.2,0.0
2023-03-08,Craiova,16.3,3.8,0.0,0.0
2023-03-09,Craiova,18.6,6.1,0.4,0.0
2023-03-10,Craiova,17.5,6.4,7.4,0.0
2023-03-11,Craiova,15.9,4.8,13.5,0.0
2023-03-12,Craiova,10.1,0.8,0.0,0.0
2023-03-13,Craiova,11.2,-2.1,0.0,0.0
2023-03-14,Craiova,14.4,1.1,0.0,0.0
2023-03-15,Craiova,12.9,3.8,0.0,0.0
2023-03-16,Craiova,7.7,5.2,4.7,0.0
2023-03-17,Craiova,8.8,2.4,0.5,0.0
2023-03-18,Craiova,9.8,1.1,0.3,0.0
2023-03-19,Craiova,13.8,-1.2,0.0,0.0
2023-03-20,Craiova,18.3,0.6,0.0,0.0
2023-03-21,Craiova,17.5,6.4,2.7,0.0
2023-03-22,Craiova,15.8,7.5,2.5,0.0
2023-03-23,Craiova,15.9,4.6,0.0,0.0
2023-03-24,Craiova,19.1,5.1,0.0,0.0
2023-03-25,Craiova,19.5,5.9,0.4,0.0
2023-03-26,Craiova,16.4,6.9,0.6,0.0
2023-03-27,Craiova,14.4,6.3,3.7,0.0
2023-03-28,Craiova,10.2,2.7,0.0,0.0
2023-03-29,Craiova,9.3,0.0,0.0,0.0
2023-03-30,Craiova,11.9,-1.6,0.0,0.0
2023-03-31,Craiova,18.4,4.3,0.6,0.0
2023-04-01,Craiova,15.4,8.4,5.2,0.0
2023-04-02,Craiova,17.0,7.8,4.0,0.0
2023-04-03,Craiova,16.1,4.2,7.1,0.0
2023-04-04,Craiova,9.4,4.4,18.3,0.0
2023-04-05,Craiova,7.6,2.8,0.0,0.0
2023-04-06,Craiova,11.9,2.8,0.1,0.0
2023-04-07,Craiova,6.9,1.0,0.3,0.0
2023-04-08,Craiova,11.1,2.6,0.5,0.0
2023-04-09,Craiova,13.4,4.7,3.4,0.0
2023-04-10,Craiova,15.1,5.5,0.2,0.0
2023-04-11,Craiova,17.3,4.1,0.0,0.0
2023-04-12,Craiova,15.2,6.6,0.0,0.0
2023-04-13,Craiova,18.3,3.1,0.0,0.0
2023-04-14,Craiova,19.0,8.4,1.4,0.0
2023-04-15,Craiova,18.3,6.0,0.0,0.0
2023-04-16,Craiova,19.0,9.7,27.1,0.0
2023-04-17,Craiova,12.9,9.4,6.1,0.0
2023-04-18,Craiova,12.9,8.4,0.6,0.0
2023-04-19,Craiova,16.6,6.4,2.8,0.0
2023-04-20,Craiova,19.7,5.4,0.5,0.0
2023-04-21,Craiova,18.1,6.9,0.0,0.0
2023-04-22,Craiova,17.4,8.1,4.7,0.0
2023-04-23,Craiova,19.0,6.2,0.0,0.0
2023-04-24,Craiova,19.0,8.2,0.2,0.0
2023-04-25,Craiova,16.4,9.9,1.3,0.0
2023-04-26,Craiova,18.1,8.1,1.1,0.0
2023-04-27,Craiova,15.2,5.6,0.4,0.0
2023-04-28,Craiova,16.6,5.9,0.0,0.0
2023-04-29,Craiova,16.5,5.8,0.5,0.0
2023-04-30,Craiova,21.0,5.6,0.1,0.0
2023-05-01,Craiova,21.4,9.2,0.1,0.0
2023-05-02,Craiova,22.0,10.5,0.0,0.0
2023-05-03,Craiova,19.6,10.8,0.5,0.0
2023-05-04,Craiova,16.2,9.4,7.1,0.0
2023-05-05,Craiova,19.6,7.2,0.0,0.0
2023-05-06,Craiova,22.9,9.4,0.0,0.0
2023-05-07,Craiova,23.2,11.4,0.0,0.0
2023-05-08,Craiova,17.5,10.4,6.8,0.0
2023-05-09,Craiova,13.6,8.7,1.4,0.0
2023-05-10,Craiova,17.0,6.6,0.0,0.0
2023-05-11,Craiova,18.0,8.6,0.0,0.0
2023-05-12,Craiova,13.9,9.3,0.0,0.0
2023-05-13,Craiova,18.8,9.7,1.7,0.0
2023-05-14,Craiova,19.0,11.5,0.7,0.0
2023-05-15,Craiova,22.0,12.9,1.9,0.0
2023-05-16,Craiova,21.5,13.5,2.7,0.0
2023-05-17,Craiova,19.5,13.2,6.3,0.0
2023-05-18,Craiova,18.1,13.3,0.8,0.0
2023-05-19,Craiova,23.5,12.8,3.1,0.0
2023-05-20,Craiova,24.4,13.3,0.4,0.0
2023-05-21,Craiova,25.6,13.6,1.3,0.0
2023-05-22,Craiova,24.1,14.4,2.8,0.0
2023-05-23,Craiova,24.5,12.4,0.1,0.0
2023-05-24,Craiova,26.4,12.9,0.2,0.0
2023-05-25,Craiova,25.2,15.9,6.5,0.0
2023-05-26,Craiova,24.8,14.6,2.1,0.0
2023-05-27,Craiova,23.5,13.9,1.7,0.0
2023-05-28,Craiova,24.1,14.4,2.0,0.0
2023-05-29,Craiova,23.9,13.6,4.5,0.0
2023-05-30,Craiova,24.7,14.2,0.5,0.0
2023-05-31,Craiova,24.7,14.2,2.3,0.0
2023-06-01,Craiova,26.8,14.3,1.5,0.0
2023-06-02,Craiova,27.4,15.4,0.5,0.0
2023-06-03,Craiova,23.0,15.4,15.8,0.0
2023-06-04,Craiova,18.5,13.9,2.3,0.0
2023-06-05,Craiova,23.9,12.3,0.0,0.0
2023-06-06,Craiova,25.1,15.0,0.0,0.0
2023-06-07,Craiova,21.6,15.9,0.3,0.0
2023-06-08,Craiova,25.4,15.8,0.1,0.0
2023-06-09,Craiova,26.4,15.4,0.0,0.0
2023-06-10,Craiova,27.4,15.8,0.2,0.0
2023-06-11,Craiova,27.8,14.9,0.4,0.0
2023-06-12,Craiova,24.5,17.6,5.2,0.0
2023-06-13,Craiova,19.5,14.3,9.0,0.0
2023-06-14,Craiova,23.5,15.8,2.1,0.0
2023-06-15,Craiova,23.4,16.9,8.2,0.0
2023-06-16,Craiova,24.6,17.2,27.4,0.0
2023-06-17,Craiova,22.9,16.5,7.8,0.0
2023-06-18,Craiova,24.7,15.8,2.3,0.0
2023-06-19,Craiova,27.4,14.9,0.0,0.0
2023-06-20,Craiova,27.1,15.4,0.1,0.0
2023-06-21,Craiova,30.0,17.3,0.0,0.0
2023-06-22,Craiova,29.9,19.4,0.0,0.0
2023-06-23,Craiova,31.4,20.0,0.0,0.0
2023-06-24,Craiova,31.2,21.0,1.4,0.0
2023-06-25,Craiova,26.2,19.5,6.7,0.0
2023-06-26,Craiova,27.2,17.0,2.3,0.0
2023-06-27,Craiova,29.1,17.2,0.0,0.0
2023-06-28,Craiova,22.5,15.6,3.9,0.0
2023-06-29,Craiova,25.5,12.3,0.0,0.0
2023-06-30,Craiova,27.7,13.9,0.0,0.0
2023-07-01,Craiova,29.5,14.7,0.0,0.0
2023-07-02,Craiova,27.9,18.6,4.4,0.0
2023-07-03,Craiova,30.4,17.2,0.0,0.0
2023-07-04,Craiova,31.4,18.4,0.0,0.0
2023-07-05,Craiova,31.0,20.5,7.7,0.0
2023-07-06,Craiova,30.0,19.9,0.7,0.0
2023-07-07,Craiova,29.8,18.5,0.0,0.0
2023-07-08,Craiova,28.1,16.9,6.5,0.0
2023-07-09,Craiova,30.2,15.6,0.0,0.0
2023-07-10,Craiova,31.7,16.5,0.0,0.0
2023-07-11,Craiova,32.8,20.1,0.0,0.0
2023-07-12,Craiova,33.6,20.2,0.4,0.0
2023-07-13,Craiova,36.2,22.4,0.7,0.0
2023-07-14,Craiova,31.7,22.3,10.3,0.0
2023-07-15,Craiova,32.8,22.0,0.0,0.0
2023-07-16,Craiova,35.2,21.7,0.0,0.0
2023-07-17,Craiova,35.3,22.5,0.0,0.0
2023-07-18,Craiova,36.6,22.6,0.0,0.0
2023-07-19,Craiova,35.0,21.9,0.0,0.0
2023-07-20,Craiova,32.5,19.8,1.2,0.0
2023-07-21,Craiova,33.3,19.3,0.0,0.0
2023-07-22,Craiova,32.6,20.0,0.2,0.0
2023-07-23,Craiova,30.1,19.9,0.8,0.0
2023-07-24,Craiova,32.2,18.4,0.0,0.0
2023-07-25,Craiova,36.2,21.4,0.0,0.0
2023-07-26,Craiova,32.9,22.2,0.0,0.0
2023-07-27,Craiova,26.0,17.7,0.0,0.0
2023-07-28,Craiova,27.4,13.5,0.0,0.0
2023-07-29,Craiova,30.5,16.6,0.0,0.0
2023-07-30,Craiova,32.3,17.6,0.0,0.0
2023-07-31,Craiova,28.2,20.6,4.0,0.0
2023-08-01,Craiova,29.6,18.9,0.5,0.0
2023-08-02,Craiova,30.1,20.9,0.0,0.0
2023-08-03,Craiova,34.5,19.5,0.0,0.0
2023-08-04,Craiova,37.6,23.1,0.1,0.0
2023-08-05,Craiova,35.0,24.0,0.0,0.0
2023-08-06,Craiova,28.4,19.6,12.1,0.0
2023-08-07,Craiova,26.5,16.6,0.0,0.0
2023-08-08,Craiova,26.3,15.6,0.5,0.0
2023-08-09,Craiova,27.4,14.6,0.0,0.0
2023-08-10,Craiova,25.5,16.6,6.9,0.0
2023-08-11,Craiova,28.5,14.4,0.0,0.0
2023-08-12,Craiova,28.2,16.1,0.1,0.0
2023-08-13,Craiova,30.8,19.0,0.0,0.0
2023-08-14,Craiova,32.0,19.4,0.0,0.0
2023-08-15,Craiova,29.9,21.2,5.2,0.0
2023-08-16,Craiova,29.5,21.4,1.7,0.0
2023-08-17,Craiova,33.1,21.0,0.0,0.0
2023-08-18,Craiova,33.5,22.4,0.0,0.0
2023-08-19,Craiova,32.7,23.0,0.0,0.0
2023-08-20,Craiova,34.4,22.0,0.0,0.0
2023-08-21,Craiova,34.8,22.3,0.0,0.0
2023-08-22,Craiova,34.8,24.0,0.0,0.0
2023-08-23,Craiova,35.6,22.6,0.0,0.0
2023-08-24,Craiova,34.7,23.0,1.4,0.0
2023-08-25,Craiova,32.9,21.2,0.1,0.0
2023-08-26,Craiova,35.3,21.9,0.0,0.0
2023-08-27,Craiova,35.0,22.9,0.0,0.0
2023-08-28,Craiova,34.8,21.8,0.0,0.0
2023-08-29,Craiova,34.0,20.3,13.6,0.0
2023-08-30,Craiova,29.4,19.2,0.9,0.0
2023-08-31,Craiova,29.0,17.5,0.1,0.0
2023-09-01,Craiova,29.0,16.9,0.0,0.0
2023-09-02,Craiova,30.6,17.4,0.0,0.0
2023-09-03,Craiova,31.5,17.1,0.0,0.0
2023-09-04,Craiova,21.3,16.8,17.5,0.0
2023-09-05,Craiova,27.3,16.2,0.3,0.0
2023-09-06,Craiova,27.4,16.1,0.0,0.0
2023-09-07,Craiova,28.4,16.9,0.0,0.0
2023-09-08,Craiova,27.8,17.1,0.0,0.0
2023-09-09,Craiova,28.4,13.6,0.0,0.0
2023-09-10,Craiova,29.0,17.3,0.0,0.0
2023-09-11,Craiova,27.5,15.1,0.0,0.0
2023-09-12,Craiova,30.1,14.7,0.0,0.0
2023-09-13,Craiova,31.3,17.0,0.0,0.0
2023-09-14,Craiova,30.1,15.9,0.2,0.0
2023-09-15,Craiova,28.4,19.2,0.0,0.0
2023-09-16,Craiova,23.5,18.5,4.4,0.0
2023-09-17,Craiova,25.1,17.4,16.9,0.0
2023-09-18,Craiova,25.9,16.5,0.0,0.0
2023-09-19,Craiova,22.8,15.9,0.3,0.0
2023-09-20,Craiova,28.1,14.7,0.0,0.0
2023-09-21,Craiova,26.1,16.5,5.7,0.0
2023-09-22,Craiova,28.9,16.5,0.2,0.0
2023-09-23,Craiova,33.0,18.1,0.0,0.0
2023-09-24,Craiova,30.2,18.5,24.8,0.0
2023-09-25,Craiova,27.0,19.6,0.6,0.0
2023-09-26,Craiova,26.7,17.2,0.0,0.0
2023-09-27,Craiova,26.4,16.6,0.0,0.0
2023-09-28,Craiova,26.3,15.5,0.0,0.0
2023-09-29,Craiova,27.2,12.2,0.0,0.0
2023-09-30,Craiova,26.5,13.4,0.0,0.0
2023-10-01,Craiova,26.0,13.1,0.0,0.0
2023-10-02,Craiova,22.5,14.4,0.0,0.0
2023-10-03,Craiova,22.6,11.4,0.0,0.0
2023-10-04,Craiova,25.3,8.9,0.0,0.0
2023-10-05,Craiova,24.3,13.3,0.0,0.0
2023-10-06,Craiova,23.2,12.6,0.0,0.0
2023-10-07,Craiova,22.6,8.9,0.0,0.0
2023-10-08,Craiova,24.6,13.6,0.0,0.0
2023-10-09,Craiova,17.2,9.9,0.0,0.0
2023-10-10,Craiova,21.5,9.7,0.0,0.0
2023-10-11,Craiova,19.6,8.8,0.0,0.0
2023-10-12,Craiova,22.0,6.8,0.0,0.0
2023-10-13,Craiova,23.5,8.8,0.0,0.0
2023-10-14,Craiova,26.3,11.3,0.0,0.0
2023-10-15,Craiova,25.1,10.1,0.6,0.0
2023-10-16,Craiova,16.5,7.7,0.0,0.0
2023-10-17,Craiova,15.6,4.2,0.0,0.0
2023-10-18,Craiova,17.5,6.4,0.0,0.0
2023-10-19,Craiova,19.4,5.2,0.0,0.0
2023-10-20,Craiova,23.5,8.1,0.0,0.0
2023-10-21,Craiova,28.8,10.1,0.0,0.0
2023-10-22,Craiova,27.4,16.0,0.9,0.0
2023-10-23,Craiova,25.7,12.4,0.0,0.0
2023-10-24,Craiova,23.8,10.7,0.0,0.0
2023-10-25,Craiova,25.0,13.6,0.3,0.0
2023-10-26,Craiova,23.8,13.5,0.2,0.0
2023-10-27,Craiova,25.4,12.9,4.0,0.0
2023-10-28,Craiova,23.2,12.2,0.0,0.0
2023-10-29,Craiova,22.9,10.3,0.0,0.0
2023-10-30,Craiova,23.9,9.0,0.0,0.0
2023-10-31,Craiova,23.7,9.9,0.0,0.0
2023-11-01,Craiova,17.8,9.1,3.5,0.0
2023-11-02,Craiova,17.2,7.9,0.0,0.0
2023-11-03,Craiova,19.6,10.2,0.0,0.0
2023-11-04,Craiova,14.2,10.6,18.9,0.0
2023-11-05,Craiova,19.2,6.2,1.6,0.0
2023-11-06,Craiova,20.0,10.1,0.0,0.0
2023-11-07,Craiova,19.4,6.7,0.0,0.0
2023-11-08,Craiova,14.4,8.4,2.2,0.0
2023-11-09,Craiova,13.4,4.2,0.0,0.0
2023-11-10,Craiova,14.0,3.5,1.2,0.0
2023-11-11,Craiova,12.1,7.7,8.7,0.0
2023-11-12,Craiova,12.4,4.8,0.0,0.0
2023-11-13,Craiova,12.1,0.4,0.0,0.0
2023-11-14,Craiova,18.0,3.3,0.0,0.0
2023-11-15,Craiova,14.2,8.2,1.6,0.0
2023-11-16,Craiova,13.7,6.2,0.0,0.0
2023-11-17,Craiova,9.9,3.5,2.6,0.0
2023-11-18,Craiova,8.9,4.5,0.0,0.0
2023-11-19,Craiova,8.5,1.5,0.0,0.0
2023-11-20,Craiova,14.2,4.1,0.0,0.0
2023-11-21,Craiova,14.5,3.5,6.0,0.0
2023-11-22,Craiova,9.4,7.7,18.4,0.0
2023-11-23,Craiova,8.9,4.4,0.1,0.0
2023-11-24,Craiova,12.9,4.3,4.8,0.0
2023-11-25,Craiova,7.6,1.4,41.0,0.0
2023-11-26,Craiova,3.8,0.3,5.3,0.0
2023-11-27,Craiova,6.1,-1.5,0.0,0.0
2023-11-28,Craiova,3.6,0.1,3.0,0.0
2023-11-29,Craiova,6.7,-0.9,0.2,0.0
2023-11-30,Craiova,5.9,-3.6,0.0,0.0
2023-12-01,Craiova,10.6,-1.1,0.0,0.0
2023-12-02,Craiova,10.3,2.5,0.4,0.0
2023-12-03,Craiova,8.7,-0.7,5.2,0.0
2023-12-04,Craiova,4.2,-2.3,0.0,0.0
2023-12-05,Craiova,3.2,-2.7,0.0,0.0
2023-12-06,Craiova,6.6,-0.7,4.3,0.0
2023-12-07,Craiova,4.2,2.2,3.7,0.0
2023-12-08,Craiova,4.3,0.7,0.0,0.0
2023-12-09,Craiova,3.6,-0.2,0.0,0.0
2023-12-10,Craiova,5.3,-1.0,0.0,0.0
2023-12-11,Craiova,6.2,-0.6,0.1,0.0
2023-12-12,Craiova,10.8,-0.5,0.9,0.0
2023-12-13,Craiova,8.6,1.4,0.0,0.0
2023-12-14,Craiova,9.2,2.0,2.5,0.0
2023-12-15,Craiova,6.6,3.4,0.8,0.0
2023-12-16,Craiova,4.0,-2.5,2.0,0.0
2023-12-17,Craiova,6.1,-2.8,0.0,0.0
2023-12-18,Craiova,9.8,-1.2,0.0,0.0
2023-12-19,Craiova,9.7,-1.6,0.0,0.0
2023-12-20,Craiova,8.2,-2.8,0.0,0.0
2023-12-21,Craiova,8.4,-0.6,0.0,0.0
2023-12-22,Craiova,9.1,-1.5,0.0,0.0
2023-12-23,Craiova,6.1,2.5,0.8,0.0
2023-12-24,Craiova,12.8,3.6,0.0,0.0
2023-12-25,Craiova,16.2,8.2,0.0,0.0
2023-12-26,Craiova,17.0,8.2,0.0,0.0
2023-12-27,Craiova,13.9,2.9,0.0,0.0
2023-12-28,Craiova,11.1,0.6,0.0,0.0
2023-12-29,Craiova,13.6,-0.1,0.0,0.0
2023-12-30,Craiova,13.5,0.4,0.0,0.0
2023-12-31,Craiova,11.1,0.5,0.0,0.0
2024-01-01,Craiova,9.0,-0.9,0.0,0.0
2024-01-02,Craiova,11.1,2.3,0.0,0.0
2024-01-03,Craiova,10.4,0.9,0.1,0.0
2024-01-04,Craiova,12.2,5.9,2.3,0.0
2024-01-05,Craiova,13.6,6.2,0.0,0.0
2024-01-06,Craiova,11.7,3.2,0.0,0.0
2024-01-07,Craiova,8.8,4.1,9.6,0.0
2024-01-08,Craiova,6.4,-1.3,8.3,0.0
2024-01-09,Craiova,-1.5,-6.8,2.0,0.0
2024-01-10,Craiova,-0.2,-8.0,0.0,0.0
2024-01-11,Craiova,2.1,-9.9,0.0,0.0
2024-01-12,Craiova,3.9,-6.1,0.0,0.0
2024-01-13,Craiova,2.6,-6.7,0.0,0.0
2024-01-14,Craiova,7.2,-5.8,0.0,0.0
2024-01-15,Craiova,6.6,-3.5,0.2,0.0
2024-01-16,Craiova,5.2,-3.5,0.0,0.0
2024-01-17,Craiova,5.8,-5.2,0.0,0.0
2024-01-18,Craiova,6.7,-1.4,1.6,0.0
2024-01-19,Craiova,12.8,-0.2,0.1,0.0
2024-01-20,Craiova,2.2,-4.3,5.2,0.0
2024-01-21,Craiova,4.0,-5.8,0.0,0.0
2024-01-22,Craiova,-0.6,-5.4,0.0,0.0
2024-01-23,Craiova,-0.2,-5.6,0.0,0.0
2024-01-24,Craiova,4.1,-5.3,0.0,0.0
2024-01-25,Craiova,10.4,2.2,0.0,0.0
2024-01-26,Craiova,8.6,0.9,0.0,0.0
2024-01-27,Craiova,10.0,0.2,0.7,0.0
2024-01-28,Craiova,8.4,-3.0,0.0,0.0
2024-01-29,Craiova,5.7,-3.4,0.1,0.0
2024-01-30,Craiova,4.2,-3.5,0.0,0.0
2024-01-31,Craiova,6.1,-4.4,0.0,0.0
2024-02-01,Craiova,9.1,-5.7,0.0,0.0
2024-02-02,Craiova,8.1,-0.2,0.0,0.0
2024-02-03,Craiova,10.6,-1.2,0.0,0.0
2024-02-04,Craiova,12.6,4.0,0.0,0.0
2024-02-05,Craiova,17.7,7.9,0.0,0.0
2024-02-06,Craiova,18.7,9.9,0.0,0.0
2024-02-07,Craiova,16.2,8.1,0.0,0.0
2024-02-08,Craiova,16.6,5.7,0.0,0.0
2024-02-09,Craiova,16.4,4.4,0.0,0.0
2024-02-10,Craiova,17.5,7.6,0.3,0.0
2024-02-11,Craiova,17.1,8.6,1.8,0.0
2024-02-12,Craiova,12.8,7.1,2.9,0.0
2024-02-13,Craiova,9.1,6.2,4.7,0.0
2024-02-14,Craiova,12.1,2.2,0.0,0.0
2024-02-15,Craiova,11.1,0.3,0.0,0.0
2024-02-16,Craiova,11.9,-0.9,0.0,0.0
2024-02-17,Craiova,11.3,0.8,0.0,0.0
2024-02-18,Craiova,13.4,0.8,0.0,0.0
2024-02-19,Craiova,8.8,1.6,0.0,0.0
2024-02-20,Craiova,11.0,-0.6,0.1,0.0
2024-02-21,Craiova,12.1,2.5,1.9,0.0
2024-02-22,Craiova,11.8,-0.6,0.0,0.0
2024-02-23,Craiova,15.9,2.3,0.0,0.0
2024-02-24,Craiova,18.0,6.2,0.0,0.0
2024-02-25,Craiova,17.0,9.1,0.0,0.0
2024-02-26,Craiova,17.3,7.3,0.0,0.0
2024-02-27,Craiova,15.3,4.8,0.0,0.0
2024-02-28,Craiova,15.4,4.1,0.0,0.0
2024-02-29,Craiova,14.9,3.7,0.0,0.0
2024-03-01,Craiova,12.2,5.8,4.6,0.0
2024-03-02,Craiova,9.2,6.2,4.5,0.0
2024-03-03,Craiova,14.4,3.7,0.0,0.0
2024-03-04,Craiova,15.7,3.2,0.0,0.0
2024-03-05,Craiova,13.1,5.2,0.0,0.0
2024-03-06,Craiova,12.4,5.8,0.2,0.0
2024-03-07,Craiova,7.2,4.1,12.7,0.0
2024-03-08,Craiova,6.9,2.7,1.9,0.0
2024-03-09,Craiova,11.4,-0.7,0.0,0.0
2024-03-10,Craiova,14.1,3.0,0.2,0.0
2024-03-11,Craiova,15.1,6.9,2.2,0.0
2024-03-12,Craiova,14.5,6.3,0.7,0.0
2024-03-13,Craiova,14.6,6.9,2.9,0.0
2024-03-14,Craiova,9.3,4.8,2.3,0.0
2024-03-15,Craiova,12.4,1.9,0.0,0.0
2024-03-16,Craiova,14.0,2.5,0.0,0.0
2024-03-17,Craiova,16.4,3.8,0.8,0.0
2024-03-18,Craiova,15.6,4.0,0.0,0.0
2024-03-19,Craiova,9.8,2.8,2.0,0.0
2024-03-20,Craiova,14.0,-1.1,0.0,0.0
2024-03-21,Craiova,16.9,2.1,0.0,0.0
2024-03-22,Craiova,13.7,1.5,0.0,0.0
2024-03-23,Craiova,18.0,3.1,0.0,0.0
2024-03-24,Craiova,17.9,6.0,1.7,0.0
2024-03-25,Craiova,13.5,5.2,3.4,0.0
2024-03-26,Craiova,15.2,1.1,0.0,0.0
2024-03-27,Craiova,16.7,7.2,1.6,0.0
2024-03-28,Craiova,20.4,8.3,0.7,0.0
2024-03-29,Craiova,22.9,12.0,0.0,0.0
2024-03-30,Craiova,26.0,10.8,0.0,0.0
2024-03-31,Craiova,26.9,11.2,0.0,0.0
2024-04-01,Craiova,28.5,11.5,0.0,0.0
2024-04-02,Craiova,19.6,12.2,0.0,0.0
2024-04-03,Craiova,20.1,9.6,0.0,0.0
2024-04-04,Craiova,20.0,10.1,0.2,0.0
2024-04-05,Craiova,23.5,6.9,0.2,0.0
2024-04-06,Craiova,25.0,10.1,0.0,0.0
2024-04-07,Craiova,21.8,12.6,0.4,0.0
2024-04-08,Craiova,23.2,9.6,0.0,0.0
2024-04-09,Craiova,24.6,9.9,0.0,0.0
2024-04-10,Craiova,25.1,10.9,0.0,0.0
2024-04-11,Craiova,25.5,9.9,0.0,0.0
2024-04-12,Craiova,26.7,11.1,0.0,0.0
2024-04-13,Craiova,25.8,14.1,0.0,0.0
2024-04-14,Craiova,28.1,11.6,0.0,0.0
2024-04-15,Craiova,30.6,13.1,0.0,0.0
2024-04-16,Craiova,29.5,17.2,2.0,0.0
2024-04-17,Craiova,16.4,7.7,5.2,0.0
2024-04-18,Craiova,14.1,6.4,0.9,0.0
2024-04-19,Craiova,15.4,3.6,0.2,0.0
2024-04-20,Craiova,15.7,4.3,0.4,0.0
2024-04-21,Craiova,17.2,6.8,2.2,0.0
2024-04-22,Craiova,17.1,7.2,3.8,0.0
2024-04-23,Craiova,12.6,7.8,5.8,0.0
2024-04-24,Craiova,19.5,8.6,2.0,0.0
2024-04-25,Craiova,13.0,8.8,11.5,0.0
2024-04-26,Craiova,18.5,5.7,0.1,0.0
2024-04-27,Craiova,20.6,8.4,0.1,0.0
2024-04-28,Craiova,22.9,10.2,0.0,0.0
2024-04-29,Craiova,22.9,10.6,0.0,0.0
2024-04-30,Craiova,18.2,12.1,0.0,0.0
2024-05-01,Craiova,20.1,10.5,0.0,0.0
2024-05-02,Craiova,22.2,13.2,0.0,0.0
2024-05-03,Craiova,14.9,12.4,8.8,0.0
2024-05-04,Craiova,22.0,9.9,5.3,0.0
2024-05-05,Craiova,22.9,10.4,0.1,0.0
2024-05-06,Craiova,25.7,10.3,0.0,0.0
2024-05-07,Craiova,26.8,12.4,1.7,0.0
2024-05-08,Craiova,23.4,14.4,8.9,0.0
2024-05-09,Craiova,15.9,10.9,11.6,0.0
2024-05-10,Craiova,19.9,10.3,0.0,0.0
2024-05-11,Craiova,22.0,7.6,0.0,0.0
2024-05-12,Craiova,20.8,10.4,5.9,0.0
2024-05-13,Craiova,18.0,10.0,0.9,0.0
2024-05-14,Craiova,20.3,8.8,0.0,0.0
2024-05-15,Craiova,17.2,10.9,0.2,0.0
2024-05-16,Craiova,19.6,9.6,0.5,0.0
2024-05-17,Craiova,19.1,11.9,1.0,0.0
2024-05-18,Craiova,23.2,14.0,0.0,0.0
2024-05-19,Craiova,21.5,14.7,0.1,0.0
2024-05-20,Craiova,21.4,13.9,3.7,0.0
2024-05-21,Craiova,25.9,13.5,1.0,0.0
2024-05-22,Craiova,25.1,14.4,2.7,0.0
2024-05-23,Craiova,20.0,15.0,9.6,0.0
2024-05-24,Craiova,24.3,12.8,4.3,0.0
2024-05-25,Craiova,25.0,14.6,0.1,0.0
2024-05-26,Craiova,24.9,14.3,0.0,0.0
2024-05-27,Craiova,23.4,13.3,0.4,0.0
2024-05-28,Craiova,22.1,11.9,0.2,0.0
2024-05-29,Craiova,20.5,12.5,7.8,0.0
2024-05-30,Craiova,24.4,14.1,2.6,0.0
2024-05-31,Craiova,27.3,15.1,0.2,0.0
2024-06-01,Craiova,29.9,18.1,0.1,0.0
2024-06-02,Craiova,28.0,18.8,0.0,0.0
2024-06-03,Craiova,29.2,18.8,0.8,0.0
2024-06-04,Craiova,28.2,17.6,0.4,0.0
2024-06-05,Craiova,28.1,17.2,0.0,0.0
2024-06-06,Craiova,30.2,15.5,0.0,0.0
2024-06-07,Craiova,32.3,17.3,0.0,0.0
2024-06-08,Craiova,34.0,18.5,0.0,0.0
2024-06-09,Craiova,34.1,20.9,0.1,0.0
2024-06-10,Craiova,35.3,21.8,2.7,0.0
2024-06-11,Craiova,33.4,21.5,0.0,0.0
2024-06-12,Craiova,31.5,19.0,0.4,0.0
2024-06-13,Craiova,30.5,19.0,10.5,0.0
2024-06-14,Craiova,25.5,16.5,1.1,0.0
2024-06-15,Craiova,27.6,13.6,0.0,0.0
2024-06-16,Craiova,30.5,15.6,0.0,0.0
2024-06-17,Craiova,32.7,19.0,0.1,0.0
2024-06-18,Craiova,34.7,18.7,0.0,0.0
2024-06-19,Craiova,35.8,22.2,0.0,0.0
2024-06-20,Craiova,38.0,21.6,0.0,0.0
2024-06-21,Craiova,34.5,22.7,0.0,0.0
2024-06-22,Craiova,37.0,23.5,0.0,0.0
2024-06-23,Craiova,37.5,23.5,0.0,0.0
2024-06-24,Craiova,35.2,24.0,0.0,0.0
2024-06-25,Craiova,34.9,22.8,0.2,0.0
2024-06-26,Craiova,33.5,22.9,0.4,0.0
2024-06-27,Craiova,32.3,19.9,3.0,0.0
2024-06-28,Craiova,30.5,20.1,0.1,0.0
2024-06-29,Craiova,33.5,18.7,0.0,0.0
2024-06-30,Craiova,33.3,21.3,0.3,0.0
2024-07-01,Craiova,35.9,22.6,0.0,0.0
2024-07-02,Craiova,31.4,20.8,7.1,0.0
2024-07-03,Craiova,22.2,17.8,8.1,0.0
2024-07-04,Craiova,26.9,14.9,0.0,0.0
2024-07-05,Craiova,29.1,16.5,0.0,0.0
2024-07-06,Craiova,31.6,18.3,0.0,0.0
2024-07-07,Craiova,33.5,21.4,0.0,0.0
2024-07-08,Craiova,34.8,21.1,0.0,0.0
2024-07-09,Craiova,36.0,22.9,0.0,0.0
2024-07-10,Craiova,36.2,24.0,0.0,0.0
2024-07-11,Craiova,36.2,24.5,0.0,0.0
2024-07-12,Craiova,38.0,24.4,0.0,0.0
2024-07-13,Craiova,38.2,24.4,0.0,0.0
2024-07-14,Craiova,39.0,24.6,0.0,0.0
2024-07-15,Craiova,38.8,26.7,0.0,0.0
2024-07-16,Craiova,39.5,25.9,0.0,0.0
2024-07-17,Craiova,38.9,25.4,0.0,0.0
2024-07-18,Craiova,38.2,26.9,1.7,0.0
2024-07-19,Craiova,35.4,24.0,0.0,0.0
2024-07-20,Craiova,36.6,25.6,0.0,0.0
2024-07-21,Craiova,32.2,21.3,0.3,0.0
2024-07-22,Craiova,34.4,22.2,0.0,0.0
2024-07-23,Craiova,33.5,21.4,0.9,0.0
2024-07-24,Craiova,29.7,23.3,1.3,0.0
2024-07-25,Craiova,31.2,20.7,0.4,0.0
2024-07-26,Craiova,32.4,18.6,0.9,0.0
2024-07-27,Craiova,33.3,20.4,0.0,0.0
2024-07-28,Craiova,36.1,21.9,0.0,0.0
2024-07-29,Craiova,36.7,23.1,0.0,0.0
2024-07-30,Craiova,31.8,22.2,0.0,0.0
2024-07-31,Craiova,32.2,19.4,0.0,0.0
2024-08-01,Craiova,35.2,19.5,0.0,0.0
2024-08-02,Craiova,37.4,20.5,0.0,0.0
2024-08-03,Craiova,32.4,24.7,0.0,0.0
2024-08-04,Craiova,30.8,20.9,0.0,0.0
2024-08-05,Craiova,29.9,21.1,0.5,0.0
2024-08-06,Craiova,30.0,20.7,0.0,0.0
2024-08-07,Craiova,31.4,17.2,0.0,0.0
2024-08-08,Craiova,34.4,20.1,0.0,0.0
2024-08-09,Craiova,32.8,23.0,0.9,0.0
2024-08-10,Craiova,33.9,19.0,0.0,0.0
2024-08-11,Craiova,35.5,22.4,0.0,0.0
2024-08-12,Craiova,37.2,22.8,0.0,0.0
2024-08-13,Craiova,39.3,23.2,0.0,0.0
2024-08-14,Craiova,36.2,24.5,0.0,0.0
2024-08-15,Craiova,36.8,23.6,0.3,0.0
2024-08-16,Craiova,35.8,23.8,0.7,0.0
2024-08-17,Craiova,36.0,24.6,1.8,0.0
2024-08-18,Craiova,34.5,22.1,0.0,0.0
2024-08-19,Craiova,34.5,22.0,0.0,0.0
2024-08-20,Craiova,31.8,22.2,0.0,0.0
2024-08-21,Craiova,33.2,20.1,0.0,0.0
2024-08-22,Craiova,36.0,21.2,0.0,0.0
2024-08-23,Craiova,33.2,21.5,0.0,0.0
2024-08-24,Craiova,35.0,22.2,0.0,0.0
2024-08-25,Craiova,35.0,22.0,0.0,0.0
2024-08-26,Craiova,35.7,23.4,0.1,0.0
2024-08-27,Craiova,31.0,22.3,0.7,0.0
2024-08-28,Craiova,30.3,20.8,0.0,0.0
2024-08-29,Craiova,31.6,20.4,1.9,0.0
2024-08-30,Craiova,30.8,18.9,0.0,0.0
2024-08-31,Craiova,31.0,19.4,0.0,0.0
2024-09-01,Craiova,33.7,19.9,0.0,0.0
2024-09-02,Craiova,33.9,18.5,0.0,0.0
2024-09-03,Craiova,34.2,20.1,0.0,0.0
2024-09-04,Craiova,33.2,23.0,0.0,0.0
2024-09-05,Craiova,30.0,18.6,0.0,0.0
2024-09-06,Craiova,30.0,17.5,0.0,0.0
2024-09-07,Craiova,29.8,19.6,0.0,0.0
2024-09-08,Craiova,28.9,17.6,0.0,0.0
2024-09-09,Craiova,29.4,16.5,0.0,0.0
2024-09-10,Craiova,24.3,18.2,6.9,0.0
2024-09-11,Craiova,20.5,17.2,9.9,0.0
2024-09-12,Craiova,27.8,16.2,0.0,0.0
2024-09-13,Craiova,28.2,17.2,1.5,0.0
2024-09-14,Craiova,18.5,11.9,11.9,0.0
2024-09-15,Craiova,19.2,8.4,1.9,0.0
2024-09-16,Craiova,18.9,10.1,0.3,0.0
2024-09-17,Craiova,22.4,8.4,0.0,0.0
2024-09-18,Craiova,23.4,11.1,0.0,0.0
2024-09-19,Craiova,24.4,11.9,0.1,0.0
2024-09-20,Craiova,23.5,14.9,0.0,0.0
2024-09-21,Craiova,25.0,10.8,0.0,0.0
2024-09-22,Craiova,25.2,10.1,0.0,0.0
2024-09-23,Craiova,26.2,10.4,0.0,0.0
2024-09-24,Craiova,28.0,14.2,0.0,0.0
2024-09-25,Craiova,27.6,16.5,0.0,0.0
2024-09-26,Craiova,27.4,14.4,0.0,0.0
2024-09-27,Craiova,30.0,14.8,0.0,0.0
2024-09-28,Craiova,31.1,15.7,0.0,0.0
2024-09-29,Craiova,21.8,13.9,11.3,0.0
2024-09-30,Craiova,19.2,11.0,0.0,0.0
2024-10-01,Craiova,20.5,9.0,0.0,0.0
2024-10-02,Craiova,20.5,6.8,0.0,0.0
2024-10-03,Craiova,24.8,10.1,0.0,0.0
2024-10-04,Craiova,25.5,15.8,0.1,0.0
2024-10-05,Craiova,20.6,13.3,3.6,0.0
2024-10-06,Craiova,20.0,11.1,0.3,0.0
2024-10-07,Craiova,20.0,10.4,0.0,0.0
2024-10-08,Craiova,22.8,8.5,0.0,0.0
2024-10-09,Craiova,21.1,11.6,0.0,0.0
2024-10-10,Craiova,25.2,11.0,0.0,0.0
2024-10-11,Craiova,25.1,13.5,0.1,0.0
2024-10-12,Craiova,21.5,11.8,0.0,0.0
2024-10-13,Craiova,19.1,9.5,0.1,0.0
2024-10-14,Craiova,22.1,11.1,0.0,0.0
2024-10-15,Craiova,22.2,7.6,0.0,0.0
2024-10-16,Craiova,16.4,8.9,0.0,0.0
2024-10-17,Craiova,16.6,6.2,0.0,0.0
2024-10-18,Craiova,14.1,4.2,0.0,0.0
2024-10-19,Craiova,14.4,3.8,0.0,0.0
2024-10-20,Craiova,14.7,3.8,0.0,0.0
2024-10-21,Craiova,16.1,1.8,0.0,0.0
2024-10-22,Craiova,18.2,1.1,0.0,0.0
2024-10-23,Craiova,20.2,2.5,0.0,0.0
2024-10-24,Craiova,17.9,8.0,0.0,0.0
2024-10-25,Craiova,17.5,5.6,0.0,0.0
2024-10-26,Craiova,19.0,2.5,0.0,0.0
2024-10-27,Craiova,20.4,3.8,0.0,0.0
2024-10-28,Craiova,24.8,6.5,0.0,0.0
2024-10-29,Craiova,19.3,9.1,0.0,0.0
2024-10-30,Craiova,20.2,5.8,0.0,0.0
2024-10-31,Craiova,21.0,6.8,0.0,0.0
2024-11-01,Craiova,20.0,7.6,0.0,0.0
2024-11-02,Craiova,22.1,6.7,0.0,0.0
2024-11-03,Craiova,12.7,3.7,0.1,0.0
2024-11-04,Craiova,16.1,0.1,0.0,0.0
2024-11-05,Craiova,11.6,3.7,0.0,0.0
2024-11-06,Craiova,12.2,-0.9,0.0,0.0
2024-11-07,Craiova,13.6,-2.0,0.0,0.0
2024-11-08,Craiova,14.6,-3.0,0.0,0.0
2024-11-09,Craiova,9.3,-0.2,0.0,0.0
2024-11-10,Craiova,7.7,-0.5,3.4,0.0
2024-11-11,Craiova,4.9,2.7,7.1,0.0
2024-11-12,Craiova,3.2,1.5,4.1,0.0
2024-11-13,Craiova,6.8,2.3,0.0,0.0
2024-11-14,Craiova,6.1,3.7,3.5,0.0
2024-11-15,Craiova,7.4,0.6,0.0,0.0
2024-11-16,Craiova,7.9,-1.3,0.0,0.0
2024-11-17,Craiova,7.2,-3.2,0.0,0.0
2024-11-18,Craiova,9.7,-2.9,0.0,0.0
2024-11-19,Craiova,9.7,-1.6,0.0,0.0
2024-11-20,Craiova,11.6,0.9,0.9,0.0
2024-11-21,Craiova,8.1,-0.3,4.0,0.0
2024-11-22,Craiova,7.2,-0.2,4.3,0.0
2024-11-23,Craiova,5.3,0.0,0.0,0.0
2024-11-24,Craiova,6.8,-1.8,0.0,0.0
2024-11-25,Craiova,7.6,0.6,0.0,0.0
2024-11-26,Craiova,8.4,-1.2,0.0,0.0
2024-11-27,Craiova,11.8,-0.6,0.0,0.0
2024-11-28,Craiova,7.8,2.8,0.9,0.0
2024-11-29,Craiova,6.7,3.6,9.7,0.0
2024-11-30,Craiova,7.7,2.9,13.9,0.0
2024-12-01,Craiova,7.2,3.7,0.0,0.0
2024-12-02,Craiova,6.3,2.5,0.2,0.0
2024-12-03,Craiova,6.3,3.3,0.0,0.0
2024-12-04,Craiova,5.8,4.2,0.5,0.0
2024-12-05,Craiova,4.3,2.9,1.1,0.0
2024-12-06,Craiova,3.5,1.2,4.9,0.0
2024-12-07,Craiova,4.6,1.6,14.0,0.0
2024-12-08,Craiova,7.6,1.2,0.0,0.0
2024-12-09,Craiova,9.2,2.3,6.1,0.0
2024-12-10,Craiova,7.1,1.7,1.2,0.0
2024-12-11,Craiova,8.6,1.8,0.0,0.0
2024-12-12,Craiova,7.2,0.2,0.0,0.0
2024-12-13,Craiova,6.2,-0.9,0.0,0.0
2024-12-14,Craiova,4.6,-0.6,0.7,0.0
2024-12-15,Craiova,7.2,1.2,0.0,0.0
2024-12-16,Craiova,8.4,0.8,0.0,0.0
2024-12-17,Craiova,14.9,5.9,0.0,0.0
2024-12-18,Craiova,10.2,3.2,0.0,0.0
2024-12-19,Craiova,10.1,0.4,0.0,0.0
2024-12-20,Craiova,9.4,-1.0,0.5,0.0
2024-12-21,Craiova,5.7,2.5,16.4,0.0
2024-12-22,Craiova,5.3,-0.8,0.0,0.0
2024-12-23,Craiova,5.2,-1.5,0.0,0.0
2024-12-24,Craiova,6.5,2.8,27.1,0.0
2024-12-25,Craiova,7.2,4.2,9.5,0.0
2024-12-26,Craiova,4.0,0.3,2.4,0.0
2024-12-27,Craiova,6.1,0.1,0.0,0.0
2024-12-28,Craiova,5.6,0.5,0.0,0.0
2024-12-29,Craiova,6.4,-0.9,0.0,0.0
2024-12-30,Craiova,7.4,-0.8,0.0,0.0
2024-12-31,Craiova,6.2,-2.3,0.0,0.0
2025-01-01,Craiova,8.5,-4.6,0.0,0.0
2025-01-02,Craiova,11.0,0.1,0.0,0.0
2025-01-03,Craiova,9.9,2.8,0.6,0.0
2025-01-04,Craiova,5.2,-2.5,0.5,0.0
2025-01-05,Craiova,3.2,-3.7,0.0,0.0
2025-01-06,Craiova,7.0,-1.9,0.0,0.0
2025-01-07,Craiova,7.8,-0.2,0.0,0.0
2025-01-08,Craiova,13.6,-0.3,0.0,0.0
2025-01-09,Craiova,14.1,4.9,0.0,0.0
2025-01-10,Craiova,14.1,2.5,0.7,0.0
2025-01-11,Craiova,5.9,-0.8,0.0,0.0
2025-01-12,Craiova,4.2,-3.1,0.0,0.0
2025-01-13,Craiova,4.6,-3.4,0.0,0.0
2025-01-14,Craiova,1.4,-2.9,0.2,0.0
2025-01-15,Craiova,2.6,-5.9,0.0,0.0
2025-01-16,Craiova,3.8,-6.2,0.0,0.0
2025-01-17,Craiova,6.1,-4.3,0.0,0.0
2025-01-18,Craiova,6.0,-4.0,0.0,0.0
2025-01-19,Craiova,7.2,-2.8,0.0,0.0
2025-01-20,Craiova,7.2,-3.8,0.0,0.0
2025-01-21,Craiova,7.0,-1.8,0.0,0.0
2025-01-22,Craiova,7.4,0.3,0.0,0.0
2025-01-23,Craiova,9.1,-0.2,0.0,0.0
2025-01-24,Craiova,12.6,0.7,0.7,0.0
2025-01-25,Craiova,10.8,0.6,0.0,0.0
2025-01-26,Craiova,10.4,0.2,0.0,0.0
2025-01-27,Craiova,9.9,-1.4,0.0,0.0
2025-01-28,Craiova,12.8,-1.0,0.0,0.0
2025-01-29,Craiova,16.6,1.0,0.9,0.0
2025-01-30,Craiova,13.9,6.1,0.5,0.0
2025-01-31,Craiova,12.4,2.2,0.0,0.0
2025-02-01,Craiova,14.0,5.0,0.0,0.0
2025-02-02,Craiova,7.4,3.7,0.0,0.0
2025-02-03,Craiova,7.9,2.2,0.0,0.0
2025-02-04,Craiova,5.9,-1.5,0.0,0.0
2025-02-05,Craiova,5.5,-3.2,0.0,0.0
2025-02-06,Craiova,5.3,-2.3,0.0,0.0
2025-02-07,Craiova,2.5,-2.3,0.0,0.0
2025-02-08,Craiova,2.0,-5.3,0.0,0.0
2025-02-09,Craiova,1.3,-4.3,0.0,0.0
2025-02-10,Craiova,2.9,-7.6,0.0,0.0
2025-02-11,Craiova,1.6,-6.9,0.0,0.0
2025-02-12,Craiova,1.5,-6.8,0.0,0.0
2025-02-13,Craiova,1.2,-4.7,1.0,0.0
2025-02-14,Craiova,8.4,-2.2,0.0,0.0
2025-02-15,Craiova,4.8,-1.2,0.5,0.0
2025-02-16,Craiova,-0.4,-2.8,0.8,0.0
2025-02-17,Craiova,-1.5,-3.2,4.1,0.0
2025-02-18,Craiova,-2.0,-3.5,2.1,0.0
2025-02-19,Craiova,-0.7,-6.1,0.0,0.0
2025-02-20,Craiova,2.5,-7.5,0.0,0.0
2025-02-21,Craiova,0.4,-6.8,0.0,0.0
2025-02-22,Craiova,0.9,-7.4,0.0,0.0
2025-02-23,Craiova,1.2,-7.2,0.0,0.0
2025-02-24,Craiova,4.6,-7.4,0.0,0.0
2025-02-25,Craiova,8.2,-2.8,0.3,0.0
2025-02-26,Craiova,9.0,-2.8,0.0,0.0
2025-02-27,Craiova,10.9,0.1,0.0,0.0
2025-02-28,Craiova,8.2,2.8,0.1,0.0
2025-03-01,Craiova,8.4,3.7,1.6,0.0
2025-03-02,Craiova,11.9,3.2,1.5,0.0
2025-03-03,Craiova,10.5,1.0,0.0,0.0
2025-03-04,Craiova,12.2,-1.3,0.0,0.0
2025-03-05,Craiova,15.3,-1.0,0.0,0.0
2025-03-06,Craiova,17.7,-0.2,0.0,0.0
2025-03-07,Craiova,18.4,0.4,0.0,0.0
2025-03-08,Craiova,17.9,2.8,0.0,0.0
2025-03-09,Craiova,17.3,3.8,0.0,0.0
2025-03-10,Craiova,19.9,3.3,0.0,0.0
2025-03-11,Craiova,16.5,7.2,3.7,0.0
2025-03-12,Craiova,18.4,8.0,5.5,0.0
2025-03-13,Craiova,22.3,11.4,0.3,0.0
2025-03-14,Craiova,20.5,11.2,0.0,0.0
2025-03-15,Craiova,22.0,9.1,0.0,0.0
2025-03-16,Craiova,19.4,9.6,2.4,0.0
2025-03-17,Craiova,14.4,3.1,1.9,0.0
2025-03-18,Craiova,2.7,-5.9,14.7,0.0
2025-03-19,Craiova,4.7,-6.8,0.0,0.0
2025-03-20,Craiova,11.4,-1.6,0.0,0.0
2025-03-21,Craiova,14.1,-0.3,0.0,0.0
2025-03-22,Craiova,14.5,1.5,0.2,0.0
2025-03-23,Craiova,15.6,5.7,0.0,0.0
2025-03-24,Craiova,18.2,6.8,0.0,0.0
2025-03-25,Craiova,22.0,10.4,0.0,0.0
2025-03-26,Craiova,15.1,10.6,13.9,0.0
2025-03-27,Craiova,16.5,10.2,6.6,0.0
2025-03-28,Craiova,13.3,9.4,10.6,0.0
2025-03-29,Craiova,12.2,8.5,2.5,0.0
2025-03-30,Craiova,15.1,8.2,0.4,0.0
2025-03-31,Craiova,17.0,6.7,0.5,0.0
2025-04-01,Craiova,15.8,8.9,8.0,0.0
2025-04-02,Craiova,14.8,9.1,0.6,0.0
2025-04-03,Craiova,13.4,7.8,3.5,0.0
2025-04-04,Craiova,15.7,7.8,1.7,0.0
2025-04-05,Craiova,19.1,8.2,0.4,0.0
2025-04-06,Craiova,11.1,3.4,1.7,0.0
2025-04-07,Craiova,7.8,0.2,1.0,0.0
2025-04-08,Craiova,8.9,-1.8,0.0,0.0
2025-04-09,Craiova,13.2,0.2,0.1,0.0
2025-04-10,Craiova,12.0,2.0,0.2,0.0
2025-04-11,Craiova,13.4,-0.6,0.0,0.0
2025-04-12,Craiova,15.4,6.5,1.2,0.0
2025-04-13,Craiova,19.3,5.1,0.0,0.0
2025-04-14,Craiova,15.1,9.2,0.0,0.0
2025-04-15,Craiova,15.5,9.0,0.0,0.0
2025-04-16,Craiova,23.2,8.6,0.0,0.0
2025-04-17,Craiova,24.2,11.4,0.0,0.0
2025-04-18,Craiova,20.6,11.2,8.0,0.0
2025-04-19,Craiova,19.5,10.6,5.3,0.0
2025-04-20,Craiova,23.4,8.5,0.0,0.0
2025-04-21,Craiova,25.8,10.7,0.0,0.0
2025-04-22,Craiova,26.0,12.8,0.6,0.0
2025-04-23,Craiova,24.6,13.9,0.8,0.0
2025-04-24,Craiova,24.5,13.1,0.0,0.0
2025-04-25,Craiova,25.1,12.1,0.0,0.0
2025-04-26,Craiova,24.9,13.1,1.2,0.0
2025-04-27,Craiova,16.3,10.9,0.1,0.0
2025-04-28,Craiova,19.4,8.9,0.0,0.0
2025-04-29,Craiova,20.1,6.9,0.0,0.0
2025-04-30,Craiova,25.5,9.4,0.0,0.0
2025-05-01,Craiova,25.7,11.9,0.1,0.0
2025-05-02,Craiova,24.2,13.0,0.0,0.0
2025-05-03,Craiova,28.0,13.1,0.0,0.0
2025-05-04,Craiova,28.4,14.7,0.0,0.0
2025-05-05,Craiova,28.6,16.4,0.0,0.0
2025-05-06,Craiova,25.3,15.1,5.1,0.0
2025-05-07,Craiova,22.4,12.8,0.0,0.0
2025-05-08,Craiova,20.9,10.6,15.3,0.0
2025-05-09,Craiova,19.6,10.1,0.0,0.0
2025-05-10,Craiova,15.3,8.5,0.0,0.0
2025-05-11,Craiova,19.5,6.4,0.0,0.0
2025-05-12,Craiova,16.2,7.4,0.5,0.0
2025-05-13,Craiova,16.8,6.2,0.1,0.0
2025-05-14,Craiova,19.9,6.7,0.4,0.0
2025-05-15,Craiova,23.5,8.3,0.0,0.0
2025-05-16,Craiova,17.0,10.6,13.8,0.0
2025-05-17,Craiova,16.9,9.1,0.3,0.0
2025-05-18,Craiova,20.4,8.8,0.1,0.0
2025-05-19,Craiova,21.2,11.8,0.4,0.0
2025-05-20,Craiova,22.1,9.8,0.0,0.0
2025-05-21,Craiova,25.2,10.6,0.0,0.0
2025-05-22,Craiova,23.9,13.2,2.6,0.0
2025-05-23,Craiova,25.1,14.9,5.3,0.0
2025-05-24,Craiova,18.6,11.6,1.9,0.0
2025-05-25,Craiova,15.4,10.6,8.9,0.0
2025-05-26,Craiova,15.1,11.1,21.3,0.0
2025-05-27,Craiova,22.5,12.4,0.4,0.0
2025-05-28,Craiova,22.8,12.9,0.0,0.0
2025-05-29,Craiova,23.0,13.8,0.0,0.0
2025-05-30,Craiova,23.2,13.4,3.4,0.0
2025-05-31,Craiova,24.2,13.8,0.0,0.0
2025-06-01,Craiova,27.9,14.7,0.0,0.0
2025-06-02,Craiova,30.2,16.4,0.0,0.0
2025-06-03,Craiova,33.8,18.5,0.0,0.0
2025-06-04,Craiova,34.5,19.3,0.0,0.0
2025-06-05,Craiova,34.3,19.4,0.1,0.0
2025-06-06,Craiova,32.2,21.9,1.1,0.0
2025-06-07,Craiova,31.6,17.0,0.0,0.0
2025-06-08,Craiova,33.2,20.2,0.0,0.0
2025-06-09,Craiova,30.6,21.5,1.2,0.0
2025-06-10,Craiova,24.6,19.6,0.5,0.0
2025-06-11,Craiova,29.4,18.1,0.0,0.0
2025-06-12,Craiova,28.6,16.8,0.0,0.0
2025-06-13,Craiova,29.4,16.7,0.0,0.0
2025-06-14,Craiova,27.6,16.7,0.0,0.0
2025-06-15,Craiova,28.9,15.2,0.0,0.0
2025-06-16,Craiova,31.5,16.9,0.0,0.0
2025-06-17,Craiova,34.1,18.0,0.0,0.0
2025-06-18,Craiova,32.1,20.0,0.0,0.0
2025-06-19,Craiova,34.2,20.7,0.0,0.0
2025-06-20,Craiova,30.0,21.5,0.5,0.0
2025-06-21,Craiova,27.5,18.1,0.4,0.0
2025-06-22,Craiova,31.0,17.1,0.0,0.0
2025-06-23,Craiova,33.8,16.6,0.0,0.0
2025-06-24,Craiova,35.6,19.6,0.0,0.0
2025-06-25,Craiova,36.2,20.0,0.0,0.0
2025-06-26,Craiova,37.7,21.9,0.0,0.0
2025-06-27,Craiova,38.0,24.4,0.0,0.0
2025-06-28,Craiova,31.9,20.8,0.3,0.0
2025-06-29,Craiova,32.1,19.8,0.0,0.0
2025-06-30,Craiova,36.2,20.8,0.0,0.0
2025-07-01,Craiova,32.7,22.5,0.0,0.0
2025-07-02,Craiova,32.0,20.0,0.0,0.0
2025-07-03,Craiova,35.0,19.4,0.0,0.0
2025-07-04,Craiova,37.8,21.9,0.0,0.0
2025-07-05,Craiova,36.9,22.9,0.0,0.0
2025-07-06,Craiova,35.8,22.3,0.0,0.0
2025-07-07,Craiova,38.0,24.0,0.1,0.0
2025-07-08,Craiova,36.7,22.1,0.7,0.0
2025-07-09,Craiova,25.5,16.5,5.7,0.0
2025-07-10,Craiova,25.3,15.3,0.4,0.0
2025-07-11,Craiova,27.5,15.2,0.0,0.0
2025-07-12,Craiova,31.4,14.4,0.0,0.0
2025-07-13,Craiova,35.2,18.5,0.0,0.0
2025-07-14,Craiova,36.8,21.6,0.0,0.0
2025-07-15,Craiova,33.0,23.9,1.0,0.0
2025-07-16,Craiova,32.0,19.6,0.1,0.0
2025-07-17,Craiova,31.1,16.9,5.9,0.0
2025-07-18,Craiova,27.4,15.1,0.0,0.0
2025-07-19,Craiova,29.8,16.9,0.0,0.0
2025-07-20,Craiova,34.5,17.8,0.1,0.0
2025-07-21,Craiova,38.0,23.0,0.0,0.0
2025-07-22,Craiova,37.8,24.4,0.0,0.0
2025-07-23,Craiova,35.9,23.9,0.0,0.0
2025-07-24,Craiova,36.5,23.5,0.0,0.0
2025-07-25,Craiova,38.9,24.0,0.2,0.0
2025-07-26,Craiova,40.8,25.4,0.0,0.0
2025-07-27,Craiova,37.1,22.5,2.5,0.0
2025-07-28,Craiova,30.0,20.5,0.0,0.0
2025-07-29,Craiova,27.0,18.6,2.0,0.0
2025-07-30,Craiova,29.4,18.1,0.5,0.0
2025-07-31,Craiova,26.6,18.2,1.8,0.0
2025-08-01,Craiova,31.8,17.0,0.0,0.0
2025-08-02,Craiova,32.8,19.9,0.0,0.0
2025-08-03,Craiova,34.2,20.7,0.0,0.0
2025-08-04,Craiova,30.0,21.6,0.6,0.0
2025-08-05,Craiova,31.0,18.8,1.1,0.0
2025-08-06,Craiova,32.5,20.6,0.2,0.0
2025-08-07,Craiova,31.0,20.0,0.0,0.0
2025-08-08,Craiova,31.7,19.6,0.0,0.0
2025-08-09,Craiova,35.5,19.5,0.0,0.0
2025-08-10,Craiova,36.6,22.4,0.0,0.0
2025-08-11,Craiova,38.7,24.0,0.0,0.0
2025-08-12,Craiova,31.7,22.0,0.0,0.0
2025-08-13,Craiova,32.8,21.1,0.0,0.0
2025-08-14,Craiova,33.3,20.2,0.0,0.0
2025-08-15,Craiova,34.1,20.5,0.0,0.0
2025-08-16,Craiova,33.5,21.3,0.0,0.0
2025-08-17,Craiova,32.2,21.0,0.0,0.0
2025-08-18,Craiova,31.7,19.6,0.5,0.0
2025-08-19,Craiova,24.1,17.5,3.1,0.0
2025-08-20,Craiova,29.0,14.9,0.0,0.0
2025-08-21,Craiova,34.5,18.0,0.0,0.0
2025-08-22,Craiova,30.6,20.4,0.5,0.0
2025-08-23,Craiova,27.1,16.5,0.0,0.0
2025-08-24,Craiova,25.5,15.1,0.0,0.0
2025-08-25,Craiova,24.9,14.6,0.0,0.0
2025-08-26,Craiova,27.9,12.7,0.0,0.0
2025-08-27,Craiova,30.2,13.4,0.0,0.0
2025-08-28,Craiova,30.8,15.9,0.0,0.0
2025-08-29,Craiova,31.2,17.5,0.0,0.0
2025-08-30,Craiova,34.1,18.8,0.0,0.0
2025-08-31,Craiova,27.4,18.8,9.1,0.0
2025-09-01,Craiova,28.2,17.7,0.0,0.0
2025-09-02,Craiova,32.5,17.3,0.0,0.0
2025-09-03,Craiova,34.6,19.8,0.0,0.0
2025-09-04,Craiova,32.5,20.9,0.0,0.0
2025-09-05,Craiova,30.8,19.0,0.0,0.0
2025-09-06,Craiova,30.8,17.5,0.0,0.0
2025-09-07,Craiova,31.2,18.1,0.0,0.0
2025-09-08,Craiova,30.4,18.0,0.0,0.0
2025-09-09,Craiova,31.4,17.6,0.0,0.0
2025-09-10,Craiova,27.0,19.0,0.0,0.0
2025-09-11,Craiova,25.4,19.2,1.3,0.0
2025-09-12,Craiova,26.9,16.6,4.8,0.0
2025-09-13,Craiova,26.5,18.4,1.1,0.0
2025-09-14,Craiova,25.5,17.3,0.2,0.0
2025-09-15,Craiova,28.2,15.4,0.0,0.0
2025-09-16,Craiova,29.4,14.9,0.0,0.0
2025-09-17,Craiova,23.6,15.6,2.5,0.0
2025-09-18,Craiova,24.2,11.6,0.0,0.0
2025-09-19,Craiova,25.9,9.8,0.0,0.0
2025-09-20,Craiova,28.5,14.5,0.0,0.0
2025-09-21,Craiova,29.0,15.9,0.0,0.0
2025-09-22,Craiova,27.1,15.8,0.0,0.0
2025-09-23,Craiova,27.6,14.1,0.0,0.0
2025-09-24,Craiova,27.7,14.5,0.0,0.0
2025-09-25,Craiova,20.8,14.6,0.2,0.0
2025-09-26,Craiova,18.2,12.6,0.1,0.0
2025-09-27,Craiova,18.0,12.4,0.2,0.0
2025-09-28,Craiova,18.9,11.1,0.0,0.0
2025-09-29,Craiova,14.8,10.6,0.8,0.0
2025-09-30,Craiova,18.9,7.9,0.2,0.0
2025-10-01,Craiova,17.1,7.2,0.1,0.0
2025-10-02,Craiova,11.5,6.2,32.5,0.0
2025-10-03,Craiova,7.6,4.8,48.4,0.0
2025-10-04,Craiova,12.8,6.6,0.9,0.0
2025-10-05,Craiova,16.5,4.7,0.2,0.0
2025-10-06,Craiova,11.9,9.0,12.2,0.0
2025-10-07,Craiova,12.9,6.0,5.7,0.0
2025-10-08,Craiova,12.4,9.9,29.9,0.0
2025-10-09,Craiova,18.2,9.3,0.0,0.0
2025-10-10,Craiova,19.1,8.4,0.1,0.0
2025-10-11,Craiova,17.6,12.3,0.0,0.0
2025-10-12,Craiova,19.1,11.2,0.0,0.0
2025-10-13,Craiova,18.2,9.6,0.0,0.0
2025-10-14,Craiova,16.1,8.1,0.1,0.0
2025-10-15,Craiova,14.1,6.2,0.0,0.0
2025-10-16,Craiova,13.5,6.8,0.0,0.0
2025-10-17,Craiova,15.1,7.2,0.0,0.0
2025-10-18,Craiova,15.9,10.2,0.0,0.0
2025-10-19,Craiova,14.9,6.4,0.0,0.0
2025-10-20,Craiova,13.6,1.8,0.0,0.0
2025-10-21,Craiova,14.9,4.4,0.0,0.0
2025-10-22,Craiova,17.9,5.9,0.0,0.0
2025-10-23,Craiova,20.6,10.1,0.0,0.0
2025-10-24,Craiova,17.2,10.4,4.1,0.0
2025-10-25,Craiova,16.0,7.1,0.0,0.0
2025-10-26,Craiova,12.6,8.6,6.0,0.0
2025-10-27,Craiova,15.4,8.8,5.0,0.0
2025-10-28,Craiova,14.9,8.3,1.1,0.0
2025-10-29,Craiova,18.4,5.9,0.0,0.0
2025-10-30,Craiova,18.8,5.5,0.0,0.0
2025-10-31,Craiova,21.1,7.1,0.0,0.0
2025-11-01,Craiova,19.2,8.6,0.0,0.0
2025-11-02,Craiova,19.5,7.6,0.0,0.0
2025-11-03,Craiova,18.0,8.7,0.0,0.0
2025-11-04,Craiova,15.6,9.9,0.0,0.0
2025-11-05,Craiova,13.2,8.8,0.0,0.0
2025-11-06,Craiova,10.9,7.7,2.1,0.0
2025-11-07,Craiova,9.8,8.1,11.3,0.0
2025-11-08,Craiova,10.9,8.5,3.6,0.0
2025-11-09,Craiova,14.1,9.5,0.1,0.0
2025-11-10,Craiova,13.8,10.6,2.7,0.0
2025-11-11,Craiova,15.5,7.2,1.3,0.0
2025-11-12,Craiova,12.0,4.3,0.1,0.0
2025-11-13,Craiova,10.4,2.0,0.0,0.0
2025-11-14,Craiova,9.1,1.6,0.0,0.0
2025-11-15,Craiova,9.4,1.8,0.0,0.0
2025-11-16,Craiova,10.2,3.3,0.0,0.0
2025-11-17,Craiova,10.6,3.4,0.6,0.0
2025-11-18,Craiova,10.3,6.1,29.2,0.0
2025-11-19,Craiova,7.5,4.7,7.4,0.0
2025-11-20,Craiova,8.7,4.1,0.2,0.0
2025-11-21,Craiova,11.3,5.2,2.9,0.0
2025-11-22,Craiova,13.5,6.8,6.0,0.0
2025-11-23,Craiova,7.6,2.0,1.9,0.0
2025-11-24,Craiova,7.7,0.4,0.0,0.0
2025-11-25,Craiova,10.6,2.2,0.0,0.0
2025-11-26,Craiova,12.5,4.5,7.8,0.0
2025-11-27,Craiova,9.6,4.6,7.4,0.0
2025-11-28,Craiova,6.9,4.2,7.4,0.0
2025-11-29,Craiova,8.0,4.8,18.5,0.0
2025-11-30,Craiova,4.4,2.2,9.9,0.0
2025-12-01,Craiova,9.9,2.0,0.0,0.0
2025-12-02,Craiova,7.4,0.1,0.0,0.0
2025-12-03,Craiova,8.6,4.5,0.3,0.0
2025-12-04,Craiova,9.7,6.8,2.9,0.0
2025-12-05,Craiova,12.8,8.6,0.7,0.0
2025-12-06,Craiova,8.1,4.2,6.5,0.0
2025-12-07,Craiova,5.8,3.7,1.7,0.0
2025-12-08,Craiova,7.7,3.2,0.0,0.0
2025-12-09,Craiova,6.3,2.2,0.0,0.0
2025-12-10,Craiova,9.9,1.2,0.0,0.0
2025-12-11,Craiova,9.1,1.2,0.0,0.0
2025-12-12,Craiova,6.9,1.0,0.0,0.0
2025-12-13,Craiova,3.5,-1.1,0.0,0.0
2025-12-14,Craiova,7.0,1.0,0.0,0.0
2025-12-15,Craiova,2.9,-1.4,0.0,0.0
2025-12-16,Craiova,0.3,-2.4,0.0,0.0
2025-12-17,Craiova,0.6,-2.5,0.1,0.0
2025-12-18,Craiova,6.1,-1.5,0.0,0.0
2025-12-19,Craiova,9.5,-0.7,0.0,0.0
2025-12-20,Craiova,6.8,0.5,0.0,0.0
2025-12-21,Craiova,5.2,2.8,0.0,0.0
2025-12-22,Craiova,5.4,3.4,0.0,0.0
2025-12-23,Craiova,4.3,2.8,0.1,0.0
2025-12-24,Craiova,3.8,1.1,17.5,0.0
2025-12-25,Craiova,1.1,-2.7,16.0,0.0
2025-12-26,Craiova,0.4,-4.4,0.0,0.0
2025-12-27,Craiova,1.9,-3.4,0.0,0.0
2025-12-28,Craiova,3.3,-0.6,0.0,0.0
2025-12-29,Craiova,1.9,-2.0,0.0,0.0
2025-12-30,Craiova,2.2,-2.9,0.0,0.0
2025-12-31,Craiova,-0.3,-4.7,0.0,0.0
2026-01-01,Craiova,1.1,-6.8,0.0,0.0
2026-01-02,Craiova,4.1,-7.4,0.0,0.0
2026-01-03,Craiova,4.0,-3.0,0.1,0.0
2026-01-04,Craiova,2.0,0.3,21.2,0.0
2026-01-05,Craiova,1.2,0.2,5.1,0.0
2026-01-06,Craiova,2.8,0.4,9.4,0.0
2026-01-07,Craiova,4.4,0.3,3.5,0.0
2026-01-08,Craiova,1.3,-4.5,7.6,0.0
2026-01-09,Craiova,3.3,-4.9,0.2,0.0
2026-01-10,Craiova,3.7,-1.4,3.5,0.0
2026-01-11,Craiova,0.2,-6.3,2.9,0.0
2026-01-12,Craiova,-2.7,-6.8,0.0,0.0
2026-01-13,Craiova,-4.1,-10.6,1.2,0.0
2026-01-14,Craiova,0.9,-6.6,0.0,0.0
2026-01-15,Craiova,11.0,-2.8,0.0,0.0
2026-01-16,Craiova,0.1,-3.5,1.6,0.0
2026-01-17,Craiova,-2.2,-6.8,0.0,0.0
2026-01-18,Craiova,-5.4,-9.7,0.0,0.0
2026-01-19,Craiova,-2.7,-10.1,0.0,0.0
2026-01-20,Craiova,0.5,-9.4,0.0,0.0
2026-01-21,Craiova,0.0,-8.4,0.0,0.0
2026-01-22,Craiova,0.9,-2.3,2.3,0.0
2026-01-23,Craiova,2.8,-0.4,0.0,0.0
2026-01-24,Craiova,2.8,-0.2,0.0,0.0
2026-01-25,Craiova,3.8,-1.0,0.2,0.0
2026-01-26,Craiova,3.7,0.1,10.8,0.0
2026-01-27,Craiova,5.2,2.2,7.6,0.0
2026-01-28,Craiova,7.4,-2.0,0.0,0.0
2026-01-29,Craiova,10.2,1.2,1.4,0.0
2026-01-30,Craiova,6.7,1.2,1.1,0.0
2026-01-31,Craiova,3.8,-0.2,0.5,0.0
2026-02-01,Craiova,0.2,-4.9,4.4,0.0
2026-02-02,Craiova,-5.2,-10.6,3.7,0.0
2026-02-03,Craiova,-4.2,-12.7,0.0,0.0
2026-02-04,Craiova,0.4,-6.2,0.0,0.0
2026-02-05,Craiova,3.8,0.0,5.3,0.0
2026-02-06,Craiova,6.3,1.1,0.0,0.0
2026-02-07,Craiova,9.7,2.0,0.6,0.0
2026-02-08,Craiova,11.8,1.3,0.1,0.0
2026-02-09,Craiova,4.2,-2.5,1.1,0.0
2026-02-10,Craiova,-1.0,-3.5,2.0,0.0
2026-02-11,Craiova,3.2,-1.5,0.5,0.0
2026-02-12,Craiova,7.0,-1.6,0.1,0.0
2026-02-13,Craiova,7.5,0.6,0.0,0.0
2026-02-14,Craiova,12.6,1.5,0.1,0.0
2026-02-15,Craiova,9.6,2.9,10.4,0.0
2026-02-16,Craiova,8.4,0.1,0.0,0.0
2026-02-17,Craiova,2.2,0.5,15.2,0.0
2026-02-18,Craiova,8.4,0.6,2.5,0.0
2026-02-19,Craiova,9.3,-1.0,0.0,0.0
2026-02-20,Craiova,11.1,1.3,4.7,0.0
2026-02-21,Craiova,1.6,-2.2,6.1,0.0
2026-02-22,Craiova,5.4,-2.8,0.9,0.0
2026-02-23,Craiova,8.1,-2.1,0.1,0.0
2026-02-24,Craiova,10.2,3.5,7.5,0.0
2026-02-25,Craiova,12.1,2.4,0.1,0.0
2026-02-26,Craiova,6.4,0.4,0.0,0.0
2026-02-27,Craiova,7.6,-1.5,0.0,0.0
2026-02-28,Craiova,4.1,-2.0,0.0,0.0
2026-03-01,Craiova,5.6,-2.1,0.0,0.0
2026-03-02,Craiova,7.8,-3.0,0.0,0.0
2026-03-03,Craiova,10.2,-1.7,0.0,0.0
2026-03-04,Craiova,12.6,0.6,0.0,0.0
2026-03-05,Craiova,15.6,3.2,0.0,0.0
2026-03-06,Craiova,14.9,2.4,0.0,0.0
2026-03-07,Craiova,14.0,2.8,0.0,0.0
2026-03-08,Craiova,13.1,3.2,0.0,0.0
2026-03-09,Craiova,12.1,2.5,0.0,0.0
2026-03-10,Craiova,12.9,1.6,0.0,0.0
2026-03-11,Craiova,13.8,2.3,0.0,0.0
2026-03-12,Craiova,12.6,1.9,0.0,0.0
2026-03-13,Craiova,13.4,2.6,0.0,0.0
2026-03-14,Craiova,11.2,2.9,0.0,0.0
2026-03-15,Craiova,11.1,2.3,0.0,0.0
2026-03-16,Craiova,11.6,2.5,0.0,0.0
2026-03-17,Craiova,13.0,2.0,0.0,0.0
2026-03-18,Craiova,11.9,4.0,0.0,0.0
2026-03-19,Craiova,8.7,5.1,0.5,0.0
2026-03-20,Craiova,10.6,3.2,0.0,0.0
2026-03-21,Craiova,12.9,5.2,0.0,0.0
2026-03-22,Craiova,10.9,6.3,0.6,0.0
2026-03-23,Craiova,10.1,4.9,0.3,0.0
2026-03-24,Craiova,15.3,6.1,0.0,0.0
2026-03-25,Craiova,16.8,4.9,0.1,0.0
2026-03-26,Craiova,18.0,7.7,0.0,0.0
2026-03-27,Craiova,13.4,5.9,16.8,0.0
2026-03-28,Craiova,11.9,6.8,23.1,0.0
2026-03-29,Craiova,13.0,5.6,4.5,0.0
2026-03-30,Craiova,12.3,6.0,2.5,0.0
2026-03-31,Craiova,14.1,4.4,0.0,0.0
2026-04-01,Craiova,14.1,3.5,0.3,0.0
2026-04-02,Craiova,9.4,7.6,9.2,0.0
2026-04-03,Craiova,14.1,8.4,4.5,0.0
2026-04-04,Craiova,17.1,7.3,1.4,0.0
2026-04-05,Craiova,19.1,6.0,0.0,0.0
2026-04-06,Craiova,21.8,7.8,0.0,0.0
2026-04-07,Craiova,17.2,8.5,0.0,0.0
2026-04-08,Craiova,14.4,7.5,0.0,0.0
2026-04-09,Craiova,12.1,3.1,0.1,0.0
2026-04-10,Craiova,11.3,2.3,0.3,0.0
2026-04-11,Craiova,11.5,5.7,0.1,0.0
2026-04-12,Craiova,14.4,3.1,0.0,0.0
2026-04-13,Craiova,15.5,4.8,0.0,0.0
2026-04-14,Craiova,15.4,7.3,0.3,0.0
2026-04-15,Craiova,19.0,7.1,0.0,0.0
2026-04-16,Craiova,21.5,8.2,0.0,0.0
2026-04-17,Craiova,22.4,10.9,3.1,0.0
2026-04-18,Craiova,19.5,9.4,1.4,0.0
2023-01-01,Iasi,15.4,3.9,0.0,0.0
2023-01-02,Iasi,12.6,3.5,0.0,0.0
2023-01-03,Iasi,10.9,0.9,0.0,0.0
2023-01-04,Iasi,6.9,-0.7,0.7,0.0
2023-01-05,Iasi,9.9,2.0,0.5,0.0
2023-01-06,Iasi,7.2,0.2,0.1,0.0
2023-01-07,Iasi,3.7,-2.0,0.6,0.0
2023-01-08,Iasi,2.0,0.0,0.5,0.0
2023-01-09,Iasi,7.8,1.4,0.0,0.0
2023-01-10,Iasi,7.9,5.0,1.8,0.0
2023-01-11,Iasi,5.2,-2.7,0.5,0.0
2023-01-12,Iasi,-0.2,-3.1,2.4,0.0
2023-01-13,Iasi,3.2,-3.0,0.5,0.0
2023-01-14,Iasi,2.2,-0.7,0.0,0.0
2023-01-15,Iasi,4.3,-0.6,0.0,0.0
2023-01-16,Iasi,6.1,-0.3,0.0,0.0
2023-01-17,Iasi,10.9,3.9,0.0,0.0
2023-01-18,Iasi,14.9,5.2,0.0,0.0
2023-01-19,Iasi,16.5,6.4,0.0,0.0
2023-01-20,Iasi,14.4,4.3,0.7,0.0
2023-01-21,Iasi,10.7,2.8,2.0,0.0
2023-01-22,Iasi,8.9,2.5,0.5,0.0
2023-01-23,Iasi,3.4,1.2,0.0,0.0
2023-01-24,Iasi,2.1,-0.1,1.6,0.0
2023-01-25,Iasi,0.4,-1.9,0.9,0.0
2023-01-26,Iasi,2.5,-5.1,0.1,0.0
2023-01-27,Iasi,-0.1,-1.9,5.9,0.0
2023-01-28,Iasi,-0.2,-1.8,7.1,0.0
2023-01-29,Iasi,0.6,-7.3,0.2,0.0
2023-01-30,Iasi,2.0,-10.9,0.0,0.0
2023-01-31,Iasi,3.3,-3.2,1.9,0.0
2023-02-01,Iasi,6.2,-3.3,0.2,0.0
2023-02-02,Iasi,6.6,-1.1,0.6,0.0
2023-02-03,Iasi,3.7,-2.8,0.5,0.0
2023-02-04,Iasi,2.6,-3.7,1.4,0.0
2023-02-05,Iasi,-1.1,-4.1,0.3,0.0
2023-02-06,Iasi,0.7,-2.7,1.3,0.0
2023-02-07,Iasi,-0.8,-4.1,2.5,0.0
2023-02-08,Iasi,-0.3,-7.3,0.0,0.0
2023-02-09,Iasi,-0.3,-9.2,0.0,0.0
2023-02-10,Iasi,2.0,-10.9,0.0,0.0
2023-02-11,Iasi,4.5,-6.0,0.0,0.0
2023-02-12,Iasi,5.5,-2.3,0.8,0.0
2023-02-13,Iasi,5.8,-4.1,0.2,0.0
2023-02-14,Iasi,5.7,3.2,0.5,0.0
2023-02-15,Iasi,5.8,-1.5,0.0,0.0
2023-02-16,Iasi,10.7,-3.4,0.0,0.0
2023-02-17,Iasi,10.8,-1.3,0.0,0.0
2023-02-18,Iasi,14.6,5.4,1.9,0.0
2023-02-19,Iasi,11.0,5.2,9.5,0.0
2023-02-20,Iasi,8.6,0.9,0.0,0.0
2023-02-21,Iasi,15.5,7.6,1.2,0.0
2023-02-22,Iasi,8.5,1.5,0.3,0.0
2023-02-23,Iasi,4.6,2.3,0.0,0.0
2023-02-24,Iasi,10.1,1.9,0.1,0.0
2023-02-25,Iasi,16.4,3.4,0.9,0.0
2023-02-26,Iasi,6.0,2.6,7.8,0.0
2023-02-27,Iasi,2.7,1.4,7.7,0.0
2023-02-28,Iasi,4.3,-1.1,0.0,0.0
2023-03-01,Iasi,5.9,-2.2,0.0,0.0
2023-03-02,Iasi,5.7,-3.7,0.0,0.0
2023-03-03,Iasi,8.6,-4.5,0.0,0.0
2023-03-04,Iasi,12.2,-2.8,0.0,0.0
2023-03-05,Iasi,3.8,-0.5,0.2,0.0
2023-03-06,Iasi,7.8,-2.3,0.0,0.0
2023-03-07,Iasi,11.6,-0.9,0.0,0.0
2023-03-08,Iasi,15.1,-0.2,0.0,0.0
2023-03-09,Iasi,18.0,4.3,0.1,0.0
2023-03-10,Iasi,18.1,4.0,0.0,0.0
2023-03-11,Iasi,15.8,6.2,4.2,0.0
2023-03-12,Iasi,7.9,-0.2,0.0,0.0
2023-03-13,Iasi,12.4,-3.0,0.0,0.0
2023-03-14,Iasi,14.9,3.2,0.0,0.0
2023-03-15,Iasi,13.0,2.5,0.1,0.0
2023-03-16,Iasi,6.0,3.3,0.2,0.0
2023-03-17,Iasi,9.1,0.2,0.0,0.0
2023-03-18,Iasi,8.9,3.0,0.1,0.0
2023-03-19,Iasi,11.6,1.4,0.0,0.0
2023-03-20,Iasi,14.0,-0.2,0.0,0.0
2023-03-21,Iasi,16.8,3.5,0.0,0.0
2023-03-22,Iasi,15.6,4.6,0.1,0.0
2023-03-23,Iasi,19.2,2.7,0.0,0.0
2023-03-24,Iasi,21.5,4.8,0.0,0.0
2023-03-25,Iasi,23.1,8.2,0.0,0.0
2023-03-26,Iasi,14.7,5.2,0.2,0.0
2023-03-27,Iasi,17.0,3.3,3.7,0.0
2023-03-28,Iasi,8.1,2.2,6.1,0.0
2023-03-29,Iasi,4.1,-0.4,0.5,0.0
2023-03-30,Iasi,11.2,-1.7,0.0,0.0
2023-03-31,Iasi,10.8,-0.2,1.3,0.0
2023-04-01,Iasi,15.8,4.7,5.7,0.0
2023-04-02,Iasi,11.9,8.6,4.9,0.0
2023-04-03,Iasi,9.5,4.6,0.3,0.0
2023-04-04,Iasi,4.2,0.9,21.0,0.0
2023-04-05,Iasi,1.1,0.2,20.9,0.0
2023-04-06,Iasi,1.9,0.8,19.7,0.0
2023-04-07,Iasi,7.0,-1.5,1.9,0.0
2023-04-08,Iasi,10.0,-2.0,0.0,0.0
2023-04-09,Iasi,11.9,0.9,0.7,0.0
2023-04-10,Iasi,14.2,-0.8,0.0,0.0
2023-04-11,Iasi,12.6,4.9,9.4,0.0
2023-04-12,Iasi,11.3,7.2,3.4,0.0
2023-04-13,Iasi,15.4,6.0,0.3,0.0
2023-04-14,Iasi,18.5,3.1,0.0,0.0
2023-04-15,Iasi,15.6,8.8,6.6,0.0
2023-04-16,Iasi,16.1,6.2,8.1,0.0
2023-04-17,Iasi,10.8,8.2,12.8,0.0
2023-04-18,Iasi,12.4,5.4,1.6,0.0
2023-04-19,Iasi,14.0,8.1,1.8,0.0
2023-04-20,Iasi,14.9,8.5,8.4,0.0
2023-04-21,Iasi,14.3,6.3,1.6,0.0
2023-04-22,Iasi,17.8,5.8,0.0,0.0
2023-04-23,Iasi,17.9,5.4,1.3,0.0
2023-04-24,Iasi,18.3,6.6,1.3,0.0
2023-04-25,Iasi,15.3,9.3,6.1,0.0
2023-04-26,Iasi,11.2,7.6,5.2,0.0
2023-04-27,Iasi,10.6,5.2,0.0,0.0
2023-04-28,Iasi,13.1,5.7,0.1,0.0
2023-04-29,Iasi,15.1,1.9,0.0,0.0
2023-04-30,Iasi,17.0,3.1,0.0,0.0
2023-05-01,Iasi,17.5,6.7,0.3,0.0
2023-05-02,Iasi,21.4,3.4,0.0,0.0
2023-05-03,Iasi,21.5,7.9,0.0,0.0
2023-05-04,Iasi,16.1,8.2,0.6,0.0
2023-05-05,Iasi,19.4,9.9,0.2,0.0
2023-05-06,Iasi,19.8,7.2,0.0,0.0
2023-05-07,Iasi,17.0,8.7,4.8,0.0
2023-05-08,Iasi,9.6,7.6,13.5,0.0
2023-05-09,Iasi,13.9,5.4,0.1,0.0
2023-05-10,Iasi,14.9,5.6,0.1,0.0
2023-05-11,Iasi,16.5,3.7,0.1,0.0
2023-05-12,Iasi,16.9,5.8,0.0,0.0
2023-05-13,Iasi,19.0,9.1,0.0,0.0
2023-05-14,Iasi,21.9,5.9,0.0,0.0
2023-05-15,Iasi,22.1,11.6,0.0,0.0
2023-05-16,Iasi,23.5,13.9,0.0,0.0
2023-05-17,Iasi,23.5,12.6,0.0,0.0
2023-05-18,Iasi,24.1,13.8,2.6,0.0
2023-05-19,Iasi,24.5,12.9,0.7,0.0
2023-05-20,Iasi,26.0,14.1,0.2,0.0
2023-05-21,Iasi,23.9,13.8,0.0,0.0
2023-05-22,Iasi,23.1,12.3,0.0,0.0
2023-05-23,Iasi,24.4,10.9,0.0,0.0
2023-05-24,Iasi,26.5,12.0,0.0,0.0
2023-05-25,Iasi,24.6,13.2,1.4,0.0
2023-05-26,Iasi,25.5,15.0,2.8,0.0
2023-05-27,Iasi,24.9,15.8,4.5,0.0
2023-05-28,Iasi,24.0,13.6,3.3,0.0
2023-05-29,Iasi,24.0,12.0,0.0,0.0
2023-05-30,Iasi,25.4,12.6,0.0,0.0
2023-05-31,Iasi,25.9,12.9,0.0,0.0
2023-06-01,Iasi,26.0,12.9,0.0,0.0
2023-06-02,Iasi,28.5,13.1,0.0,0.0
2023-06-03,Iasi,20.4,12.9,0.7,0.0
2023-06-04,Iasi,22.3,10.1,0.0,0.0
2023-06-05,Iasi,24.7,12.1,0.0,0.0
2023-06-06,Iasi,25.5,14.3,0.0,0.0
2023-06-07,Iasi,25.6,13.6,0.0,0.0
2023-06-08,Iasi,26.1,14.1,0.0,0.0
2023-06-09,Iasi,29.1,14.9,0.2,0.0
2023-06-10,Iasi,28.2,16.4,0.4,0.0
2023-06-11,Iasi,25.4,17.3,33.7,0.0
2023-06-12,Iasi,17.8,12.9,0.4,0.0
2023-06-13,Iasi,20.4,12.1,0.2,0.0
2023-06-14,Iasi,22.2,14.6,0.0,0.0
2023-06-15,Iasi,27.3,14.4,0.0,0.0
2023-06-16,Iasi,27.8,17.4,0.0,0.0
2023-06-17,Iasi,27.9,18.2,4.5,0.0
2023-06-18,Iasi,27.6,17.5,0.0,0.0
2023-06-19,Iasi,23.4,17.3,16.3,0.0
2023-06-20,Iasi,26.1,17.2,4.7,0.0
2023-06-21,Iasi,25.8,16.9,0.8,0.0
2023-06-22,Iasi,28.7,15.9,0.0,0.0
2023-06-23,Iasi,31.7,18.7,0.0,0.0
2023-06-24,Iasi,31.2,20.1,1.3,0.0
2023-06-25,Iasi,27.0,19.2,1.4,0.0
2023-06-26,Iasi,26.0,17.3,0.0,0.0
2023-06-27,Iasi,29.1,15.5,0.1,0.0
2023-06-28,Iasi,21.4,14.6,1.1,0.0
2023-06-29,Iasi,24.6,12.9,0.1,0.0
2023-06-30,Iasi,26.9,16.1,0.0,0.0
2023-07-01,Iasi,29.8,16.3,0.0,0.0
2023-07-02,Iasi,30.5,17.3,1.2,0.0
2023-07-03,Iasi,28.5,19.0,5.7,0.0
2023-07-04,Iasi,30.3,18.1,0.7,0.0
2023-07-05,Iasi,30.1,19.1,10.1,0.0
2023-07-06,Iasi,31.9,19.4,10.5,0.0
2023-07-07,Iasi,26.3,19.5,11.2,0.0
2023-07-08,Iasi,23.6,16.5,31.0,0.0
2023-07-09,Iasi,26.3,16.7,0.0,0.0
2023-07-10,Iasi,26.5,18.0,0.3,0.0
2023-07-11,Iasi,27.1,15.6,0.0,0.0
2023-07-12,Iasi,28.2,15.2,0.0,0.0
2023-07-13,Iasi,30.3,18.8,2.5,0.0
2023-07-14,Iasi,27.2,20.1,0.3,0.0
2023-07-15,Iasi,28.5,17.0,0.0,0.0
2023-07-16,Iasi,31.6,17.6,0.0,0.0
2023-07-17,Iasi,33.0,19.5,0.0,0.0
2023-07-18,Iasi,29.7,22.0,0.3,0.0
2023-07-19,Iasi,29.2,19.4,0.2,0.0
2023-07-20,Iasi,29.8,18.5,7.6,0.0
2023-07-21,Iasi,27.4,17.6,0.0,0.0
2023-07-22,Iasi,29.1,21.1,1.1,0.0
2023-07-23,Iasi,27.1,18.5,0.1,0.0
2023-07-24,Iasi,30.8,15.6,0.0,0.0
2023-07-25,Iasi,35.0,18.7,0.0,0.0
2023-07-26,Iasi,30.5,19.7,8.7,0.0
2023-07-27,Iasi,21.3,17.1,0.3,0.0
2023-07-28,Iasi,26.4,14.1,0.0,0.0
2023-07-29,Iasi,28.8,15.7,0.0,0.0
2023-07-30,Iasi,31.2,17.5,0.7,0.0
2023-07-31,Iasi,23.4,18.1,5.9,0.0
2023-08-01,Iasi,28.0,16.7,0.0,0.0
2023-08-02,Iasi,26.8,19.2,1.0,0.0
2023-08-03,Iasi,31.2,17.1,0.0,0.0
2023-08-04,Iasi,34.2,20.0,0.0,0.0
2023-08-05,Iasi,32.5,20.8,0.0,0.0
2023-08-06,Iasi,34.1,20.9,10.2,0.0
2023-08-07,Iasi,25.2,17.9,0.5,0.0
2023-08-08,Iasi,22.6,15.6,0.4,0.0
2023-08-09,Iasi,25.5,13.1,0.1,0.0
2023-08-10,Iasi,25.3,14.5,0.0,0.0
2023-08-11,Iasi,26.0,14.9,0.8,0.0
2023-08-12,Iasi,25.8,16.0,0.3,0.0
2023-08-13,Iasi,28.0,14.0,0.0,0.0
2023-08-14,Iasi,30.5,13.9,0.0,0.0
2023-08-15,Iasi,31.6,15.4,0.0,0.0
2023-08-16,Iasi,32.5,19.2,0.0,0.0
2023-08-17,Iasi,31.5,21.5,0.0,0.0
2023-08-18,Iasi,32.0,20.5,0.0,0.0
2023-08-19,Iasi,32.0,20.5,0.0,0.0
2023-08-20,Iasi,33.7,19.8,0.0,0.0
2023-08-21,Iasi,33.2,21.5,0.0,0.0
2023-08-22,Iasi,31.8,22.0,0.1,0.0
2023-08-23,Iasi,32.2,18.9,0.1,0.0
2023-08-24,Iasi,31.4,20.0,12.3,0.0
2023-08-25,Iasi,32.2,19.2,0.0,0.0
2023-08-26,Iasi,34.6,20.2,0.0,0.0
2023-08-27,Iasi,36.3,21.3,0.0,0.0
2023-08-28,Iasi,37.3,22.2,0.0,0.0
2023-08-29,Iasi,37.6,22.1,0.0,0.0
2023-08-30,Iasi,28.8,19.4,36.7,0.0
2023-08-31,Iasi,28.7,17.8,5.4,0.0
2023-09-01,Iasi,26.4,17.7,1.7,0.0
2023-09-02,Iasi,28.0,15.9,0.0,0.0
2023-09-03,Iasi,27.2,16.8,9.1,0.0
2023-09-04,Iasi,19.6,16.5,11.3,0.0
2023-09-05,Iasi,24.8,15.1,0.0,0.0
2023-09-06,Iasi,24.8,12.1,0.0,0.0
2023-09-07,Iasi,26.2,13.3,0.0,0.0
2023-09-08,Iasi,24.5,12.8,0.0,0.0
2023-09-09,Iasi,27.0,12.1,0.0,0.0
2023-09-10,Iasi,24.5,13.4,0.0,0.0
2023-09-11,Iasi,25.0,10.3,0.0,0.0
2023-09-12,Iasi,27.0,11.1,0.0,0.0
2023-09-13,Iasi,29.1,14.9,0.0,0.0
2023-09-14,Iasi,30.9,16.0,0.0,0.0
2023-09-15,Iasi,24.2,17.8,3.6,0.0
2023-09-16,Iasi,22.1,17.4,0.2,0.0
2023-09-17,Iasi,25.5,15.9,0.0,0.0
2023-09-18,Iasi,25.9,13.4,0.0,0.0
2023-09-19,Iasi,24.0,14.4,2.5,0.0
2023-09-20,Iasi,24.0,15.3,5.4,0.0
2023-09-21,Iasi,26.0,13.2,1.4,0.0
2023-09-22,Iasi,28.1,17.4,0.7,0.0
2023-09-23,Iasi,29.0,17.2,0.0,0.0
2023-09-24,Iasi,27.0,17.2,0.0,0.0
2023-09-25,Iasi,27.6,16.1,0.0,0.0
2023-09-26,Iasi,27.0,12.6,0.0,0.0
2023-09-27,Iasi,27.5,11.6,0.0,0.0
2023-09-28,Iasi,27.0,13.4,0.0,0.0
2023-09-29,Iasi,27.5,11.1,0.0,0.0
2023-09-30,Iasi,26.5,10.9,0.0,0.0
2023-10-01,Iasi,20.9,13.9,0.0,0.0
2023-10-02,Iasi,20.0,11.8,0.0,0.0
2023-10-03,Iasi,22.0,7.8,0.0,0.0
2023-10-04,Iasi,24.3,9.8,0.0,0.0
2023-10-05,Iasi,21.9,13.8,0.0,0.0
2023-10-06,Iasi,19.9,10.6,0.0,0.0
2023-10-07,Iasi,24.6,7.4,0.0,0.0
2023-10-08,Iasi,20.8,8.2,2.5,0.0
2023-10-09,Iasi,12.2,6.3,0.0,0.0
2023-10-10,Iasi,12.3,5.2,0.0,0.0
2023-10-11,Iasi,17.0,0.6,0.0,0.0
2023-10-12,Iasi,22.6,8.6,0.0,0.0
2023-10-13,Iasi,20.2,9.6,0.4,0.0
2023-10-14,Iasi,25.2,9.9,0.0,0.0
2023-10-15,Iasi,22.5,10.8,3.1,0.0
2023-10-16,Iasi,12.4,5.8,9.7,0.0
2023-10-17,Iasi,12.6,3.4,0.0,0.0
2023-10-18,Iasi,15.3,0.8,0.0,0.0
2023-10-19,Iasi,18.2,0.9,0.0,0.0
2023-10-20,Iasi,22.9,10.8,0.0,0.0
2023-10-21,Iasi,31.4,13.1,0.0,0.0
2023-10-22,Iasi,28.0,12.4,0.0,0.0
2023-10-23,Iasi,20.9,11.1,0.0,0.0
2023-10-24,Iasi,20.9,8.1,0.0,0.0
2023-10-25,Iasi,22.5,14.5,0.5,0.0
2023-10-26,Iasi,22.7,9.8,0.0,0.0
2023-10-27,Iasi,23.0,10.5,0.3,0.0
2023-10-28,Iasi,20.9,10.5,0.0,0.0
2023-10-29,Iasi,20.8,7.3,0.0,0.0
2023-10-30,Iasi,23.7,8.3,0.0,0.0
2023-10-31,Iasi,24.5,8.9,0.0,0.0
2023-11-01,Iasi,17.2,7.9,8.9,0.0
2023-11-02,Iasi,15.5,5.1,0.0,0.0
2023-11-03,Iasi,17.6,9.6,0.2,0.0
2023-11-04,Iasi,18.0,13.8,8.6,0.0
2023-11-05,Iasi,17.8,8.4,0.0,0.0
2023-11-06,Iasi,19.3,7.9,0.0,0.0
2023-11-07,Iasi,18.6,4.9,0.0,0.0
2023-11-08,Iasi,15.3,8.1,1.1,0.0
2023-11-09,Iasi,13.2,5.9,0.2,0.0
2023-11-10,Iasi,14.4,6.0,0.0,0.0
2023-11-11,Iasi,15.8,10.1,1.5,0.0
2023-11-12,Iasi,9.8,5.2,16.7,0.0
2023-11-13,Iasi,11.4,2.8,0.0,0.0
2023-11-14,Iasi,15.3,1.6,1.3,0.0
2023-11-15,Iasi,13.6,6.7,1.5,0.0
2023-11-16,Iasi,9.1,1.8,0.0,0.0
2023-11-17,Iasi,10.0,0.2,1.6,0.0
2023-11-18,Iasi,5.6,1.4,25.4,0.0
2023-11-19,Iasi,2.8,-2.2,0.4,0.0
2023-11-20,Iasi,2.2,-1.4,1.0,0.0
2023-11-21,Iasi,9.9,0.9,1.2,0.0
2023-11-22,Iasi,6.5,0.3,0.0,0.0
2023-11-23,Iasi,6.3,-4.2,0.0,0.0
2023-11-24,Iasi,11.1,0.9,0.0,0.0
2023-11-25,Iasi,5.1,-0.1,1.5,0.0
2023-11-26,Iasi,1.6,-0.8,5.4,0.0
2023-11-27,Iasi,3.6,-2.2,0.4,0.0
2023-11-28,Iasi,6.8,-4.0,1.2,0.0
2023-11-29,Iasi,3.0,-1.5,1.8,0.0
2023-11-30,Iasi,4.5,-4.8,0.0,0.0
2023-12-01,Iasi,7.8,2.0,0.0,0.0
2023-12-02,Iasi,10.1,0.8,0.0,0.0
2023-12-03,Iasi,6.9,-3.2,0.0,0.0
2023-12-04,Iasi,1.1,-4.8,0.0,0.0
2023-12-05,Iasi,3.9,-3.0,0.1,0.0
2023-12-06,Iasi,3.3,0.3,0.3,0.0
2023-12-07,Iasi,0.2,-1.5,2.7,0.0
2023-12-08,Iasi,1.1,-3.8,0.9,0.0
2023-12-09,Iasi,-0.2,-4.9,0.0,0.0
2023-12-10,Iasi,2.6,-3.8,0.0,0.0
2023-12-11,Iasi,3.2,-3.0,0.0,0.0
2023-12-12,Iasi,4.9,-3.2,1.4,0.0
2023-12-13,Iasi,3.8,-2.8,4.4,0.0
2023-12-14,Iasi,6.7,1.9,4.3,0.0
2023-12-15,Iasi,4.9,1.5,0.2,0.0
2023-12-16,Iasi,4.7,-3.0,0.0,0.0
2023-12-17,Iasi,6.4,-0.6,1.0,0.0
2023-12-18,Iasi,11.1,3.1,0.0,0.0
2023-12-19,Iasi,11.4,1.2,0.0,0.0
2023-12-20,Iasi,10.4,-1.8,0.0,0.0
2023-12-21,Iasi,7.9,0.8,0.0,0.0
2023-12-22,Iasi,7.8,0.4,0.6,0.0
2023-12-23,Iasi,4.0,-2.0,1.0,0.0
2023-12-24,Iasi,5.9,-2.2,0.0,0.0
2023-12-25,Iasi,13.9,2.9,0.4,0.0
2023-12-26,Iasi,15.1,6.2,0.0,0.0
2023-12-27,Iasi,9.8,-0.2,1.0,0.0
2023-12-28,Iasi,9.2,-2.3,0.0,0.0
2023-12-29,Iasi,7.7,-2.5,0.0,0.0
2023-12-30,Iasi,10.9,-2.3,0.0,0.0
2023-12-31,Iasi,9.6,0.9,0.0,0.0
2024-01-01,Iasi,8.8,-0.1,0.0,0.0
2024-01-02,Iasi,9.1,1.9,0.0,0.0
2024-01-03,Iasi,10.4,1.0,0.6,0.0
2024-01-04,Iasi,13.1,6.4,0.1,0.0
2024-01-05,Iasi,8.6,1.7,0.0,0.0
2024-01-06,Iasi,10.1,-0.2,0.0,0.0
2024-01-07,Iasi,5.6,-1.9,14.6,0.0
2024-01-08,Iasi,-2.2,-9.6,24.9,0.0
2024-01-09,Iasi,-8.6,-14.6,1.4,0.0
2024-01-10,Iasi,-4.4,-15.8,0.0,0.0
2024-01-11,Iasi,1.2,-11.1,0.2,0.0
2024-01-12,Iasi,-0.6,-15.8,0.5,0.0
2024-01-13,Iasi,1.1,-13.9,1.2,0.0
2024-01-14,Iasi,1.0,-11.8,0.0,0.0
2024-01-15,Iasi,4.1,-9.9,0.0,0.0
2024-01-16,Iasi,3.1,-5.6,1.1,0.0
2024-01-17,Iasi,2.5,-9.6,0.2,0.0
2024-01-18,Iasi,5.1,1.7,1.9,0.0
2024-01-19,Iasi,4.8,-0.9,5.9,0.0
2024-01-20,Iasi,-0.4,-7.9,0.2,0.0
2024-01-21,Iasi,2.2,-9.5,0.2,0.0
2024-01-22,Iasi,1.7,-9.9,0.0,0.0
2024-01-23,Iasi,2.3,-6.4,0.0,0.0
2024-01-24,Iasi,4.8,-4.9,0.7,0.0
2024-01-25,Iasi,4.3,0.2,1.2,0.0
2024-01-26,Iasi,4.0,0.6,0.3,0.0
2024-01-27,Iasi,0.9,-4.6,4.9,0.0
2024-01-28,Iasi,2.4,-2.0,1.7,0.0
2024-01-29,Iasi,1.5,-3.8,0.0,0.0
2024-01-30,Iasi,2.9,-9.1,0.0,0.0
2024-01-31,Iasi,4.2,-7.8,0.0,0.0
2024-02-01,Iasi,8.9,-7.2,0.0,0.0
2024-02-02,Iasi,5.6,-1.8,0.3,0.0
2024-02-03,Iasi,8.6,-2.0,0.3,0.0
2024-02-04,Iasi,11.4,3.0,0.2,0.0
2024-02-05,Iasi,11.4,2.8,7.8,0.0
2024-02-06,Iasi,16.4,4.8,1.1,0.0
2024-02-07,Iasi,15.7,2.5,0.0,0.0
2024-02-08,Iasi,9.3,0.1,0.0,0.0
2024-02-09,Iasi,15.2,0.6,2.2,0.0
2024-02-10,Iasi,16.0,6.2,2.1,0.0
2024-02-11,Iasi,18.0,4.7,0.0,0.0
2024-02-12,Iasi,17.1,5.8,1.1,0.0
2024-02-13,Iasi,12.4,5.5,3.3,0.0
2024-02-14,Iasi,6.6,4.2,5.0,0.0
2024-02-15,Iasi,5.9,3.5,0.0,0.0
2024-02-16,Iasi,8.9,3.6,0.0,0.0
2024-02-17,Iasi,9.1,-0.2,0.0,0.0
2024-02-18,Iasi,7.8,-1.4,1.4,0.0
2024-02-19,Iasi,4.9,-2.8,0.0,0.0
2024-02-20,Iasi,7.6,-1.8,0.0,0.0
2024-02-21,Iasi,10.5,-1.4,2.2,0.0
2024-02-22,Iasi,11.9,-0.7,0.0,0.0
2024-02-23,Iasi,14.3,5.2,0.0,0.0
2024-02-24,Iasi,17.2,6.0,0.0,0.0
2024-02-25,Iasi,14.7,7.9,1.8,0.0
2024-02-26,Iasi,15.1,6.4,0.0,0.0
2024-02-27,Iasi,12.6,2.5,0.0,0.0
2024-02-28,Iasi,13.2,3.3,0.0,0.0
2024-02-29,Iasi,11.4,3.3,0.0,0.0
2024-03-01,Iasi,12.6,6.2,0.0,0.0
2024-03-02,Iasi,8.8,5.3,1.9,0.0
2024-03-03,Iasi,9.1,4.2,2.5,0.0
2024-03-04,Iasi,12.9,2.0,0.0,0.0
2024-03-05,Iasi,10.4,0.6,0.0,0.0
2024-03-06,Iasi,9.6,0.3,0.0,0.0
2024-03-07,Iasi,6.6,2.0,0.0,0.0
2024-03-08,Iasi,4.5,-0.7,0.0,0.0
2024-03-09,Iasi,8.8,-4.2,0.0,0.0
2024-03-10,Iasi,14.2,-3.7,0.0,0.0
2024-03-11,Iasi,8.9,2.2,1.2,0.0
2024-03-12,Iasi,7.7,4.6,6.1,0.0
2024-03-13,Iasi,6.4,1.8,4.2,0.0
2024-03-14,Iasi,4.0,1.1,2.1,0.0
2024-03-15,Iasi,7.4,0.2,0.0,0.0
2024-03-16,Iasi,12.9,3.0,0.0,0.0
2024-03-17,Iasi,15.9,0.9,1.1,0.0
2024-03-18,Iasi,8.4,1.8,0.7,0.0
2024-03-19,Iasi,8.2,0.7,3.0,0.0
2024-03-20,Iasi,8.1,0.3,4.2,0.0
2024-03-21,Iasi,7.3,2.2,5.0,0.0
2024-03-22,Iasi,11.2,1.6,0.0,0.0
2024-03-23,Iasi,17.4,0.9,0.0,0.0
2024-03-24,Iasi,18.8,4.2,7.1,0.0
2024-03-25,Iasi,9.4,4.1,0.4,0.0
2024-03-26,Iasi,13.1,2.5,0.2,0.0
2024-03-27,Iasi,14.9,2.5,0.0,0.0
2024-03-28,Iasi,20.4,6.2,0.5,0.0
2024-03-29,Iasi,19.5,8.1,0.0,0.0
2024-03-30,Iasi,24.3,6.3,0.0,0.0
2024-03-31,Iasi,26.1,9.4,0.0,0.0
2024-04-01,Iasi,28.4,10.2,0.0,0.0
2024-04-02,Iasi,26.5,11.2,1.1,0.0
2024-04-03,Iasi,19.1,8.9,0.0,0.0
2024-04-04,Iasi,18.5,8.5,0.1,0.0
2024-04-05,Iasi,19.6,7.1,0.7,0.0
2024-04-06,Iasi,20.5,5.6,1.6,0.0
2024-04-07,Iasi,20.6,8.3,0.1,0.0
2024-04-08,Iasi,23.6,7.0,0.0,0.0
2024-04-09,Iasi,24.6,11.1,0.0,0.0
2024-04-10,Iasi,24.6,9.8,0.0,0.0
2024-04-11,Iasi,23.4,9.5,0.0,0.0
2024-04-12,Iasi,21.0,11.2,0.0,0.0
2024-04-13,Iasi,22.4,8.6,1.1,0.0
2024-04-14,Iasi,27.0,11.9,0.0,0.0
2024-04-15,Iasi,28.5,14.6,0.0,0.0
2024-04-16,Iasi,27.6,11.2,0.0,0.0
2024-04-17,Iasi,15.6,7.8,11.3,0.0
2024-04-18,Iasi,8.7,6.1,8.0,0.0
2024-04-19,Iasi,14.3,4.8,4.1,0.0
2024-04-20,Iasi,15.6,3.3,0.3,0.0
2024-04-21,Iasi,14.6,6.2,0.5,0.0
2024-04-22,Iasi,11.9,4.3,1.6,0.0
2024-04-23,Iasi,15.2,2.7,1.2,0.0
2024-04-24,Iasi,20.0,8.9,5.4,0.0
2024-04-25,Iasi,17.0,8.9,9.4,0.0
2024-04-26,Iasi,14.6,6.4,1.6,0.0
2024-04-27,Iasi,19.0,3.6,0.0,0.0
2024-04-28,Iasi,22.0,7.3,0.0,0.0
2024-04-29,Iasi,21.5,8.6,0.0,0.0
2024-04-30,Iasi,21.6,8.1,0.0,0.0
2024-05-01,Iasi,22.6,8.9,0.0,0.0
2024-05-02,Iasi,24.6,7.8,0.0,0.0
2024-05-03,Iasi,25.2,10.2,0.0,0.0
2024-05-04,Iasi,21.1,11.5,0.0,0.0
2024-05-05,Iasi,22.8,6.7,0.0,0.0
2024-05-06,Iasi,25.6,9.0,0.0,0.0
2024-05-07,Iasi,25.9,10.9,1.1,0.0
2024-05-08,Iasi,17.5,11.9,0.3,0.0
2024-05-09,Iasi,18.4,10.6,0.3,0.0
2024-05-10,Iasi,21.2,6.2,0.0,0.0
2024-05-11,Iasi,21.1,7.4,0.5,0.0
2024-05-12,Iasi,16.5,9.2,0.0,0.0
2024-05-13,Iasi,15.8,7.3,0.0,0.0
2024-05-14,Iasi,16.4,5.4,0.0,0.0
2024-05-15,Iasi,16.4,8.4,0.1,0.0
2024-05-16,Iasi,17.6,6.2,0.0,0.0
2024-05-17,Iasi,20.2,6.2,0.0,0.0
2024-05-18,Iasi,17.3,10.4,5.3,0.0
2024-05-19,Iasi,22.4,9.8,0.2,0.0
2024-05-20,Iasi,24.9,11.9,0.0,0.0
2024-05-21,Iasi,26.0,13.1,0.0,0.0
2024-05-22,Iasi,26.2,13.2,0.0,0.0
2024-05-23,Iasi,27.5,12.0,0.0,0.0
2024-05-24,Iasi,28.6,12.8,0.0,0.0
2024-05-25,Iasi,26.0,15.3,1.1,0.0
2024-05-26,Iasi,26.6,12.2,0.0,0.0
2024-05-27,Iasi,21.4,13.8,1.1,0.0
2024-05-28,Iasi,21.9,12.3,26.7,0.0
2024-05-29,Iasi,21.3,14.1,9.2,0.0
2024-05-30,Iasi,22.4,12.8,0.7,0.0
2024-05-31,Iasi,27.9,13.8,0.0,0.0
2024-06-01,Iasi,30.4,17.1,0.1,0.0
2024-06-02,Iasi,29.4,16.2,0.0,0.0
2024-06-03,Iasi,30.0,14.8,0.0,0.0
2024-06-04,Iasi,29.0,16.7,9.9,0.0
2024-06-05,Iasi,27.0,15.6,0.7,0.0
2024-06-06,Iasi,27.5,16.6,0.0,0.0
2024-06-07,Iasi,30.5,16.6,0.1,0.0
2024-06-08,Iasi,28.2,17.0,6.7,0.0
2024-06-09,Iasi,30.4,16.8,0.6,0.0
2024-06-10,Iasi,30.6,17.8,0.0,0.0
2024-06-11,Iasi,30.0,18.5,0.3,0.0
2024-06-12,Iasi,25.2,17.6,0.0,0.0
2024-06-13,Iasi,22.1,16.2,6.4,0.0
2024-06-14,Iasi,22.1,16.3,48.7,0.0
2024-06-15,Iasi,22.1,15.9,1.0,0.0
2024-06-16,Iasi,25.2,15.7,0.2,0.0
2024-06-17,Iasi,28.0,15.1,0.1,0.0
2024-06-18,Iasi,28.7,17.6,0.0,0.0
2024-06-19,Iasi,31.5,17.6,0.0,0.0
2024-06-20,Iasi,28.1,16.9,0.0,0.0
2024-06-21,Iasi,27.0,14.9,0.0,0.0
2024-06-22,Iasi,31.5,16.1,0.0,0.0
2024-06-23,Iasi,31.3,19.9,0.3,0.0
2024-06-24,Iasi,26.2,18.5,0.5,0.0
2024-06-25,Iasi,25.0,16.1,0.0,0.0
2024-06-26,Iasi,27.6,15.9,0.0,0.0
2024-06-27,Iasi,30.0,17.2,0.0,0.0
2024-06-28,Iasi,30.5,18.4,0.0,0.0
2024-06-29,Iasi,30.8,18.6,0.0,0.0
2024-06-30,Iasi,33.2,17.4,0.0,0.0
2024-07-01,Iasi,34.5,22.8,0.0,0.0
2024-07-02,Iasi,33.5,22.0,0.7,0.0
2024-07-03,Iasi,21.6,17.0,20.3,0.0
2024-07-04,Iasi,22.9,15.1,1.0,0.0
2024-07-05,Iasi,27.0,14.2,0.2,0.0
2024-07-06,Iasi,29.1,15.9,0.0,0.0
2024-07-07,Iasi,31.3,18.4,0.0,0.0
2024-07-08,Iasi,33.0,17.5,0.0,0.0
2024-07-09,Iasi,33.2,20.5,0.0,0.0
2024-07-10,Iasi,35.2,21.0,0.0,0.0
2024-07-11,Iasi,35.5,21.0,0.0,0.0
2024-07-12,Iasi,36.3,21.9,0.0,0.0
2024-07-13,Iasi,36.6,21.8,0.0,0.0
2024-07-14,Iasi,36.7,21.9,0.0,0.0
2024-07-15,Iasi,36.9,20.4,0.0,0.0
2024-07-16,Iasi,37.7,21.9,0.0,0.0
2024-07-17,Iasi,38.0,22.6,0.0,0.0
2024-07-18,Iasi,34.2,22.9,3.7,0.0
2024-07-19,Iasi,31.0,21.8,0.0,0.0
2024-07-20,Iasi,29.7,20.6,0.0,0.0
2024-07-21,Iasi,25.7,19.0,34.5,0.0
2024-07-22,Iasi,26.8,18.9,0.8,0.0
2024-07-23,Iasi,30.0,19.1,0.1,0.0
2024-07-24,Iasi,29.6,19.8,1.2,0.0
2024-07-25,Iasi,25.4,18.6,6.9,0.0
2024-07-26,Iasi,25.5,18.0,5.3,0.0
2024-07-27,Iasi,28.3,17.3,0.0,0.0
2024-07-28,Iasi,33.0,17.7,0.0,0.0
2024-07-29,Iasi,26.5,18.9,0.0,0.0
2024-07-30,Iasi,25.9,18.2,0.1,0.0
2024-07-31,Iasi,28.0,15.4,0.0,0.0
2024-08-01,Iasi,31.2,14.6,0.0,0.0
2024-08-02,Iasi,31.5,20.5,0.0,0.0
2024-08-03,Iasi,31.0,20.8,2.8,0.0
2024-08-04,Iasi,25.1,17.6,0.6,0.0
2024-08-05,Iasi,27.9,15.9,0.1,0.0
2024-08-06,Iasi,22.7,17.1,5.4,0.0
2024-08-07,Iasi,26.5,17.2,0.7,0.0
2024-08-08,Iasi,29.3,16.2,0.1,0.0
2024-08-09,Iasi,32.2,18.9,1.5,0.0
2024-08-10,Iasi,29.0,19.5,0.6,0.0
2024-08-11,Iasi,30.0,18.2,0.2,0.0
2024-08-12,Iasi,29.1,20.4,0.0,0.0
2024-08-13,Iasi,29.1,16.4,0.0,0.0
2024-08-14,Iasi,29.2,20.5,0.0,0.0
2024-08-15,Iasi,32.8,20.2,0.0,0.0
2024-08-16,Iasi,34.3,20.4,0.0,0.0
2024-08-17,Iasi,32.5,20.4,0.3,0.0
2024-08-18,Iasi,33.8,21.1,0.1,0.0
2024-08-19,Iasi,34.3,18.5,0.0,0.0
2024-08-20,Iasi,34.0,19.5,0.0,0.0
2024-08-21,Iasi,34.0,18.4,0.0,0.0
2024-08-22,Iasi,29.5,20.1,0.0,0.0
2024-08-23,Iasi,27.5,17.6,0.0,0.0
2024-08-24,Iasi,29.9,14.6,0.0,0.0
2024-08-25,Iasi,33.5,17.0,0.0,0.0
2024-08-26,Iasi,34.6,20.8,0.1,0.0
2024-08-27,Iasi,30.8,21.3,2.7,0.0
2024-08-28,Iasi,30.9,19.5,0.2,0.0
2024-08-29,Iasi,27.5,19.5,0.7,0.0
2024-08-30,Iasi,30.7,19.0,0.1,0.0
2024-08-31,Iasi,30.8,18.1,0.0,0.0
2024-09-01,Iasi,31.6,19.3,0.0,0.0
2024-09-02,Iasi,31.2,18.9,0.1,0.0
2024-09-03,Iasi,30.8,18.5,0.0,0.0
2024-09-04,Iasi,25.5,18.9,0.0,0.0
2024-09-05,Iasi,24.4,16.9,1.8,0.0
2024-09-06,Iasi,27.0,15.6,0.3,0.0
2024-09-07,Iasi,25.8,14.6,0.0,0.0
2024-09-08,Iasi,25.0,11.8,0.0,0.0
2024-09-09,Iasi,25.9,10.2,0.0,0.0
2024-09-10,Iasi,26.4,14.0,0.0,0.0
2024-09-11,Iasi,24.5,17.0,10.6,0.0
2024-09-12,Iasi,23.1,16.4,9.2,0.0
2024-09-13,Iasi,26.2,14.6,0.2,0.0
2024-09-14,Iasi,20.9,16.8,39.3,0.0
2024-09-15,Iasi,19.4,13.8,19.4,0.0
2024-09-16,Iasi,19.3,14.9,18.0,0.0
2024-09-17,Iasi,23.9,12.8,0.0,0.0
2024-09-18,Iasi,23.0,12.0,0.2,0.0
2024-09-19,Iasi,21.2,10.8,8.2,0.0
2024-09-20,Iasi,22.0,7.9,0.0,0.0
2024-09-21,Iasi,23.0,10.0,0.0,0.0
2024-09-22,Iasi,23.4,11.3,0.0,0.0
2024-09-23,Iasi,25.2,11.8,0.0,0.0
2024-09-24,Iasi,25.8,10.6,0.0,0.0
2024-09-25,Iasi,24.7,14.6,0.0,0.0
2024-09-26,Iasi,24.8,17.0,0.3,0.0
2024-09-27,Iasi,28.3,15.1,0.0,0.0
2024-09-28,Iasi,26.0,16.7,0.0,0.0
2024-09-29,Iasi,17.0,11.8,5.5,0.0
2024-09-30,Iasi,12.4,9.6,8.1,0.0
2024-10-01,Iasi,10.9,8.1,16.1,0.0
2024-10-02,Iasi,17.0,7.2,0.0,0.0
2024-10-03,Iasi,21.1,9.5,0.0,0.0
2024-10-04,Iasi,23.9,13.9,0.0,0.0
2024-10-05,Iasi,20.9,14.1,8.2,0.0
2024-10-06,Iasi,20.1,14.4,2.9,0.0
2024-10-07,Iasi,17.0,9.5,4.5,0.0
2024-10-08,Iasi,20.5,7.6,0.0,0.0
2024-10-09,Iasi,21.1,10.2,0.0,0.0
2024-10-10,Iasi,21.5,10.7,0.0,0.0
2024-10-11,Iasi,24.5,10.5,6.6,0.0
2024-10-12,Iasi,14.4,10.1,1.2,0.0
2024-10-13,Iasi,15.6,6.2,0.0,0.0
2024-10-14,Iasi,16.2,8.6,0.0,0.0
2024-10-15,Iasi,14.6,5.2,1.7,0.0
2024-10-16,Iasi,12.6,6.5,0.8,0.0
2024-10-17,Iasi,10.4,3.5,0.2,0.0
2024-10-18,Iasi,11.5,0.3,0.0,0.0
2024-10-19,Iasi,11.2,2.8,0.0,0.0
2024-10-20,Iasi,9.4,-0.6,0.0,0.0
2024-10-21,Iasi,13.6,0.6,0.0,0.0
2024-10-22,Iasi,17.8,0.8,0.0,0.0
2024-10-23,Iasi,16.9,2.6,0.0,0.0
2024-10-24,Iasi,13.6,3.8,0.0,0.0
2024-10-25,Iasi,13.2,1.4,0.0,0.0
2024-10-26,Iasi,15.1,0.8,0.0,0.0
2024-10-27,Iasi,16.8,4.0,0.0,0.0
2024-10-28,Iasi,18.1,5.9,0.0,0.0
2024-10-29,Iasi,14.6,5.2,0.0,0.0
2024-10-30,Iasi,16.6,8.9,0.0,0.0
2024-10-31,Iasi,17.0,9.8,0.0,0.0
2024-11-01,Iasi,18.8,8.2,0.0,0.0
2024-11-02,Iasi,16.1,5.6,0.0,0.0
2024-11-03,Iasi,8.1,1.1,0.0,0.0
2024-11-04,Iasi,10.2,0.4,0.0,0.0
2024-11-05,Iasi,7.2,-1.5,0.0,0.0
2024-11-06,Iasi,9.4,-3.5,0.0,0.0
2024-11-07,Iasi,11.3,-1.2,0.0,0.0
2024-11-08,Iasi,9.1,-1.2,0.0,0.0
2024-11-09,Iasi,7.2,3.6,0.1,0.0
2024-11-10,Iasi,8.8,2.8,0.0,0.0
2024-11-11,Iasi,5.2,2.8,0.0,0.0
2024-11-12,Iasi,4.6,2.3,0.0,0.0
2024-11-13,Iasi,7.4,-0.2,0.6,0.0
2024-11-14,Iasi,5.1,1.2,0.0,0.0
2024-11-15,Iasi,5.9,1.5,0.9,0.0
2024-11-16,Iasi,9.3,1.4,0.0,0.0
2024-11-17,Iasi,9.6,-1.0,0.0,0.0
2024-11-18,Iasi,8.1,-2.2,0.0,0.0
2024-11-19,Iasi,11.2,-1.7,0.0,0.0
2024-11-20,Iasi,12.4,4.9,0.0,0.0
2024-11-21,Iasi,5.6,-0.6,13.1,0.0
2024-11-22,Iasi,5.7,-1.1,9.3,0.0
2024-11-23,Iasi,2.8,1.1,0.1,0.0
2024-11-24,Iasi,6.3,-1.8,0.0,0.0
2024-11-25,Iasi,6.2,-2.8,0.0,0.0
2024-11-26,Iasi,5.7,-2.2,0.0,0.0
2024-11-27,Iasi,2.7,-1.1,1.0,0.0
2024-11-28,Iasi,8.2,-1.3,0.0,0.0
2024-11-29,Iasi,5.3,2.5,15.4,0.0
2024-11-30,Iasi,4.9,2.3,5.3,0.0
2024-12-01,Iasi,5.3,2.1,0.0,0.0
2024-12-02,Iasi,4.9,0.3,0.0,0.0
2024-12-03,Iasi,3.5,0.2,0.0,0.0
2024-12-04,Iasi,3.0,0.2,0.0,0.0
2024-12-05,Iasi,1.2,-0.3,0.0,0.0
2024-12-06,Iasi,3.7,-0.4,1.1,0.0
2024-12-07,Iasi,9.4,4.1,5.4,0.0
2024-12-08,Iasi,9.4,4.4,5.4,0.0
2024-12-09,Iasi,6.4,2.7,17.4,0.0
2024-12-10,Iasi,4.1,2.0,0.1,0.0
2024-12-11,Iasi,3.2,1.4,0.6,0.0
2024-12-12,Iasi,2.9,1.2,0.7,0.0
2024-12-13,Iasi,2.0,-4.8,0.7,0.0
2024-12-14,Iasi,4.2,-6.0,0.0,0.0
2024-12-15,Iasi,5.7,-1.0,0.6,0.0
2024-12-16,Iasi,9.3,-0.6,0.6,0.0
2024-12-17,Iasi,13.1,7.2,0.0,0.0
2024-12-18,Iasi,12.3,2.1,0.1,0.0
2024-12-19,Iasi,10.6,-0.2,0.0,0.0
2024-12-20,Iasi,9.0,1.0,0.0,0.0
2024-12-21,Iasi,5.2,1.0,1.3,0.0
2024-12-22,Iasi,2.3,-3.5,0.0,0.0
2024-12-23,Iasi,4.3,-1.4,0.1,0.0
2024-12-24,Iasi,8.9,1.8,1.0,0.0
2024-12-25,Iasi,5.2,1.7,0.0,0.0
2024-12-26,Iasi,1.9,0.2,0.0,0.0
2024-12-27,Iasi,1.6,0.4,4.6,0.0
2024-12-28,Iasi,2.3,1.1,1.1,0.0
2024-12-29,Iasi,4.0,-1.4,0.0,0.0
2024-12-30,Iasi,4.7,-2.7,0.0,0.0
2024-12-31,Iasi,8.9,-2.8,0.0,0.0
2025-01-01,Iasi,11.1,-3.1,0.0,0.0
2025-01-02,Iasi,11.4,1.1,0.0,0.0
2025-01-03,Iasi,7.7,-0.2,1.1,0.0
2025-01-04,Iasi,4.4,-3.5,0.0,0.0
2025-01-05,Iasi,2.9,-4.9,0.0,0.0
2025-01-06,Iasi,8.8,-0.6,0.0,0.0
2025-01-07,Iasi,11.8,-0.1,0.0,0.0
2025-01-08,Iasi,14.9,0.9,0.0,0.0
2025-01-09,Iasi,14.8,4.0,0.0,0.0
2025-01-10,Iasi,10.4,1.6,2.1,0.0
2025-01-11,Iasi,5.5,-1.5,0.0,0.0
2025-01-12,Iasi,4.8,-1.9,0.0,0.0
2025-01-13,Iasi,2.7,-1.6,0.0,0.0
2025-01-14,Iasi,1.4,-3.5,0.0,0.0
2025-01-15,Iasi,2.0,-7.1,0.0,0.0
2025-01-16,Iasi,3.5,-4.8,0.0,0.0
2025-01-17,Iasi,8.3,-2.0,0.0,0.0
2025-01-18,Iasi,9.7,2.8,0.0,0.0
2025-01-19,Iasi,6.5,0.2,0.0,0.0
2025-01-20,Iasi,9.9,-1.6,0.0,0.0
2025-01-21,Iasi,6.9,-0.4,0.0,0.0
2025-01-22,Iasi,5.0,1.0,0.1,0.0
2025-01-23,Iasi,8.9,0.8,0.0,0.0
2025-01-24,Iasi,7.2,-1.0,8.3,0.0
2025-01-25,Iasi,7.3,1.5,2.1,0.0
2025-01-26,Iasi,11.1,4.7,0.0,0.0
2025-01-27,Iasi,11.0,1.3,0.0,0.0
2025-01-28,Iasi,14.1,0.9,0.0,0.0
2025-01-29,Iasi,16.0,2.9,0.0,0.0
2025-01-30,Iasi,12.9,2.0,0.0,0.0
2025-01-31,Iasi,11.7,3.8,0.0,0.0
2025-02-01,Iasi,6.9,-1.7,0.7,0.0
2025-02-02,Iasi,4.5,-2.6,2.7,0.0
2025-02-03,Iasi,3.0,0.2,1.0,0.0
2025-02-04,Iasi,2.9,-1.0,0.0,0.0
2025-02-05,Iasi,2.3,-0.9,0.5,0.0
2025-02-06,Iasi,1.1,-1.2,0.0,0.0
2025-02-07,Iasi,2.7,-2.8,0.0,0.0
2025-02-08,Iasi,-0.2,-6.7,0.0,0.0
2025-02-09,Iasi,-0.9,-7.7,0.0,0.0
2025-02-10,Iasi,-0.6,-8.8,0.0,0.0
2025-02-11,Iasi,-2.2,-7.7,0.0,0.0
2025-02-12,Iasi,-1.0,-7.2,0.0,0.0
2025-02-13,Iasi,4.6,-8.8,0.0,0.0
2025-02-14,Iasi,10.6,-3.5,0.0,0.0
2025-02-15,Iasi,1.8,-6.2,3.1,0.0
2025-02-16,Iasi,1.0,-6.9,0.0,0.0
2025-02-17,Iasi,0.2,-9.7,0.0,0.0
2025-02-18,Iasi,0.6,-8.7,0.0,0.0
2025-02-19,Iasi,1.0,-8.4,0.5,0.0
2025-02-20,Iasi,2.1,-6.1,0.7,0.0
2025-02-21,Iasi,-0.8,-7.5,0.0,0.0
2025-02-22,Iasi,0.1,-10.1,0.0,0.0
2025-02-23,Iasi,2.8,-9.6,0.0,0.0
2025-02-24,Iasi,4.6,-8.2,0.0,0.0
2025-02-25,Iasi,6.7,-6.6,0.0,0.0
2025-02-26,Iasi,9.2,-5.4,0.0,0.0
2025-02-27,Iasi,6.7,-1.4,0.0,0.0
2025-02-28,Iasi,8.1,2.2,0.0,0.0
2025-03-01,Iasi,4.6,0.8,5.4,0.0
2025-03-02,Iasi,6.8,0.3,0.5,0.0
2025-03-03,Iasi,5.2,-0.9,0.1,0.0
2025-03-04,Iasi,11.6,-0.6,0.0,0.0
2025-03-05,Iasi,16.5,-0.6,0.0,0.0
2025-03-06,Iasi,19.5,0.8,0.0,0.0
2025-03-07,Iasi,17.4,-1.0,0.0,0.0
2025-03-08,Iasi,19.1,0.7,0.0,0.0
2025-03-09,Iasi,18.3,-0.3,0.0,0.0
2025-03-10,Iasi,18.7,3.3,0.0,0.0
2025-03-11,Iasi,21.8,3.2,0.1,0.0
2025-03-12,Iasi,19.9,9.9,0.0,0.0
2025-03-13,Iasi,21.5,8.9,0.0,0.0
2025-03-14,Iasi,21.3,12.8,0.2,0.0
2025-03-15,Iasi,21.9,7.4,0.4,0.0
2025-03-16,Iasi,8.4,3.2,9.0,0.0
2025-03-17,Iasi,6.5,1.0,8.1,0.0
2025-03-18,Iasi,4.9,-3.0,0.0,0.0
2025-03-19,Iasi,10.2,-0.2,0.0,0.0
2025-03-20,Iasi,12.8,-1.5,0.0,0.0
2025-03-21,Iasi,16.7,-2.8,0.0,0.0
2025-03-22,Iasi,16.0,0.3,0.0,0.0
2025-03-23,Iasi,11.5,5.2,0.8,0.0
2025-03-24,Iasi,16.4,5.3,0.0,0.0
2025-03-25,Iasi,20.0,7.8,0.0,0.0
2025-03-26,Iasi,16.7,8.6,0.0,0.0
2025-03-27,Iasi,10.9,8.6,4.2,0.0
2025-03-28,Iasi,16.2,7.7,0.0,0.0
2025-03-29,Iasi,14.2,6.1,13.5,0.0
2025-03-30,Iasi,11.9,7.8,4.7,0.0
2025-03-31,Iasi,15.1,6.8,0.2,0.0
2025-04-01,Iasi,16.2,7.1,0.3,0.0
2025-04-02,Iasi,13.0,7.6,3.1,0.0
2025-04-03,Iasi,13.9,8.3,6.2,0.0
2025-04-04,Iasi,18.6,7.4,0.0,0.0
2025-04-05,Iasi,20.7,5.9,2.6,0.0
2025-04-06,Iasi,9.0,-0.1,5.1,0.0
2025-04-07,Iasi,5.3,-2.5,0.0,0.0
2025-04-08,Iasi,7.8,-0.9,1.0,0.0
2025-04-09,Iasi,6.5,-2.1,0.5,0.0
2025-04-10,Iasi,7.1,-0.9,3.0,0.0
2025-04-11,Iasi,5.9,-2.3,0.3,0.0
2025-04-12,Iasi,10.4,-0.3,0.0,0.0
2025-04-13,Iasi,17.0,0.2,0.0,0.0
2025-04-14,Iasi,16.8,6.8,0.0,0.0
2025-04-15,Iasi,15.4,7.4,0.1,0.0
2025-04-16,Iasi,21.5,9.8,0.0,0.0
2025-04-17,Iasi,22.1,9.9,0.0,0.0
2025-04-18,Iasi,21.9,10.2,0.0,0.0
2025-04-19,Iasi,20.2,9.6,1.4,0.0
2025-04-20,Iasi,23.5,8.4,0.0,0.0
2025-04-21,Iasi,25.5,7.8,0.0,0.0
2025-04-22,Iasi,25.2,9.1,0.0,0.0
2025-04-23,Iasi,24.5,12.1,0.0,0.0
2025-04-24,Iasi,25.0,9.6,0.0,0.0
2025-04-25,Iasi,25.5,11.1,0.0,0.0
2025-04-26,Iasi,18.9,10.0,0.0,0.0
2025-04-27,Iasi,14.4,4.8,0.0,0.0
2025-04-28,Iasi,17.9,3.0,0.0,0.0
2025-04-29,Iasi,20.6,4.8,0.0,0.0
2025-04-30,Iasi,23.5,7.7,0.0,0.0
2025-05-01,Iasi,23.4,10.4,0.0,0.0
2025-05-02,Iasi,20.8,6.7,0.0,0.0
2025-05-03,Iasi,26.4,8.8,0.0,0.0
2025-05-04,Iasi,28.2,12.4,1.7,0.0
2025-05-05,Iasi,25.4,12.5,0.4,0.0
2025-05-06,Iasi,18.5,11.9,1.2,0.0
2025-05-07,Iasi,15.4,10.8,4.7,0.0
2025-05-08,Iasi,16.5,9.4,0.5,0.0
2025-05-09,Iasi,10.7,6.8,6.0,0.0
2025-05-10,Iasi,16.5,5.9,0.2,0.0
2025-05-11,Iasi,9.1,4.2,2.5,0.0
2025-05-12,Iasi,13.9,2.8,0.7,0.0
2025-05-13,Iasi,15.8,4.6,0.4,0.0
2025-05-14,Iasi,16.9,6.5,0.4,0.0
2025-05-15,Iasi,21.2,8.6,0.1,0.0
2025-05-16,Iasi,13.8,7.1,6.4,0.0
2025-05-17,Iasi,11.6,6.8,4.6,0.0
2025-05-18,Iasi,19.1,6.2,1.9,0.0
2025-05-19,Iasi,18.6,8.8,6.2,0.0
2025-05-20,Iasi,18.5,7.8,0.4,0.0
2025-05-21,Iasi,22.0,8.2,0.0,0.0
2025-05-22,Iasi,24.0,12.1,1.3,0.0
2025-05-23,Iasi,23.6,13.7,7.9,0.0
2025-05-24,Iasi,21.5,13.8,0.9,0.0
2025-05-25,Iasi,14.2,11.1,23.1,0.0
2025-05-26,Iasi,13.8,10.7,15.7,0.0
2025-05-27,Iasi,14.4,11.8,32.6,0.0
2025-05-28,Iasi,18.1,12.6,2.7,0.0
2025-05-29,Iasi,20.3,12.6,1.4,0.0
2025-05-30,Iasi,19.8,13.4,0.2,0.0
2025-05-31,Iasi,22.5,11.3,0.0,0.0
2025-06-01,Iasi,25.0,13.1,0.0,0.0
2025-06-02,Iasi,27.8,13.6,0.0,0.0
2025-06-03,Iasi,29.7,15.0,0.0,0.0
2025-06-04,Iasi,25.6,17.6,0.0,0.0
2025-06-05,Iasi,30.0,17.3,0.0,0.0
2025-06-06,Iasi,29.5,19.0,0.0,0.0
2025-06-07,Iasi,30.2,18.0,0.0,0.0
2025-06-08,Iasi,30.5,18.3,0.0,0.0
2025-06-09,Iasi,25.1,17.2,2.9,0.0
2025-06-10,Iasi,22.1,14.4,0.0,0.0
2025-06-11,Iasi,26.2,12.8,1.9,0.0
2025-06-12,Iasi,21.5,13.7,0.4,0.0
2025-06-13,Iasi,20.6,14.6,0.0,0.0
2025-06-14,Iasi,21.5,13.3,0.7,0.0
2025-06-15,Iasi,23.5,13.2,0.3,0.0
2025-06-16,Iasi,26.6,13.9,0.0,0.0
2025-06-17,Iasi,26.8,15.1,0.2,0.0
2025-06-18,Iasi,25.8,14.9,0.0,0.0
2025-06-19,Iasi,28.5,15.1,0.3,0.0
2025-06-20,Iasi,22.2,15.4,0.4,0.0
2025-06-21,Iasi,22.1,12.9,0.0,0.0
2025-06-22,Iasi,25.1,11.1,0.0,0.0
2025-06-23,Iasi,25.6,16.1,0.0,0.0
2025-06-24,Iasi,26.2,16.2,0.4,0.0
2025-06-25,Iasi,31.5,15.2,0.0,0.0
2025-06-26,Iasi,27.5,19.2,0.0,0.0
2025-06-27,Iasi,30.6,15.2,3.3,0.0
2025-06-28,Iasi,24.6,18.6,0.1,0.0
2025-06-29,Iasi,25.8,15.9,0.0,0.0
2025-06-30,Iasi,25.7,18.1,0.1,0.0
2025-07-01,Iasi,23.5,14.7,0.0,0.0
2025-07-02,Iasi,26.9,13.6,0.0,0.0
2025-07-03,Iasi,29.9,16.2,0.0,0.0
2025-07-04,Iasi,32.5,16.8,0.0,0.0
2025-07-05,Iasi,25.1,17.6,0.0,0.0
2025-07-06,Iasi,31.6,17.5,0.0,0.0
2025-07-07,Iasi,36.0,17.9,0.0,0.0
2025-07-08,Iasi,34.2,23.2,1.8,0.0
2025-07-09,Iasi,28.9,19.8,9.0,0.0
2025-07-10,Iasi,25.1,17.0,3.3,0.0
2025-07-11,Iasi,24.0,14.2,0.4,0.0
2025-07-12,Iasi,26.5,14.9,0.7,0.0
2025-07-13,Iasi,29.6,14.8,0.0,0.0
2025-07-14,Iasi,32.5,16.8,0.0,0.0
2025-07-15,Iasi,31.3,18.0,0.7,0.0
2025-07-16,Iasi,30.8,18.9,8.1,0.0
2025-07-17,Iasi,26.8,17.8,3.7,0.0
2025-07-18,Iasi,22.8,16.8,35.1,0.0
2025-07-19,Iasi,24.9,15.9,0.2,0.0
2025-07-20,Iasi,27.4,15.7,0.0,0.0
2025-07-21,Iasi,30.2,17.6,0.1,0.0
2025-07-22,Iasi,33.3,18.5,2.2,0.0
2025-07-23,Iasi,30.6,19.4,0.0,0.0
2025-07-24,Iasi,32.5,19.7,0.1,0.0
2025-07-25,Iasi,33.5,21.2,0.5,0.0
2025-07-26,Iasi,34.2,20.5,0.0,0.0
2025-07-27,Iasi,33.5,22.0,5.6,0.0
2025-07-28,Iasi,32.2,20.5,1.4,0.0
2025-07-29,Iasi,24.0,19.9,19.3,0.0
2025-07-30,Iasi,23.4,18.6,1.8,0.0
2025-07-31,Iasi,25.8,15.6,0.0,0.0
2025-08-01,Iasi,27.7,14.8,0.0,0.0
2025-08-02,Iasi,29.2,16.4,0.0,0.0
2025-08-03,Iasi,30.1,16.9,0.0,0.0
2025-08-04,Iasi,30.8,16.1,0.0,0.0
2025-08-05,Iasi,30.0,19.0,0.0,0.0
2025-08-06,Iasi,31.5,18.5,1.5,0.0
2025-08-07,Iasi,24.8,16.2,0.0,0.0
2025-08-08,Iasi,26.1,12.6,0.0,0.0
2025-08-09,Iasi,29.9,14.8,0.0,0.0
2025-08-10,Iasi,30.7,16.5,0.0,0.0
2025-08-11,Iasi,26.0,17.6,0.3,0.0
2025-08-12,Iasi,25.0,13.1,0.0,0.0
2025-08-13,Iasi,27.6,13.9,0.0,0.0
2025-08-14,Iasi,30.0,15.1,0.0,0.0
2025-08-15,Iasi,29.4,15.9,0.0,0.0
2025-08-16,Iasi,29.8,15.8,0.0,0.0
2025-08-17,Iasi,30.9,16.5,3.7,0.0
2025-08-18,Iasi,25.0,17.4,4.7,0.0
2025-08-19,Iasi,23.2,13.8,0.0,0.0
2025-08-20,Iasi,27.0,14.6,0.0,0.0
2025-08-21,Iasi,30.6,15.4,0.0,0.0
2025-08-22,Iasi,28.0,19.2,1.1,0.0
2025-08-23,Iasi,23.2,17.0,0.0,0.0
2025-08-24,Iasi,19.2,11.9,1.1,0.0
2025-08-25,Iasi,21.3,9.7,0.0,0.0
2025-08-26,Iasi,24.4,10.4,0.0,0.0
2025-08-27,Iasi,27.5,9.4,0.0,0.0
2025-08-28,Iasi,29.2,11.4,0.0,0.0
2025-08-29,Iasi,30.0,15.1,0.0,0.0
2025-08-30,Iasi,31.4,16.4,0.0,0.0
2025-08-31,Iasi,31.8,15.6,0.0,0.0
2025-09-01,Iasi,28.0,17.4,0.4,0.0
2025-09-02,Iasi,30.5,19.1,0.0,0.0
2025-09-03,Iasi,30.6,17.3,0.0,0.0
2025-09-04,Iasi,30.3,15.8,0.0,0.0
2025-09-05,Iasi,29.8,14.2,0.0,0.0
2025-09-06,Iasi,28.1,14.0,0.0,0.0
2025-09-07,Iasi,26.1,14.6,0.0,0.0
2025-09-08,Iasi,27.1,12.9,0.0,0.0
2025-09-09,Iasi,28.0,12.9,1.8,0.0
2025-09-10,Iasi,26.6,14.6,0.1,0.0
2025-09-11,Iasi,24.5,15.3,1.2,0.0
2025-09-12,Iasi,19.9,16.6,21.6,0.0
2025-09-13,Iasi,25.2,15.9,1.4,0.0
2025-09-14,Iasi,22.7,13.9,0.0,0.0
2025-09-15,Iasi,21.1,13.2,0.0,0.0
2025-09-16,Iasi,23.8,10.9,0.0,0.0
2025-09-17,Iasi,18.5,13.9,25.5,0.0
2025-09-18,Iasi,19.5,11.9,0.3,0.0
2025-09-19,Iasi,21.8,9.6,0.0,0.0
2025-09-20,Iasi,24.5,15.6,0.1,0.0
2025-09-21,Iasi,26.4,12.8,0.0,0.0
2025-09-22,Iasi,24.7,13.4,0.0,0.0
2025-09-23,Iasi,25.1,13.8,0.0,0.0
2025-09-24,Iasi,21.8,13.1,0.0,0.0
2025-09-25,Iasi,14.6,7.8,0.0,0.0
2025-09-26,Iasi,16.5,4.6,0.0,0.0
2025-09-27,Iasi,16.8,4.3,0.0,0.0
2025-09-28,Iasi,17.0,3.2,0.0,0.0
2025-09-29,Iasi,15.6,7.7,0.6,0.0
2025-09-30,Iasi,14.7,8.1,2.1,0.0
2025-10-01,Iasi,8.9,5.8,0.5,0.0
2025-10-02,Iasi,9.5,4.0,0.2,0.0
2025-10-03,Iasi,10.9,4.8,7.5,0.0
2025-10-04,Iasi,12.1,8.9,17.1,0.0
2025-10-05,Iasi,16.4,6.9,0.5,0.0
2025-10-06,Iasi,12.0,10.0,8.4,0.0
2025-10-07,Iasi,11.9,10.4,20.8,0.0
2025-10-08,Iasi,13.4,10.5,22.0,0.0
2025-10-09,Iasi,12.2,10.7,7.0,0.0
2025-10-10,Iasi,16.5,9.9,3.6,0.0
2025-10-11,Iasi,14.4,8.4,2.3,0.0
2025-10-12,Iasi,16.1,11.4,1.2,0.0
2025-10-13,Iasi,13.1,6.1,0.7,0.0
2025-10-14,Iasi,12.2,4.8,0.4,0.0
2025-10-15,Iasi,12.6,2.0,0.2,0.0
2025-10-16,Iasi,14.6,4.2,0.0,0.0
2025-10-17,Iasi,15.4,4.2,0.0,0.0
2025-10-18,Iasi,13.6,6.0,0.9,0.0
2025-10-19,Iasi,11.2,5.1,0.0,0.0
2025-10-20,Iasi,10.9,2.4,0.0,0.0
2025-10-21,Iasi,13.6,-0.9,0.0,0.0
2025-10-22,Iasi,17.6,2.3,0.0,0.0
2025-10-23,Iasi,18.2,10.6,0.0,0.0
2025-10-24,Iasi,19.1,11.2,6.0,0.0
2025-10-25,Iasi,15.4,5.2,0.0,0.0
2025-10-26,Iasi,16.2,6.2,2.1,0.0
2025-10-27,Iasi,14.9,7.1,1.2,0.0
2025-10-28,Iasi,14.6,6.7,0.1,0.0
2025-10-29,Iasi,17.3,6.3,0.0,0.0
2025-10-30,Iasi,18.6,4.2,0.0,0.0
2025-10-31,Iasi,16.0,5.7,0.0,0.0
2025-11-01,Iasi,13.6,1.7,0.0,0.0
2025-11-02,Iasi,17.4,5.3,0.0,0.0
2025-11-03,Iasi,16.7,10.6,0.4,0.0
2025-11-04,Iasi,13.6,8.0,0.3,0.0
2025-11-05,Iasi,9.4,6.8,4.6,0.0
2025-11-06,Iasi,11.8,6.3,0.0,0.0
2025-11-07,Iasi,10.1,4.9,0.0,0.0
2025-11-08,Iasi,11.9,7.2,0.1,0.0
2025-11-09,Iasi,14.4,8.6,1.0,0.0
2025-11-10,Iasi,9.9,7.5,9.9,0.0
2025-11-11,Iasi,12.9,5.7,2.5,0.0
2025-11-12,Iasi,11.6,4.8,0.6,0.0
2025-11-13,Iasi,12.1,3.8,0.0,0.0
2025-11-14,Iasi,11.9,2.8,0.0,0.0
2025-11-15,Iasi,13.7,4.4,0.0,0.0
2025-11-16,Iasi,11.8,3.5,1.5,0.0
2025-11-17,Iasi,14.4,6.9,0.0,0.0
2025-11-18,Iasi,15.6,4.2,0.2,0.0
2025-11-19,Iasi,4.9,1.0,5.1,0.0
2025-11-20,Iasi,10.2,4.0,0.0,0.0
2025-11-21,Iasi,15.4,5.6,2.0,0.0
2025-11-22,Iasi,8.6,4.0,0.7,0.0
2025-11-23,Iasi,5.8,3.2,5.1,0.0
2025-11-24,Iasi,9.2,1.8,0.5,0.0
2025-11-25,Iasi,10.9,0.5,0.0,0.0
2025-11-26,Iasi,14.4,6.4,0.0,0.0
2025-11-27,Iasi,9.2,4.2,3.3,0.0
2025-11-28,Iasi,5.4,3.0,6.1,0.0
2025-11-29,Iasi,9.2,4.3,1.4,0.0
2025-11-30,Iasi,6.8,4.9,5.3,0.0
2025-12-01,Iasi,6.2,4.7,0.7,0.0
2025-12-02,Iasi,7.9,4.8,0.0,0.0
2025-12-03,Iasi,9.5,5.5,0.0,0.0
2025-12-04,Iasi,11.6,7.6,0.2,0.0
2025-12-05,Iasi,9.1,4.1,0.0,0.0
2025-12-06,Iasi,3.9,2.0,0.0,0.0
2025-12-07,Iasi,4.3,1.6,0.3,0.0
2025-12-08,Iasi,4.2,2.5,0.0,0.0
2025-12-09,Iasi,7.4,2.5,0.0,0.0
2025-12-10,Iasi,8.9,4.2,1.5,0.0
2025-12-11,Iasi,10.4,4.9,0.0,0.0
2025-12-12,Iasi,10.9,7.1,1.3,0.0
2025-12-13,Iasi,8.2,2.5,0.2,0.0
2025-12-14,Iasi,6.9,0.7,0.3,0.0
2025-12-15,Iasi,8.4,2.2,0.0,0.0
2025-12-16,Iasi,6.9,-1.6,0.0,0.0
2025-12-17,Iasi,7.1,-1.6,0.0,0.0
2025-12-18,Iasi,6.0,-1.5,0.9,0.0
2025-12-19,Iasi,6.9,-0.6,0.0,0.0
2025-12-20,Iasi,3.0,0.6,0.0,0.0
2025-12-21,Iasi,4.0,2.0,0.0,0.0
2025-12-22,Iasi,4.6,2.7,0.0,0.0
2025-12-23,Iasi,3.0,1.6,1.4,0.0
2025-12-24,Iasi,1.8,-1.8,2.7,0.0
2025-12-25,Iasi,-2.3,-9.1,0.0,0.0
2025-12-26,Iasi,0.2,-9.6,0.3,0.0
2025-12-27,Iasi,2.2,-0.3,0.4,0.0
2025-12-28,Iasi,3.0,0.2,3.0,0.0
2025-12-29,Iasi,2.8,-1.6,1.2,0.0
2025-12-30,Iasi,1.5,-3.6,0.5,0.0
2025-12-31,Iasi,0.2,-4.1,1.9,0.0
2026-01-01,Iasi,1.5,-5.9,0.0,0.0
2026-01-02,Iasi,5.9,-1.4,0.0,0.0
2026-01-03,Iasi,6.4,-2.1,0.3,0.0
2026-01-04,Iasi,1.9,-3.4,1.2,0.0
2026-01-05,Iasi,0.6,-2.7,2.6,0.0
2026-01-06,Iasi,4.2,0.1,0.0,0.0
2026-01-07,Iasi,1.8,-0.4,3.7,0.0
2026-01-08,Iasi,-0.6,-3.5,6.8,0.0
2026-01-09,Iasi,0.1,-4.8,0.0,0.0
2026-01-10,Iasi,-0.9,-7.6,0.0,0.0
2026-01-11,Iasi,-1.5,-8.2,0.0,0.0
2026-01-12,Iasi,0.6,-5.1,0.5,0.0
2026-01-13,Iasi,-0.5,-6.4,0.1,0.0
2026-01-14,Iasi,-1.5,-7.8,0.0,0.0
2026-01-15,Iasi,-3.1,-6.9,1.6,0.0
2026-01-16,Iasi,-7.9,-12.8,0.1,0.0
2026-01-17,Iasi,-9.6,-14.3,0.0,0.0
2026-01-18,Iasi,-8.6,-13.9,0.0,0.0
2026-01-19,Iasi,-7.2,-11.1,0.0,0.0
2026-01-20,Iasi,-5.2,-13.1,0.0,0.0
2026-01-21,Iasi,-1.0,-13.1,0.0,0.0
2026-01-22,Iasi,4.6,-0.9,1.2,0.0
2026-01-23,Iasi,0.7,-1.5,2.4,0.0
2026-01-24,Iasi,-1.2,-2.7,0.0,0.0
2026-01-25,Iasi,3.0,-1.6,0.0,0.0
2026-01-26,Iasi,4.6,0.5,3.2,0.0
2026-01-27,Iasi,2.5,-0.1,2.6,0.0
2026-01-28,Iasi,4.7,-0.6,0.0,0.0
2026-01-29,Iasi,2.7,0.6,0.2,0.0
2026-01-30,Iasi,1.8,-2.2,0.4,0.0
2026-01-31,Iasi,-2.8,-7.2,0.6,0.0
2026-02-01,Iasi,-5.5,-10.2,0.0,0.0
2026-02-02,Iasi,-5.8,-11.2,0.0,0.0
2026-02-03,Iasi,-2.5,-10.8,0.0,0.0
2026-02-04,Iasi,3.4,-5.9,0.0,0.0
2026-02-05,Iasi,3.3,1.0,1.5,0.0
2026-02-06,Iasi,1.1,-2.5,7.1,0.0
2026-02-07,Iasi,0.6,-2.2,0.0,0.0
2026-02-08,Iasi,1.8,-2.0,0.6,0.0
2026-02-09,Iasi,-2.2,-8.4,0.8,0.0
2026-02-10,Iasi,0.2,-9.1,0.0,0.0
2026-02-11,Iasi,5.8,-0.2,0.0,0.0
2026-02-12,Iasi,9.5,-1.2,0.0,0.0
2026-02-13,Iasi,8.4,2.2,0.0,0.0
2026-02-14,Iasi,11.2,1.8,0.0,0.0
2026-02-15,Iasi,5.2,-0.8,8.9,0.0
2026-02-16,Iasi,-1.5,-6.8,2.4,0.0
2026-02-17,Iasi,-0.8,-3.5,0.9,0.0
2026-02-18,Iasi,-2.9,-4.8,9.6,0.0
2026-02-19,Iasi,2.0,-4.8,0.0,0.0
2026-02-20,Iasi,2.2,-4.6,0.0,0.0
2026-02-21,Iasi,-1.6,-5.1,0.0,0.0
2026-02-22,Iasi,2.5,-2.6,0.2,0.0
2026-02-23,Iasi,7.3,-2.3,6.4,0.0
2026-02-24,Iasi,8.7,-1.2,1.9,0.0
2026-02-25,Iasi,4.8,-0.4,1.8,0.0
2026-02-26,Iasi,3.3,-2.0,0.2,0.0
2026-02-27,Iasi,2.0,-2.5,0.0,0.0
2026-02-28,Iasi,5.3,-3.5,0.0,0.0
2026-03-01,Iasi,9.9,-3.0,0.0,0.0
2026-03-02,Iasi,10.7,-3.7,0.0,0.0
2026-03-03,Iasi,11.0,0.0,0.0,0.0
2026-03-04,Iasi,14.3,-0.7,0.0,0.0
2026-03-05,Iasi,10.4,1.8,0.0,0.0
2026-03-06,Iasi,11.2,1.4,0.0,0.0
2026-03-07,Iasi,11.6,-1.4,0.0,0.0
2026-03-08,Iasi,11.9,-1.9,0.0,0.0
2026-03-09,Iasi,13.9,-1.4,0.0,0.0
2026-03-10,Iasi,17.0,2.0,0.0,0.0
2026-03-11,Iasi,16.1,3.7,0.0,0.0
2026-03-12,Iasi,12.4,1.2,0.0,0.0
2026-03-13,Iasi,15.6,-0.3,0.0,0.0
2026-03-14,Iasi,11.7,-0.9,0.0,0.0
2026-03-15,Iasi,12.4,-0.2,0.0,0.0
2026-03-16,Iasi,12.7,-0.3,0.0,0.0
2026-03-17,Iasi,13.6,-2.0,0.0,0.0
2026-03-18,Iasi,9.9,-0.4,0.4,0.0
2026-03-19,Iasi,8.6,0.2,1.1,0.0
2026-03-20,Iasi,12.7,1.2,0.6,0.0
2026-03-21,Iasi,10.5,1.9,0.2,0.0
2026-03-22,Iasi,11.9,3.2,0.0,0.0
2026-03-23,Iasi,14.9,4.6,0.0,0.0
2026-03-24,Iasi,15.2,1.0,0.0,0.0
2026-03-25,Iasi,15.4,2.5,0.0,0.0
2026-03-26,Iasi,17.3,6.2,0.0,0.0
2026-03-27,Iasi,11.6,4.1,0.0,0.0
2026-03-28,Iasi,16.9,3.2,2.8,0.0
2026-03-29,Iasi,12.2,9.0,12.7,0.0
2026-03-30,Iasi,11.9,7.8,7.4,0.0
2026-03-31,Iasi,9.3,8.0,13.9,0.0
2026-04-01,Iasi,10.8,6.2,4.8,0.0
2026-04-02,Iasi,13.9,5.7,1.2,0.0
2026-04-03,Iasi,15.5,7.5,10.3,0.0
2026-04-04,Iasi,16.9,7.6,2.6,0.0
2026-04-05,Iasi,18.5,7.7,0.0,0.0
2026-04-06,Iasi,22.3,6.0,1.3,0.0
2026-04-07,Iasi,13.2,4.3,2.9,0.0
2026-04-08,Iasi,9.2,3.2,4.8,0.0
2026-04-09,Iasi,8.4,2.3,5.8,0.0
2026-04-10,Iasi,8.9,1.1,1.2,0.0
2026-04-11,Iasi,11.4,-0.8,0.1,0.0
2026-04-12,Iasi,11.1,2.9,1.2,0.0
2026-04-13,Iasi,13.1,2.2,0.2,0.0
2026-04-14,Iasi,15.6,1.3,0.0,0.0
2026-04-15,Iasi,18.1,4.3,0.0,0.0
2026-04-16,Iasi,19.6,8.6,6.9,0.0
2026-04-17,Iasi,15.4,8.4,3.7,0.0
2026-04-18,Iasi,14.6,6.6,1.4,0.0
2023-01-01,Oradea,14.2,8.4,0.0,0.0
2023-01-02,Oradea,13.2,6.8,0.0,0.0
2023-01-03,Oradea,8.8,5.5,0.4,0.0
2023-01-04,Oradea,9.6,4.8,2.3,0.0
2023-01-05,Oradea,6.8,4.2,5.3,0.0
2023-01-06,Oradea,7.8,2.2,0.0,0.0
2023-01-07,Oradea,9.6,3.8,0.0,0.0
2023-01-08,Oradea,9.4,3.5,0.0,0.0
2023-01-09,Oradea,10.4,7.2,0.4,0.0
2023-01-10,Oradea,8.7,5.4,8.7,0.0
2023-01-11,Oradea,9.6,4.3,1.6,0.0
2023-01-12,Oradea,7.6,3.5,0.0,0.0
2023-01-13,Oradea,7.7,2.8,0.0,0.0
2023-01-14,Oradea,6.3,2.4,0.0,0.0
2023-01-15,Oradea,6.8,2.7,0.0,0.0
2023-01-16,Oradea,9.2,4.4,3.2,0.0
2023-01-17,Oradea,10.7,5.5,1.3,0.0
2023-01-18,Oradea,11.1,6.5,2.6,0.0
2023-01-19,Oradea,10.6,2.2,10.1,0.0
2023-01-20,Oradea,5.8,1.4,10.2,0.0
2023-01-21,Oradea,4.1,1.1,0.7,0.0
2023-01-22,Oradea,10.2,-0.6,0.6,0.0
2023-01-23,Oradea,13.1,0.7,0.0,0.0
2023-01-24,Oradea,6.2,2.2,0.0,0.0
2023-01-25,Oradea,4.1,2.4,0.6,0.0
2023-01-26,Oradea,2.8,0.5,0.9,0.0
2023-01-27,Oradea,4.4,-0.4,1.0,0.0
2023-01-28,Oradea,3.5,-0.2,2.2,0.0
2023-01-29,Oradea,2.5,-3.3,0.0,0.0
2023-01-30,Oradea,0.8,-2.8,3.0,0.0
2023-01-31,Oradea,4.3,-1.4,4.4,0.0
2023-02-01,Oradea,6.3,-1.1,4.8,0.0
2023-02-02,Oradea,6.3,0.6,4.4,0.0
2023-02-03,Oradea,3.3,-2.6,10.7,0.0
2023-02-04,Oradea,3.3,-4.3,7.5,0.0
2023-02-05,Oradea,-1.2,-6.7,0.2,0.0
2023-02-06,Oradea,-0.3,-8.0,0.0,0.0
2023-02-07,Oradea,-0.2,-8.8,0.0,0.0
2023-02-08,Oradea,2.8,-6.3,0.0,0.0
2023-02-09,Oradea,1.8,-7.1,0.0,0.0
2023-02-10,Oradea,1.6,-10.8,0.0,0.0
2023-02-11,Oradea,2.7,-5.8,0.0,0.0
2023-02-12,Oradea,5.3,-3.9,0.5,0.0
2023-02-13,Oradea,5.4,-5.6,0.0,0.0
2023-02-14,Oradea,5.8,-2.5,0.0,0.0
2023-02-15,Oradea,7.4,-2.2,0.0,0.0
2023-02-16,Oradea,8.4,-2.0,0.0,0.0
2023-02-17,Oradea,7.6,-0.7,0.2,0.0
2023-02-18,Oradea,11.9,5.8,4.6,0.0
2023-02-19,Oradea,9.9,5.1,10.6,0.0
2023-02-20,Oradea,7.2,1.4,0.1,0.0
2023-02-21,Oradea,14.4,4.2,0.0,0.0
2023-02-22,Oradea,11.1,2.7,0.0,0.0
2023-02-23,Oradea,11.6,2.9,0.0,0.0
2023-02-24,Oradea,9.3,4.1,1.1,0.0
2023-02-25,Oradea,8.6,3.9,23.8,0.0
2023-02-26,Oradea,4.3,1.8,4.9,0.0
2023-02-27,Oradea,2.2,-1.4,6.8,0.0
2023-02-28,Oradea,4.2,-2.6,0.0,0.0
2023-03-01,Oradea,11.1,1.9,0.0,0.0
2023-03-02,Oradea,11.8,-0.1,0.0,0.0
2023-03-03,Oradea,9.4,3.9,0.2,0.0
2023-03-04,Oradea,10.1,2.3,0.1,0.0
2023-03-05,Oradea,6.2,-2.7,0.5,0.0
2023-03-06,Oradea,7.4,-0.9,0.1,0.0
2023-03-07,Oradea,8.6,2.9,0.6,0.0
2023-03-08,Oradea,11.9,5.2,1.6,0.0
2023-03-09,Oradea,13.9,8.3,5.0,0.0
2023-03-10,Oradea,16.3,6.7,0.2,0.0
2023-03-11,Oradea,9.6,4.1,6.1,0.0
2023-03-12,Oradea,6.3,0.1,0.0,0.0
2023-03-13,Oradea,10.7,-0.2,0.0,0.0
2023-03-14,Oradea,16.8,7.2,0.0,0.0
2023-03-15,Oradea,10.1,1.3,5.8,0.0
2023-03-16,Oradea,6.6,1.2,7.1,0.0
2023-03-17,Oradea,9.4,-1.7,0.0,0.0
2023-03-18,Oradea,12.1,0.6,0.0,0.0
2023-03-19,Oradea,14.9,2.2,0.0,0.0
2023-03-20,Oradea,16.5,6.1,0.0,0.0
2023-03-21,Oradea,16.8,6.7,1.5,0.0
2023-03-22,Oradea,16.4,5.8,0.0,0.0
2023-03-23,Oradea,17.4,5.8,0.0,0.0
2023-03-24,Oradea,20.2,8.6,0.0,0.0
2023-03-25,Oradea,14.6,9.4,3.9,0.0
2023-03-26,Oradea,14.6,5.4,0.3,0.0
2023-03-27,Oradea,10.9,1.4,12.8,0.0
2023-03-28,Oradea,6.8,0.0,4.6,0.0
2023-03-29,Oradea,6.2,-1.9,0.0,0.0
2023-03-30,Oradea,11.2,-0.2,0.9,0.0
2023-03-31,Oradea,16.2,7.2,7.4,0.0
2023-04-01,Oradea,13.7,8.9,5.7,0.0
2023-04-02,Oradea,13.9,6.9,8.3,0.0
2023-04-03,Oradea,9.9,1.2,0.4,0.0
2023-04-04,Oradea,4.2,0.3,3.4,0.0
2023-04-05,Oradea,6.2,0.4,0.5,0.0
2023-04-06,Oradea,1.5,-0.3,7.0,0.0
2023-04-07,Oradea,4.7,0.3,2.6,0.0
2023-04-08,Oradea,8.0,-0.6,0.2,0.0
2023-04-09,Oradea,12.4,1.2,0.2,0.0
2023-04-10,Oradea,13.2,2.0,0.2,0.0
2023-04-11,Oradea,13.1,3.7,0.9,0.0
2023-04-12,Oradea,10.6,5.8,0.5,0.0
2023-04-13,Oradea,17.4,4.0,0.0,0.0
2023-04-14,Oradea,19.5,7.4,2.9,0.0
2023-04-15,Oradea,15.4,5.4,0.8,0.0
2023-04-16,Oradea,19.7,5.9,0.9,0.0
2023-04-17,Oradea,18.5,9.4,3.3,0.0
2023-04-18,Oradea,17.5,8.3,0.3,0.0
2023-04-19,Oradea,16.4,7.1,0.2,0.0
2023-04-20,Oradea,17.5,5.2,0.1,0.0
2023-04-21,Oradea,18.0,6.6,0.0,0.0
2023-04-22,Oradea,19.0,6.8,0.0,0.0
2023-04-23,Oradea,19.4,7.8,0.1,0.0
2023-04-24,Oradea,15.1,10.1,6.6,0.0
2023-04-25,Oradea,12.2,8.2,15.2,0.0
2023-04-26,Oradea,12.4,6.1,0.2,0.0
2023-04-27,Oradea,11.0,4.5,0.0,0.0
2023-04-28,Oradea,14.4,1.8,0.0,0.0
2023-04-29,Oradea,17.0,7.8,0.7,0.0
2023-04-30,Oradea,19.1,7.3,0.5,0.0
2023-05-01,Oradea,20.8,7.7,0.0,0.0
2023-05-02,Oradea,22.7,12.4,0.0,0.0
2023-05-03,Oradea,21.7,12.9,0.0,0.0
2023-05-04,Oradea,19.6,11.3,2.2,0.0
2023-05-05,Oradea,19.9,10.1,0.8,0.0
2023-05-06,Oradea,22.6,9.8,0.0,0.0
2023-05-07,Oradea,21.4,10.8,2.0,0.0
2023-05-08,Oradea,16.1,6.3,1.6,0.0
2023-05-09,Oradea,15.8,8.2,3.5,0.0
2023-05-10,Oradea,18.3,6.2,0.0,0.0
2023-05-11,Oradea,20.1,10.6,0.0,0.0
2023-05-12,Oradea,13.6,10.4,3.0,0.0
2023-05-13,Oradea,15.4,9.8,6.6,0.0
2023-05-14,Oradea,20.3,8.5,7.6,0.0
2023-05-15,Oradea,19.1,13.9,12.8,0.0
2023-05-16,Oradea,21.5,13.8,3.9,0.0
2023-05-17,Oradea,20.6,14.2,18.2,0.0
2023-05-18,Oradea,17.6,12.0,11.1,0.0
2023-05-19,Oradea,22.8,9.9,1.7,0.0
2023-05-20,Oradea,25.0,12.7,0.0,0.0
2023-05-21,Oradea,25.4,15.2,0.0,0.0
2023-05-22,Oradea,24.0,14.4,11.1,0.0
2023-05-23,Oradea,23.8,13.6,0.1,0.0
2023-05-24,Oradea,21.9,14.1,5.0,0.0
2023-05-25,Oradea,23.4,13.8,0.3,0.0
2023-05-26,Oradea,25.4,13.2,0.1,0.0
2023-05-27,Oradea,23.6,15.1,1.2,0.0
2023-05-28,Oradea,22.8,13.4,5.8,0.0
2023-05-29,Oradea,24.0,13.4,0.0,0.0
2023-05-30,Oradea,23.7,14.1,0.3,0.0
2023-05-31,Oradea,24.2,13.6,2.7,0.0
2023-06-01,Oradea,24.9,13.4,0.3,0.0
2023-06-02,Oradea,25.5,15.4,1.3,0.0
2023-06-03,Oradea,22.9,13.9,0.0,0.0
2023-06-04,Oradea,23.6,11.3,0.0,0.0
2023-06-05,Oradea,25.8,12.6,0.0,0.0
2023-06-06,Oradea,20.0,16.1,9.5,0.0
2023-06-07,Oradea,23.1,15.0,7.9,0.0
2023-06-08,Oradea,24.7,14.9,2.3,0.0
2023-06-09,Oradea,22.4,16.1,10.7,0.0
2023-06-10,Oradea,23.0,15.2,4.8,0.0
2023-06-11,Oradea,24.5,14.3,3.3,0.0
2023-06-12,Oradea,21.1,14.0,0.1,0.0
2023-06-13,Oradea,19.5,11.3,0.0,0.0
2023-06-14,Oradea,21.8,9.8,0.0,0.0
2023-06-15,Oradea,23.4,14.3,1.4,0.0
2023-06-16,Oradea,21.0,15.5,3.1,0.0
2023-06-17,Oradea,19.9,13.9,1.2,0.0
2023-06-18,Oradea,24.6,13.9,0.6,0.0
2023-06-19,Oradea,26.2,15.3,0.0,0.0
2023-06-20,Oradea,27.5,16.2,0.0,0.0
2023-06-21,Oradea,29.2,17.4,0.0,0.0
2023-06-22,Oradea,28.1,19.2,0.2,0.0
2023-06-23,Oradea,32.0,20.2,0.6,0.0
2023-06-24,Oradea,26.8,19.0,8.5,0.0
2023-06-25,Oradea,24.2,18.2,2.9,0.0
2023-06-26,Oradea,25.4,15.2,0.1,0.0
2023-06-27,Oradea,27.5,16.8,5.0,0.0
2023-06-28,Oradea,22.1,15.1,1.8,0.0
2023-06-29,Oradea,22.1,12.1,0.1,0.0
2023-06-30,Oradea,26.8,15.2,0.0,0.0
2023-07-01,Oradea,28.5,18.0,0.0,0.0
2023-07-02,Oradea,25.9,17.4,7.7,0.0
2023-07-03,Oradea,27.2,16.0,0.0,0.0
2023-07-04,Oradea,26.9,16.5,0.1,0.0
2023-07-05,Oradea,29.0,18.5,2.2,0.0
2023-07-06,Oradea,26.8,18.4,4.8,0.0
2023-07-07,Oradea,24.6,17.8,2.3,0.0
2023-07-08,Oradea,26.0,16.9,0.0,0.0
2023-07-09,Oradea,28.4,14.9,0.0,0.0
2023-07-10,Oradea,30.1,18.3,0.0,0.0
2023-07-11,Oradea,29.6,19.2,0.1,0.0
2023-07-12,Oradea,30.9,19.1,7.5,0.0
2023-07-13,Oradea,29.0,21.1,5.8,0.0
2023-07-14,Oradea,27.0,18.1,0.0,0.0
2023-07-15,Oradea,30.1,18.2,0.0,0.0
2023-07-16,Oradea,32.3,20.5,0.0,0.0
2023-07-17,Oradea,33.5,23.8,0.0,0.0
2023-07-18,Oradea,30.5,19.5,0.0,0.0
2023-07-19,Oradea,31.0,22.2,0.0,0.0
2023-07-20,Oradea,30.5,20.5,0.5,0.0
2023-07-21,Oradea,29.2,17.2,1.4,0.0
2023-07-22,Oradea,27.4,18.8,13.5,0.0
2023-07-23,Oradea,28.1,17.6,0.0,0.0
2023-07-24,Oradea,30.8,19.1,0.1,0.0
2023-07-25,Oradea,33.3,21.3,4.4,0.0
2023-07-26,Oradea,25.5,17.0,11.7,0.0
2023-07-27,Oradea,22.0,13.6,0.1,0.0
2023-07-28,Oradea,26.0,13.9,0.0,0.0
2023-07-29,Oradea,28.0,18.6,0.2,0.0
2023-07-30,Oradea,29.1,19.0,3.1,0.0
2023-07-31,Oradea,26.0,16.6,0.5,0.0
2023-08-01,Oradea,27.4,16.1,0.0,0.0
2023-08-02,Oradea,26.0,17.5,1.0,0.0
2023-08-03,Oradea,30.4,18.4,0.1,0.0
2023-08-04,Oradea,33.6,21.2,1.8,0.0
2023-08-05,Oradea,33.7,21.5,0.5,0.0
2023-08-06,Oradea,21.3,16.8,5.4,0.0
2023-08-07,Oradea,21.9,14.8,0.0,0.0
2023-08-08,Oradea,21.5,13.7,0.3,0.0
2023-08-09,Oradea,24.6,13.3,0.0,0.0
2023-08-10,Oradea,25.5,15.0,2.7,0.0
2023-08-11,Oradea,24.0,14.6,0.1,0.0
2023-08-12,Oradea,25.8,13.4,0.0,0.0
2023-08-13,Oradea,27.6,14.6,0.0,0.0
2023-08-14,Oradea,29.8,17.1,0.0,0.0
2023-08-15,Oradea,31.3,19.7,0.5,0.0
2023-08-16,Oradea,28.9,17.4,2.3,0.0
2023-08-17,Oradea,29.1,19.9,4.6,0.0
2023-08-18,Oradea,31.2,20.2,1.8,0.0
2023-08-19,Oradea,31.6,20.2,0.0,0.0
2023-08-20,Oradea,32.2,20.1,0.3,0.0
2023-08-21,Oradea,31.8,21.5,0.0,0.0
2023-08-22,Oradea,33.6,21.2,0.0,0.0
2023-08-23,Oradea,34.8,22.1,4.2,0.0
2023-08-24,Oradea,29.8,20.9,0.0,0.0
2023-08-25,Oradea,31.1,17.9,0.0,0.0
2023-08-26,Oradea,34.0,23.0,0.1,0.0
2023-08-27,Oradea,34.9,23.5,0.0,0.0
2023-08-28,Oradea,35.8,24.5,0.0,0.0
2023-08-29,Oradea,32.7,20.0,6.7,0.0
2023-08-30,Oradea,24.0,16.9,7.5,0.0
2023-08-31,Oradea,22.7,15.9,0.7,0.0
2023-09-01,Oradea,25.0,13.1,0.0,0.0
2023-09-02,Oradea,27.4,16.8,0.0,0.0
2023-09-03,Oradea,22.6,15.6,10.4,0.0
2023-09-04,Oradea,22.5,13.4,0.1,0.0
2023-09-05,Oradea,25.2,14.3,0.0,0.0
2023-09-06,Oradea,25.8,13.9,0.0,0.0
2023-09-07,Oradea,26.8,13.0,0.0,0.0
2023-09-08,Oradea,27.0,14.8,0.0,0.0
2023-09-09,Oradea,27.2,14.4,0.0,0.0
2023-09-10,Oradea,27.6,14.9,0.0,0.0
2023-09-11,Oradea,28.4,17.1,0.0,0.0
2023-09-12,Oradea,29.1,18.1,0.0,0.0
2023-09-13,Oradea,30.0,19.4,0.0,0.0
2023-09-14,Oradea,26.6,18.0,10.6,0.0
2023-09-15,Oradea,21.5,16.8,1.5,0.0
2023-09-16,Oradea,24.6,14.8,0.0,0.0
2023-09-17,Oradea,25.4,16.8,1.9,0.0
2023-09-18,Oradea,26.5,16.4,0.0,0.0
2023-09-19,Oradea,24.5,16.5,0.6,0.0
2023-09-20,Oradea,25.0,14.6,0.0,0.0
2023-09-21,Oradea,25.5,15.5,0.0,0.0
2023-09-22,Oradea,27.1,18.5,5.5,0.0
2023-09-23,Oradea,29.5,18.7,4.7,0.0
2023-09-24,Oradea,22.1,17.1,9.9,0.0
2023-09-25,Oradea,26.2,14.8,0.0,0.0
2023-09-26,Oradea,27.4,15.9,0.0,0.0
2023-09-27,Oradea,26.9,12.8,0.0,0.0
2023-09-28,Oradea,26.1,13.1,0.0,0.0
2023-09-29,Oradea,25.9,14.1,0.0,0.0
2023-09-30,Oradea,25.0,13.5,0.0,0.0
2023-10-01,Oradea,20.6,12.7,0.0,0.0
2023-10-02,Oradea,20.0,9.4,0.0,0.0
2023-10-03,Oradea,22.1,11.6,0.0,0.0
2023-10-04,Oradea,21.3,13.0,6.9,0.0
2023-10-05,Oradea,20.4,9.6,0.0,0.0
2023-10-06,Oradea,19.1,7.8,0.0,0.0
2023-10-07,Oradea,20.6,10.0,0.0,0.0
2023-10-08,Oradea,21.3,10.0,0.1,0.0
2023-10-09,Oradea,11.9,4.2,0.3,0.0
2023-10-10,Oradea,16.6,7.4,0.0,0.0
2023-10-11,Oradea,19.5,8.6,0.0,0.0
2023-10-12,Oradea,22.9,11.9,0.0,0.0
2023-10-13,Oradea,23.3,15.1,0.0,0.0
2023-10-14,Oradea,24.2,15.4,0.0,0.0
2023-10-15,Oradea,16.5,9.1,4.2,0.0
2023-10-16,Oradea,12.4,4.1,0.0,0.0
2023-10-17,Oradea,13.1,3.5,0.0,0.0
2023-10-18,Oradea,14.9,3.0,0.0,0.0
2023-10-19,Oradea,17.0,7.8,3.1,0.0
2023-10-20,Oradea,24.6,17.2,0.0,0.0
2023-10-21,Oradea,25.5,19.5,0.0,0.0
2023-10-22,Oradea,23.0,12.6,0.3,0.0
2023-10-23,Oradea,21.1,10.9,0.0,0.0
2023-10-24,Oradea,22.5,14.1,0.0,0.0
2023-10-25,Oradea,19.2,13.4,3.1,0.0
2023-10-26,Oradea,19.0,13.6,0.9,0.0
2023-10-27,Oradea,18.0,11.3,11.5,0.0
2023-10-28,Oradea,17.4,9.9,5.3,0.0
2023-10-29,Oradea,19.8,10.8,0.0,0.0
2023-10-30,Oradea,21.2,14.4,0.0,0.0
2023-10-31,Oradea,21.8,14.2,3.1,0.0
2023-11-01,Oradea,14.9,8.9,0.0,0.0
2023-11-02,Oradea,17.0,8.1,0.0,0.0
2023-11-03,Oradea,20.0,12.3,9.6,0.0
2023-11-04,Oradea,15.2,8.9,1.0,0.0
2023-11-05,Oradea,13.6,8.8,11.1,0.0
2023-11-06,Oradea,15.5,8.8,9.1,0.0
2023-11-07,Oradea,16.1,9.3,3.3,0.0
2023-11-08,Oradea,11.6,5.8,7.0,0.0
2023-11-09,Oradea,12.1,3.8,0.0,0.0
2023-11-10,Oradea,13.9,6.0,0.0,0.0
2023-11-11,Oradea,11.0,6.8,9.5,0.0
2023-11-12,Oradea,8.6,3.3,11.3,0.0
2023-11-13,Oradea,9.6,3.1,0.7,0.0
2023-11-14,Oradea,12.1,8.4,8.0,0.0
2023-11-15,Oradea,12.5,8.0,14.8,0.0
2023-11-16,Oradea,10.8,4.8,0.1,0.0
2023-11-17,Oradea,10.2,6.7,15.4,0.0
2023-11-18,Oradea,6.2,2.5,20.9,0.0
2023-11-19,Oradea,3.8,-1.5,0.0,0.0
2023-11-20,Oradea,8.6,2.5,6.4,0.0
2023-11-21,Oradea,10.9,4.8,0.0,0.0
2023-11-22,Oradea,8.4,-1.2,0.0,0.0
2023-11-23,Oradea,3.8,-4.1,0.0,0.0
2023-11-24,Oradea,6.2,-0.2,1.1,0.0
2023-11-25,Oradea,4.4,-0.4,0.0,0.0
2023-11-26,Oradea,2.7,-4.1,0.2,0.0
2023-11-27,Oradea,1.5,-4.6,3.4,0.0
2023-11-28,Oradea,6.8,2.0,11.3,0.0
2023-11-29,Oradea,3.0,-3.0,1.8,0.0
2023-11-30,Oradea,6.1,-2.3,6.4,0.0
2023-12-01,Oradea,10.4,6.4,29.6,0.0
2023-12-02,Oradea,17.1,4.6,6.0,0.0
2023-12-03,Oradea,2.9,-0.3,0.0,0.0
2023-12-04,Oradea,0.2,-5.2,0.0,0.0
2023-12-05,Oradea,4.0,-3.5,0.0,0.0
2023-12-06,Oradea,5.7,-2.8,0.7,0.0
2023-12-07,Oradea,2.5,0.9,5.6,0.0
2023-12-08,Oradea,4.2,-0.6,0.5,0.0
2023-12-09,Oradea,3.5,-2.2,0.0,0.0
2023-12-10,Oradea,4.3,-1.2,1.9,0.0
2023-12-11,Oradea,5.4,0.1,0.3,0.0
2023-12-12,Oradea,8.2,4.4,6.0,0.0
2023-12-13,Oradea,9.0,5.4,31.2,0.0
2023-12-14,Oradea,6.7,2.0,6.2,0.0
2023-12-15,Oradea,4.8,-1.2,0.0,0.0
2023-12-16,Oradea,4.2,-2.8,0.0,0.0
2023-12-17,Oradea,4.1,-1.8,0.0,0.0
2023-12-18,Oradea,5.8,0.2,0.0,0.0
2023-12-19,Oradea,7.5,0.4,0.0,0.0
2023-12-20,Oradea,5.7,-1.2,0.1,0.0
2023-12-21,Oradea,3.8,-1.4,0.7,0.0
2023-12-22,Oradea,6.5,2.7,4.6,0.0
2023-12-23,Oradea,4.1,0.2,6.3,0.0
2023-12-24,Oradea,6.1,0.3,4.5,0.0
2023-12-25,Oradea,11.1,6.2,1.3,0.0
2023-12-26,Oradea,11.8,6.8,0.0,0.0
2023-12-27,Oradea,9.3,3.4,0.0,0.0
2023-12-28,Oradea,10.5,3.0,0.0,0.0
2023-12-29,Oradea,9.8,3.7,0.0,0.0
2023-12-30,Oradea,9.6,4.3,0.0,0.0
2023-12-31,Oradea,11.4,3.8,0.0,0.0
2024-01-01,Oradea,9.6,3.4,1.2,0.0
2024-01-02,Oradea,6.8,1.9,0.0,0.0
2024-01-03,Oradea,10.4,6.1,5.9,0.0
2024-01-04,Oradea,11.0,5.3,2.4,0.0
2024-01-05,Oradea,10.0,2.8,0.0,0.0
2024-01-06,Oradea,12.9,7.1,4.4,0.0
2024-01-07,Oradea,8.9,1.2,2.4,0.0
2024-01-08,Oradea,1.4,-3.2,1.8,0.0
2024-01-09,Oradea,3.9,-3.8,0.1,0.0
2024-01-10,Oradea,1.2,-6.0,0.0,0.0
2024-01-11,Oradea,-0.3,-5.9,0.0,0.0
2024-01-12,Oradea,1.1,-4.4,0.3,0.0
2024-01-13,Oradea,-0.4,-4.0,0.2,0.0
2024-01-14,Oradea,1.5,-3.8,0.0,0.0
2024-01-15,Oradea,3.1,-2.7,1.9,0.0
2024-01-16,Oradea,3.3,-2.5,0.7,0.0
2024-01-17,Oradea,6.2,-2.0,3.9,0.0
2024-01-18,Oradea,12.1,5.5,13.9,0.0
2024-01-19,Oradea,8.7,-2.3,11.4,0.0
2024-01-20,Oradea,1.5,-3.8,0.0,0.0
2024-01-21,Oradea,2.5,-4.8,0.0,0.0
2024-01-22,Oradea,4.2,-4.7,0.0,0.0
2024-01-23,Oradea,1.4,-3.8,0.2,0.0
2024-01-24,Oradea,2.9,-1.6,5.7,0.0
2024-01-25,Oradea,8.9,0.1,0.2,0.0
2024-01-26,Oradea,6.4,-1.0,0.0,0.0
2024-01-27,Oradea,6.3,1.5,6.9,0.0
2024-01-28,Oradea,5.3,-1.0,0.8,0.0
2024-01-29,Oradea,5.8,-4.1,0.0,0.0
2024-01-30,Oradea,5.4,-2.5,0.0,0.0
2024-01-31,Oradea,5.4,-3.5,0.0,0.0
2024-02-01,Oradea,4.7,-2.9,1.5,0.0
2024-02-02,Oradea,5.5,-0.6,0.6,0.0
2024-02-03,Oradea,7.7,0.2,0.6,0.0
2024-02-04,Oradea,11.6,3.5,0.6,0.0
2024-02-05,Oradea,12.4,8.5,0.3,0.0
2024-02-06,Oradea,13.1,6.2,0.0,0.0
2024-02-07,Oradea,12.1,4.3,0.0,0.0
2024-02-08,Oradea,12.6,5.3,0.1,0.0
2024-02-09,Oradea,13.6,7.8,0.1,0.0
2024-02-10,Oradea,15.8,9.0,2.2,0.0
2024-02-11,Oradea,17.8,10.8,0.8,0.0
2024-02-12,Oradea,13.4,5.9,0.6,0.0
2024-02-13,Oradea,9.6,4.7,1.8,0.0
2024-02-14,Oradea,8.6,0.8,0.0,0.0
2024-02-15,Oradea,9.3,-2.2,0.0,0.0
2024-02-16,Oradea,11.2,-0.8,0.0,0.0
2024-02-17,Oradea,12.9,0.9,0.0,0.0
2024-02-18,Oradea,10.2,1.5,0.0,0.0
2024-02-19,Oradea,10.4,0.1,0.9,0.0
2024-02-20,Oradea,9.6,4.2,1.4,0.0
2024-02-21,Oradea,8.6,3.3,5.8,0.0
2024-02-22,Oradea,11.2,2.6,0.3,0.0
2024-02-23,Oradea,11.9,8.9,0.7,0.0
2024-02-24,Oradea,14.1,10.2,3.9,0.0
2024-02-25,Oradea,15.8,9.0,0.4,0.0
2024-02-26,Oradea,18.0,5.2,0.0,0.0
2024-02-27,Oradea,19.4,9.3,0.0,0.0
2024-02-28,Oradea,17.7,6.9,0.0,0.0
2024-02-29,Oradea,18.2,7.2,0.0,0.0
2024-03-01,Oradea,17.5,8.4,0.0,0.0
2024-03-02,Oradea,13.7,9.2,0.3,0.0
2024-03-03,Oradea,15.2,6.6,0.2,0.0
2024-03-04,Oradea,16.5,7.3,0.0,0.0
2024-03-05,Oradea,16.5,4.8,0.3,0.0
2024-03-06,Oradea,12.4,4.2,0.0,0.0
2024-03-07,Oradea,7.7,5.6,6.7,0.0
2024-03-08,Oradea,8.2,3.1,0.2,0.0
2024-03-09,Oradea,11.9,2.5,0.0,0.0
2024-03-10,Oradea,15.9,5.8,1.0,0.0
2024-03-11,Oradea,17.6,10.6,2.1,0.0
2024-03-12,Oradea,14.4,6.4,0.6,0.0
2024-03-13,Oradea,10.4,4.3,1.9,0.0
2024-03-14,Oradea,10.1,3.2,0.0,0.0
2024-03-15,Oradea,12.9,5.7,0.5,0.0
2024-03-16,Oradea,14.4,4.8,0.0,0.0
2024-03-17,Oradea,12.2,5.6,5.8,0.0
2024-03-18,Oradea,8.2,1.0,0.1,0.0
2024-03-19,Oradea,7.9,-0.3,0.0,0.0
2024-03-20,Oradea,11.8,-0.7,0.0,0.0
2024-03-21,Oradea,13.9,2.3,0.0,0.0
2024-03-22,Oradea,14.8,3.2,0.2,0.0
2024-03-23,Oradea,17.3,7.2,0.0,0.0
2024-03-24,Oradea,13.5,3.5,1.7,0.0
2024-03-25,Oradea,11.1,1.0,0.8,0.0
2024-03-26,Oradea,14.4,1.8,0.0,0.0
2024-03-27,Oradea,19.0,7.8,0.0,0.0
2024-03-28,Oradea,16.5,11.4,6.8,0.0
2024-03-29,Oradea,19.1,7.1,0.7,0.0
2024-03-30,Oradea,24.5,13.6,0.0,0.0
2024-03-31,Oradea,24.8,15.7,0.0,0.0
2024-04-01,Oradea,25.5,16.5,0.0,0.0
2024-04-02,Oradea,20.7,9.0,6.6,0.0
2024-04-03,Oradea,17.1,7.4,0.2,0.0
2024-04-04,Oradea,16.6,10.3,1.9,0.0
2024-04-05,Oradea,19.0,9.8,3.1,0.0
2024-04-06,Oradea,19.0,12.1,0.1,0.0
2024-04-07,Oradea,22.2,11.6,0.0,0.0
2024-04-08,Oradea,23.5,12.4,0.0,0.0
2024-04-09,Oradea,25.4,12.1,0.0,0.0
2024-04-10,Oradea,25.8,12.6,0.0,0.0
2024-04-11,Oradea,22.6,11.8,0.0,0.0
2024-04-12,Oradea,21.6,10.6,0.0,0.0
2024-04-13,Oradea,23.5,9.7,0.0,0.0
2024-04-14,Oradea,25.0,12.3,0.0,0.0
2024-04-15,Oradea,27.2,15.8,0.0,0.0
2024-04-16,Oradea,20.1,7.7,6.7,0.0
2024-04-17,Oradea,10.6,6.3,7.6,0.0
2024-04-18,Oradea,9.0,4.0,4.3,0.0
2024-04-19,Oradea,11.2,2.5,3.8,0.0
2024-04-20,Oradea,14.1,3.7,0.0,0.0
2024-04-21,Oradea,15.2,3.2,0.1,0.0
2024-04-22,Oradea,10.2,5.1,5.5,0.0
2024-04-23,Oradea,17.8,3.3,3.5,0.0
2024-04-24,Oradea,14.9,8.3,5.1,0.0
2024-04-25,Oradea,14.2,5.1,0.2,0.0
2024-04-26,Oradea,15.6,4.1,0.0,0.0
2024-04-27,Oradea,19.8,6.9,0.0,0.0
2024-04-28,Oradea,23.0,10.9,0.0,0.0
2024-04-29,Oradea,25.2,12.0,0.0,0.0
2024-04-30,Oradea,23.5,10.4,0.0,0.0
2024-05-01,Oradea,23.8,9.9,0.0,0.0
2024-05-02,Oradea,23.9,11.9,0.0,0.0
2024-05-03,Oradea,23.0,13.8,0.5,0.0
2024-05-04,Oradea,23.5,10.6,0.1,0.0
2024-05-05,Oradea,23.6,13.2,0.5,0.0
2024-05-06,Oradea,24.1,13.8,0.0,0.0
2024-05-07,Oradea,22.6,13.5,2.0,0.0
2024-05-08,Oradea,19.5,12.9,3.0,0.0
2024-05-09,Oradea,18.5,11.6,7.9,0.0
2024-05-10,Oradea,20.8,8.3,0.2,0.0
2024-05-11,Oradea,21.5,9.6,0.0,0.0
2024-05-12,Oradea,20.1,12.1,0.0,0.0
2024-05-13,Oradea,20.5,7.1,0.0,0.0
2024-05-14,Oradea,21.5,8.8,0.0,0.0
2024-05-15,Oradea,20.1,11.2,2.1,0.0
2024-05-16,Oradea,22.4,8.5,0.0,0.0
2024-05-17,Oradea,20.4,12.1,6.4,0.0
2024-05-18,Oradea,22.1,12.1,0.5,0.0
2024-05-19,Oradea,24.9,13.9,4.8,0.0
2024-05-20,Oradea,23.9,14.9,7.3,0.0
2024-05-21,Oradea,26.2,13.2,0.0,0.0
2024-05-22,Oradea,22.4,15.4,12.1,0.0
2024-05-23,Oradea,22.4,14.4,1.6,0.0
2024-05-24,Oradea,22.5,13.6,2.0,0.0
2024-05-25,Oradea,26.0,13.2,0.2,0.0
2024-05-26,Oradea,25.9,14.2,0.2,0.0
2024-05-27,Oradea,25.4,13.6,1.4,0.0
2024-05-28,Oradea,23.5,13.1,0.1,0.0
2024-05-29,Oradea,24.4,12.1,0.5,0.0
2024-05-30,Oradea,22.3,13.9,4.3,0.0
2024-05-31,Oradea,25.5,15.9,0.3,0.0
2024-06-01,Oradea,26.4,16.1,2.4,0.0
2024-06-02,Oradea,23.5,14.1,1.6,0.0
2024-06-03,Oradea,25.1,14.8,0.5,0.0
2024-06-04,Oradea,21.5,15.8,2.6,0.0
2024-06-05,Oradea,23.8,14.9,0.3,0.0
2024-06-06,Oradea,27.0,15.7,0.0,0.0
2024-06-07,Oradea,28.1,17.5,0.4,0.0
2024-06-08,Oradea,27.9,16.9,0.0,0.0
2024-06-09,Oradea,27.1,18.9,13.8,0.0
2024-06-10,Oradea,28.3,20.5,3.6,0.0
2024-06-11,Oradea,24.2,16.1,2.4,0.0
2024-06-12,Oradea,24.4,15.6,9.5,0.0
2024-06-13,Oradea,21.7,14.6,7.6,0.0
2024-06-14,Oradea,19.7,12.5,1.5,0.0
2024-06-15,Oradea,25.0,11.2,0.0,0.0
2024-06-16,Oradea,27.0,15.5,0.4,0.0
2024-06-17,Oradea,25.6,15.9,0.0,0.0
2024-06-18,Oradea,29.0,17.0,0.0,0.0
2024-06-19,Oradea,31.9,20.3,0.0,0.0
2024-06-20,Oradea,28.4,20.9,0.0,0.0
2024-06-21,Oradea,32.0,18.5,0.0,0.0
2024-06-22,Oradea,33.7,23.2,0.0,0.0
2024-06-23,Oradea,28.0,20.2,0.2,0.0
2024-06-24,Oradea,27.6,19.6,0.0,0.0
2024-06-25,Oradea,29.8,17.1,0.4,0.0
2024-06-26,Oradea,29.9,20.2,0.5,0.0
2024-06-27,Oradea,28.4,19.4,0.3,0.0
2024-06-28,Oradea,28.4,18.6,1.3,0.0
2024-06-29,Oradea,29.1,19.4,0.5,0.0
2024-06-30,Oradea,31.5,21.0,0.0,0.0
2024-07-01,Oradea,30.0,22.1,0.8,0.0
2024-07-02,Oradea,22.5,15.4,16.1,0.0
2024-07-03,Oradea,19.9,15.1,3.0,0.0
2024-07-04,Oradea,24.2,12.0,0.1,0.0
2024-07-05,Oradea,27.0,13.9,0.0,0.0
2024-07-06,Oradea,30.1,17.7,0.0,0.0
2024-07-07,Oradea,31.7,20.8,0.1,0.0
2024-07-08,Oradea,31.5,22.9,1.8,0.0
2024-07-09,Oradea,32.4,20.9,0.0,0.0
2024-07-10,Oradea,33.0,22.3,1.8,0.0
2024-07-11,Oradea,34.7,21.2,0.0,0.0
2024-07-12,Oradea,34.4,23.0,0.0,0.0
2024-07-13,Oradea,36.2,25.5,0.0,0.0
2024-07-14,Oradea,36.7,24.9,0.0,0.0
2024-07-15,Oradea,34.5,21.1,0.0,0.0
2024-07-16,Oradea,36.6,24.0,0.0,0.0
2024-07-17,Oradea,35.2,23.9,0.8,0.0
2024-07-18,Oradea,32.5,22.0,0.2,0.0
2024-07-19,Oradea,31.5,21.4,0.0,0.0
2024-07-20,Oradea,29.2,19.2,0.0,0.0
2024-07-21,Oradea,27.8,20.1,1.5,0.0
2024-07-22,Oradea,29.8,18.9,0.0,0.0
2024-07-23,Oradea,30.5,19.8,0.0,0.0
2024-07-24,Oradea,28.9,20.0,0.3,0.0
2024-07-25,Oradea,24.9,16.4,0.5,0.0
2024-07-26,Oradea,26.0,15.9,0.1,0.0
2024-07-27,Oradea,29.4,15.1,0.0,0.0
2024-07-28,Oradea,32.9,20.1,0.0,0.0
2024-07-29,Oradea,25.9,17.9,0.0,0.0
2024-07-30,Oradea,25.6,15.4,0.0,0.0
2024-07-31,Oradea,28.2,13.9,0.0,0.0
2024-08-01,Oradea,31.1,19.3,0.0,0.0
2024-08-02,Oradea,32.9,21.5,0.9,0.0
2024-08-03,Oradea,24.5,17.0,4.7,0.0
2024-08-04,Oradea,24.6,16.1,0.6,0.0
2024-08-05,Oradea,27.5,16.5,2.4,0.0
2024-08-06,Oradea,22.1,12.7,0.3,0.0
2024-08-07,Oradea,26.8,14.2,0.0,0.0
2024-08-08,Oradea,29.1,17.0,0.0,0.0
2024-08-09,Oradea,27.1,19.9,0.1,0.0
2024-08-10,Oradea,27.6,18.1,0.0,0.0
2024-08-11,Oradea,30.8,19.9,0.0,0.0
2024-08-12,Oradea,31.0,18.9,0.0,0.0
2024-08-13,Oradea,33.3,21.4,0.0,0.0
2024-08-14,Oradea,33.3,20.7,0.0,0.0
2024-08-15,Oradea,34.7,19.8,0.0,0.0
2024-08-16,Oradea,32.7,21.7,0.2,0.0
2024-08-17,Oradea,33.6,21.6,0.3,0.0
2024-08-18,Oradea,31.8,20.8,5.1,0.0
2024-08-19,Oradea,33.9,22.2,0.0,0.0
2024-08-20,Oradea,34.0,21.7,0.0,0.0
2024-08-21,Oradea,31.3,22.1,0.4,0.0
2024-08-22,Oradea,27.0,18.8,0.0,0.0
2024-08-23,Oradea,29.0,15.4,0.0,0.0
2024-08-24,Oradea,31.4,18.2,0.0,0.0
2024-08-25,Oradea,32.8,18.9,0.0,0.0
2024-08-26,Oradea,34.5,20.0,0.0,0.0
2024-08-27,Oradea,30.6,19.8,0.1,0.0
2024-08-28,Oradea,31.0,20.0,0.0,0.0
2024-08-29,Oradea,30.9,20.0,0.0,0.0
2024-08-30,Oradea,31.3,20.5,0.0,0.0
2024-08-31,Oradea,31.6,18.0,0.0,0.0
2024-09-01,Oradea,31.0,21.0,0.0,0.0
2024-09-02,Oradea,31.7,16.5,0.0,0.0
2024-09-03,Oradea,32.6,18.5,0.0,0.0
2024-09-04,Oradea,32.0,19.5,0.0,0.0
2024-09-05,Oradea,29.5,18.1,0.0,0.0
2024-09-06,Oradea,29.9,17.0,0.0,0.0
2024-09-07,Oradea,29.1,19.9,0.0,0.0
2024-09-08,Oradea,29.5,19.4,0.0,0.0
2024-09-09,Oradea,28.6,19.2,1.1,0.0
2024-09-10,Oradea,20.1,16.4,9.7,0.0
2024-09-11,Oradea,19.6,15.2,4.6,0.0
2024-09-12,Oradea,23.8,14.4,0.0,0.0
2024-09-13,Oradea,27.5,13.1,5.4,0.0
2024-09-14,Oradea,12.6,9.6,9.9,0.0
2024-09-15,Oradea,12.9,10.4,8.7,0.0
2024-09-16,Oradea,15.8,8.8,2.0,0.0
2024-09-17,Oradea,19.0,8.5,0.0,0.0
2024-09-18,Oradea,23.9,14.9,0.6,0.0
2024-09-19,Oradea,22.1,12.4,0.0,0.0
2024-09-20,Oradea,23.1,11.9,0.0,0.0
2024-09-21,Oradea,22.2,9.5,0.0,0.0
2024-09-22,Oradea,23.6,10.1,0.0,0.0
2024-09-23,Oradea,24.9,12.8,0.0,0.0
2024-09-24,Oradea,26.1,15.9,0.3,0.0
2024-09-25,Oradea,21.1,15.6,3.2,0.0
2024-09-26,Oradea,24.6,15.4,0.0,0.0
2024-09-27,Oradea,27.2,18.7,0.0,0.0
2024-09-28,Oradea,27.0,15.0,13.3,0.0
2024-09-29,Oradea,14.6,10.4,10.5,0.0
2024-09-30,Oradea,14.9,7.4,0.0,0.0
2024-10-01,Oradea,14.1,4.0,0.0,0.0
2024-10-02,Oradea,17.5,5.4,0.0,0.0
2024-10-03,Oradea,15.8,12.2,13.0,0.0
2024-10-04,Oradea,20.9,13.1,7.8,0.0
2024-10-05,Oradea,16.5,11.3,0.4,0.0
2024-10-06,Oradea,14.0,9.7,2.3,0.0
2024-10-07,Oradea,16.1,9.7,0.1,0.0
2024-10-08,Oradea,21.9,11.4,0.0,0.0
2024-10-09,Oradea,19.1,15.3,0.2,0.0
2024-10-10,Oradea,23.1,14.8,0.0,0.0
2024-10-11,Oradea,18.2,10.9,4.5,0.0
2024-10-12,Oradea,15.6,7.8,0.0,0.0
2024-10-13,Oradea,16.9,6.6,0.1,0.0
2024-10-14,Oradea,15.0,7.1,0.0,0.0
2024-10-15,Oradea,13.6,6.9,0.3,0.0
2024-10-16,Oradea,14.6,4.4,0.0,0.0
2024-10-17,Oradea,15.9,3.8,0.0,0.0
2024-10-18,Oradea,15.6,3.2,0.0,0.0
2024-10-19,Oradea,15.1,3.3,0.0,0.0
2024-10-20,Oradea,15.2,2.5,0.0,0.0
2024-10-21,Oradea,15.8,4.6,0.0,0.0
2024-10-22,Oradea,17.3,5.1,0.0,0.0
2024-10-23,Oradea,17.2,6.1,0.0,0.0
2024-10-24,Oradea,17.2,6.6,0.0,0.0
2024-10-25,Oradea,17.4,6.2,0.0,0.0
2024-10-26,Oradea,18.8,6.8,0.0,0.0
2024-10-27,Oradea,21.0,11.2,0.0,0.0
2024-10-28,Oradea,18.2,9.9,0.0,0.0
2024-10-29,Oradea,17.6,6.8,0.0,0.0
2024-10-30,Oradea,16.5,9.4,0.0,0.0
2024-10-31,Oradea,15.1,9.1,0.2,0.0
2024-11-01,Oradea,14.8,8.5,0.0,0.0
2024-11-02,Oradea,13.9,7.8,0.0,0.0
2024-11-03,Oradea,9.1,2.2,0.0,0.0
2024-11-04,Oradea,10.3,0.7,0.0,0.0
2024-11-05,Oradea,11.1,0.2,0.0,0.0
2024-11-06,Oradea,12.1,0.3,0.0,0.0
2024-11-07,Oradea,12.9,1.7,0.0,0.0
2024-11-08,Oradea,12.0,0.6,0.0,0.0
2024-11-09,Oradea,11.8,1.0,0.0,0.0
2024-11-10,Oradea,8.2,0.6,0.0,0.0
2024-11-11,Oradea,4.0,-0.4,0.0,0.0
2024-11-12,Oradea,3.8,0.7,0.5,0.0
2024-11-13,Oradea,3.7,0.7,0.0,0.0
2024-11-14,Oradea,3.7,0.5,0.0,0.0
2024-11-15,Oradea,4.6,0.2,0.0,0.0
2024-11-16,Oradea,7.5,-1.3,0.0,0.0
2024-11-17,Oradea,6.7,-2.0,0.0,0.0
2024-11-18,Oradea,6.6,-2.1,0.0,0.0
2024-11-19,Oradea,12.1,-0.9,3.2,0.0
2024-11-20,Oradea,10.9,3.0,12.4,0.0
2024-11-21,Oradea,4.9,-1.1,1.3,0.0
2024-11-22,Oradea,4.1,0.1,23.5,0.0
2024-11-23,Oradea,2.3,-3.1,1.8,0.0
2024-11-24,Oradea,5.0,-2.8,0.0,0.0
2024-11-25,Oradea,10.2,3.7,0.0,0.0
2024-11-26,Oradea,9.5,2.3,0.1,0.0
2024-11-27,Oradea,8.0,0.6,0.0,0.0
2024-11-28,Oradea,10.2,2.8,6.8,0.0
2024-11-29,Oradea,6.6,1.8,1.1,0.0
2024-11-30,Oradea,7.6,1.6,0.0,0.0
2024-12-01,Oradea,9.4,0.2,0.0,0.0
2024-12-02,Oradea,5.6,1.0,0.0,0.0
2024-12-03,Oradea,6.8,3.2,0.0,0.0
2024-12-04,Oradea,5.5,3.0,0.0,0.0
2024-12-05,Oradea,5.8,1.6,0.1,0.0
2024-12-06,Oradea,6.1,1.0,3.8,0.0
2024-12-07,Oradea,5.3,1.7,1.0,0.0
2024-12-08,Oradea,6.9,-1.8,0.0,0.0
2024-12-09,Oradea,6.8,-0.8,0.0,0.0
2024-12-10,Oradea,4.4,0.6,3.4,0.0
2024-12-11,Oradea,2.0,0.1,1.5,0.0
2024-12-12,Oradea,3.7,0.3,0.0,0.0
2024-12-13,Oradea,4.0,-1.6,0.0,0.0
2024-12-14,Oradea,2.7,-2.3,5.2,0.0
2024-12-15,Oradea,4.8,-0.6,0.5,0.0
2024-12-16,Oradea,5.7,-0.8,1.5,0.0
2024-12-17,Oradea,9.9,2.5,0.0,0.0
2024-12-18,Oradea,6.8,1.2,0.0,0.0
2024-12-19,Oradea,9.9,2.4,0.0,0.0
2024-12-20,Oradea,6.7,4.1,4.8,0.0
2024-12-21,Oradea,5.4,-1.0,0.1,0.0
2024-12-22,Oradea,4.0,-2.6,0.0,0.0
2024-12-23,Oradea,3.9,-0.1,0.5,0.0
2024-12-24,Oradea,3.1,-0.4,3.4,0.0
2024-12-25,Oradea,6.7,-0.3,0.1,0.0
2024-12-26,Oradea,7.0,-1.2,0.0,0.0
2024-12-27,Oradea,3.2,-1.9,0.0,0.0
2024-12-28,Oradea,3.2,-4.2,0.0,0.0
2024-12-29,Oradea,1.2,-3.0,0.0,0.0
2024-12-30,Oradea,2.8,-0.2,0.0,0.0
2024-12-31,Oradea,1.5,-3.3,0.0,0.0
2025-01-01,Oradea,2.3,-3.5,0.0,0.0
2025-01-02,Oradea,7.9,-2.0,0.0,0.0
2025-01-03,Oradea,3.7,-2.3,11.6,0.0
2025-01-04,Oradea,2.9,-2.6,0.0,0.0
2025-01-05,Oradea,3.8,-2.8,1.2,0.0
2025-01-06,Oradea,11.6,4.0,0.0,0.0
2025-01-07,Oradea,14.7,6.8,0.2,0.0
2025-01-08,Oradea,12.7,5.4,1.2,0.0
2025-01-09,Oradea,12.9,7.3,0.0,0.0
2025-01-10,Oradea,11.2,-1.7,7.8,0.0
2025-01-11,Oradea,3.0,-3.0,0.4,0.0
2025-01-12,Oradea,2.8,-2.2,0.1,0.0
2025-01-13,Oradea,3.2,-2.5,0.1,0.0
2025-01-14,Oradea,2.7,-4.4,0.0,0.0
2025-01-15,Oradea,-0.6,-4.6,0.3,0.0
2025-01-16,Oradea,2.0,-4.4,0.0,0.0
2025-01-17,Oradea,1.6,-5.2,0.0,0.0
2025-01-18,Oradea,2.5,-2.1,0.0,0.0
2025-01-19,Oradea,1.7,-4.3,0.0,0.0
2025-01-20,Oradea,2.5,-4.6,0.0,0.0
2025-01-21,Oradea,2.5,-2.8,0.5,0.0
2025-01-22,Oradea,0.9,-0.9,1.2,0.0
2025-01-23,Oradea,6.5,-0.2,3.5,0.0
2025-01-24,Oradea,6.5,2.2,2.1,0.0
2025-01-25,Oradea,10.1,1.1,0.0,0.0
2025-01-26,Oradea,13.4,2.6,0.0,0.0
2025-01-27,Oradea,14.4,4.8,0.0,0.0
2025-01-28,Oradea,17.0,9.0,0.0,0.0
2025-01-29,Oradea,13.8,7.1,2.0,0.0
2025-01-30,Oradea,13.1,4.4,0.1,0.0
2025-01-31,Oradea,12.2,3.6,4.7,0.0
2025-02-01,Oradea,8.1,0.8,0.0,0.0
2025-02-02,Oradea,4.4,0.3,1.7,0.0
2025-02-03,Oradea,4.3,-2.4,0.0,0.0
2025-02-04,Oradea,3.8,-3.8,0.0,0.0
2025-02-05,Oradea,4.6,-3.8,0.0,0.0
2025-02-06,Oradea,6.1,-2.3,0.0,0.0
2025-02-07,Oradea,6.7,-0.2,0.1,0.0
2025-02-08,Oradea,6.7,-2.5,0.0,0.0
2025-02-09,Oradea,5.9,-3.6,0.0,0.0
2025-02-10,Oradea,6.2,-3.8,0.0,0.0
2025-02-11,Oradea,6.3,-3.8,0.0,0.0
2025-02-12,Oradea,6.4,-6.0,0.0,0.0
2025-02-13,Oradea,3.0,-1.0,2.8,0.0
2025-02-14,Oradea,5.8,0.9,5.4,0.0
2025-02-15,Oradea,1.7,-4.8,0.2,0.0
2025-02-16,Oradea,1.5,-4.9,0.0,0.0
2025-02-17,Oradea,2.8,-6.5,0.0,0.0
2025-02-18,Oradea,1.9,-6.6,0.0,0.0
2025-02-19,Oradea,2.0,-8.4,0.0,0.0
2025-02-20,Oradea,3.9,-6.6,0.0,0.0
2025-02-21,Oradea,4.2,-7.4,0.0,0.0
2025-02-22,Oradea,5.6,-6.2,0.0,0.0
2025-02-23,Oradea,6.1,-3.7,0.0,0.0
2025-02-24,Oradea,5.3,-2.3,0.2,0.0
2025-02-25,Oradea,8.8,-0.7,0.0,0.0
2025-02-26,Oradea,12.5,0.3,0.0,0.0
2025-02-27,Oradea,16.1,2.7,0.0,0.0
2025-02-28,Oradea,8.9,4.0,4.0,0.0
2025-03-01,Oradea,9.9,2.5,0.0,0.0
2025-03-02,Oradea,7.6,-0.1,0.0,0.0
2025-03-03,Oradea,9.2,-1.6,0.0,0.0
2025-03-04,Oradea,11.1,-2.1,0.0,0.0
2025-03-05,Oradea,13.8,-1.1,0.0,0.0
2025-03-06,Oradea,17.3,0.2,0.0,0.0
2025-03-07,Oradea,19.6,2.5,0.0,0.0
2025-03-08,Oradea,19.8,2.5,0.0,0.0
2025-03-09,Oradea,19.0,4.8,0.0,0.0
2025-03-10,Oradea,19.6,7.5,0.0,0.0
2025-03-11,Oradea,14.4,9.1,13.8,0.0
2025-03-12,Oradea,18.5,8.1,3.4,0.0
2025-03-13,Oradea,19.0,10.9,7.6,0.0
2025-03-14,Oradea,18.9,8.6,3.3,0.0
2025-03-15,Oradea,15.6,4.6,5.6,0.0
2025-03-16,Oradea,8.2,2.7,3.0,0.0
2025-03-17,Oradea,7.8,-0.6,5.3,0.0
2025-03-18,Oradea,4.6,-3.0,0.0,0.0
2025-03-19,Oradea,7.7,-4.2,0.0,0.0
2025-03-20,Oradea,10.6,-3.2,0.0,0.0
2025-03-21,Oradea,13.7,-2.3,0.0,0.0
2025-03-22,Oradea,12.1,-1.0,6.6,0.0
2025-03-23,Oradea,15.8,7.6,1.1,0.0
2025-03-24,Oradea,15.3,8.6,34.8,0.0
2025-03-25,Oradea,16.5,8.1,0.7,0.0
2025-03-26,Oradea,16.9,5.4,0.0,0.0
2025-03-27,Oradea,17.7,10.1,4.1,0.0
2025-03-28,Oradea,19.0,10.1,7.0,0.0
2025-03-29,Oradea,14.5,7.0,13.2,0.0
2025-03-30,Oradea,14.9,7.0,0.2,0.0
2025-03-31,Oradea,10.6,7.6,4.4,0.0
2025-04-01,Oradea,16.9,5.9,0.7,0.0
2025-04-02,Oradea,13.1,6.7,0.2,0.0
2025-04-03,Oradea,14.4,5.7,0.9,0.0
2025-04-04,Oradea,17.5,5.7,0.1,0.0
2025-04-05,Oradea,18.8,6.7,3.0,0.0
2025-04-06,Oradea,6.2,-0.8,0.2,0.0
2025-04-07,Oradea,4.6,-3.8,0.3,0.0
2025-04-08,Oradea,8.3,-2.4,0.2,0.0
2025-04-09,Oradea,9.8,-1.0,0.0,0.0
2025-04-10,Oradea,6.8,-0.8,0.4,0.0
2025-04-11,Oradea,10.8,-0.7,1.1,0.0
2025-04-12,Oradea,13.4,2.7,0.1,0.0
2025-04-13,Oradea,19.4,3.7,0.0,0.0
2025-04-14,Oradea,16.0,12.1,1.1,0.0
2025-04-15,Oradea,19.2,11.5,1.4,0.0
2025-04-16,Oradea,25.1,13.4,0.0,0.0
2025-04-17,Oradea,28.3,15.6,0.0,0.0
2025-04-18,Oradea,17.5,10.5,9.8,0.0
2025-04-19,Oradea,19.2,8.8,0.0,0.0
2025-04-20,Oradea,21.8,8.6,0.0,0.0
2025-04-21,Oradea,23.7,12.6,0.0,0.0
2025-04-22,Oradea,23.4,12.7,1.0,0.0
2025-04-23,Oradea,22.2,11.4,6.6,0.0
2025-04-24,Oradea,22.0,12.4,7.4,0.0
2025-04-25,Oradea,22.9,12.1,0.0,0.0
2025-04-26,Oradea,20.7,11.6,0.0,0.0
2025-04-27,Oradea,18.8,7.8,0.7,0.0
2025-04-28,Oradea,20.0,9.1,0.0,0.0
2025-04-29,Oradea,22.0,7.8,0.0,0.0
2025-04-30,Oradea,23.4,8.4,0.0,0.0
2025-05-01,Oradea,24.8,9.6,0.0,0.0
2025-05-02,Oradea,24.9,11.4,0.0,0.0
2025-05-03,Oradea,26.5,14.1,0.0,0.0
2025-05-04,Oradea,25.1,15.8,0.3,0.0
2025-05-05,Oradea,21.6,12.9,1.4,0.0
2025-05-06,Oradea,19.0,10.5,5.7,0.0
2025-05-07,Oradea,15.8,9.4,1.7,0.0
2025-05-08,Oradea,16.2,7.5,3.9,0.0
2025-05-09,Oradea,15.6,4.2,0.0,0.0
2025-05-10,Oradea,17.4,3.8,0.0,0.0
2025-05-11,Oradea,13.9,6.8,0.9,0.0
2025-05-12,Oradea,15.9,4.8,0.3,0.0
2025-05-13,Oradea,16.1,3.5,0.0,0.0
2025-05-14,Oradea,18.0,3.2,0.0,0.0
2025-05-15,Oradea,18.7,7.3,16.1,0.0
2025-05-16,Oradea,15.1,3.5,0.0,0.0
2025-05-17,Oradea,17.5,7.2,1.2,0.0
2025-05-18,Oradea,16.5,7.1,15.6,0.0
2025-05-19,Oradea,14.9,6.3,20.3,0.0
2025-05-20,Oradea,16.9,4.9,0.0,0.0
2025-05-21,Oradea,21.1,9.8,0.0,0.0
2025-05-22,Oradea,20.4,13.1,7.0,0.0
2025-05-23,Oradea,18.4,12.6,18.7,0.0
2025-05-24,Oradea,13.4,9.1,8.3,0.0
2025-05-25,Oradea,15.6,8.4,1.0,0.0
2025-05-26,Oradea,20.0,6.3,0.0,0.0
2025-05-27,Oradea,19.4,10.4,1.1,0.0
2025-05-28,Oradea,21.6,9.6,0.0,0.0
2025-05-29,Oradea,19.1,13.0,4.3,0.0
2025-05-30,Oradea,19.5,11.9,0.3,0.0
2025-05-31,Oradea,23.0,9.9,0.2,0.0
2025-06-01,Oradea,26.0,14.6,0.0,0.0
2025-06-02,Oradea,27.5,16.6,0.0,0.0
2025-06-03,Oradea,28.0,18.4,4.7,0.0
2025-06-04,Oradea,29.5,17.1,1.3,0.0
2025-06-05,Oradea,31.5,19.8,0.0,0.0
2025-06-06,Oradea,31.2,19.0,0.4,0.0
2025-06-07,Oradea,31.6,19.6,0.0,0.0
2025-06-08,Oradea,30.5,19.6,0.0,0.0
2025-06-09,Oradea,21.6,14.8,0.0,0.0
2025-06-10,Oradea,24.4,10.0,0.0,0.0
2025-06-11,Oradea,26.1,14.2,0.0,0.0
2025-06-12,Oradea,23.4,12.9,0.0,0.0
2025-06-13,Oradea,23.2,12.9,0.0,0.0
2025-06-14,Oradea,25.8,11.8,0.0,0.0
2025-06-15,Oradea,26.1,13.1,0.0,0.0
2025-06-16,Oradea,30.5,13.9,0.0,0.0
2025-06-17,Oradea,28.2,17.5,0.0,0.0
2025-06-18,Oradea,27.9,16.5,0.0,0.0
2025-06-19,Oradea,30.0,17.4,0.0,0.0
2025-06-20,Oradea,24.0,17.4,0.0,0.0
2025-06-21,Oradea,24.6,12.1,0.0,0.0
2025-06-22,Oradea,28.2,11.0,0.0,0.0
2025-06-23,Oradea,30.7,15.9,0.0,0.0
2025-06-24,Oradea,29.8,19.4,0.0,0.0
2025-06-25,Oradea,33.9,19.0,0.0,0.0
2025-06-26,Oradea,33.7,20.7,0.0,0.0
2025-06-27,Oradea,31.1,20.7,0.8,0.0
2025-06-28,Oradea,26.1,19.2,1.0,0.0
2025-06-29,Oradea,29.5,16.1,0.0,0.0
2025-06-30,Oradea,29.8,19.0,0.0,0.0
2025-07-01,Oradea,27.5,16.8,0.0,0.0
2025-07-02,Oradea,30.5,15.0,0.0,0.0
2025-07-03,Oradea,34.8,16.9,0.0,0.0
2025-07-04,Oradea,36.0,19.3,0.0,0.0
2025-07-05,Oradea,28.9,16.6,0.0,0.0
2025-07-06,Oradea,33.7,17.3,0.0,0.0
2025-07-07,Oradea,35.2,22.4,1.5,0.0
2025-07-08,Oradea,32.3,17.4,8.6,0.0
2025-07-09,Oradea,18.8,15.3,17.5,0.0
2025-07-10,Oradea,21.4,14.2,3.4,0.0
2025-07-11,Oradea,22.5,12.9,0.5,0.0
2025-07-12,Oradea,23.9,13.4,3.4,0.0
2025-07-13,Oradea,29.4,17.3,0.0,0.0
2025-07-14,Oradea,31.1,19.5,3.3,0.0
2025-07-15,Oradea,31.0,18.6,0.1,0.0
2025-07-16,Oradea,26.2,19.3,0.6,0.0
2025-07-17,Oradea,22.5,14.6,4.3,0.0
2025-07-18,Oradea,23.1,14.1,4.4,0.0
2025-07-19,Oradea,25.7,14.2,3.5,0.0
2025-07-20,Oradea,29.5,18.2,0.6,0.0
2025-07-21,Oradea,33.1,19.4,0.0,0.0
2025-07-22,Oradea,30.1,20.5,0.0,0.0
2025-07-23,Oradea,30.8,15.4,0.0,0.0
2025-07-24,Oradea,33.1,17.6,0.0,0.0
2025-07-25,Oradea,33.2,22.0,0.0,0.0
2025-07-26,Oradea,36.3,20.8,2.7,0.0
2025-07-27,Oradea,23.8,18.6,15.2,0.0
2025-07-28,Oradea,23.9,17.0,2.4,0.0
2025-07-29,Oradea,24.6,17.5,0.5,0.0
2025-07-30,Oradea,24.9,17.0,0.1,0.0
2025-07-31,Oradea,26.9,13.9,0.0,0.0
2025-08-01,Oradea,26.9,14.1,0.0,0.0
2025-08-02,Oradea,30.8,18.4,0.0,0.0
2025-08-03,Oradea,29.2,19.8,1.1,0.0
2025-08-04,Oradea,24.8,17.9,12.4,0.0
2025-08-05,Oradea,26.9,16.9,0.5,0.0
2025-08-06,Oradea,26.1,17.7,0.6,0.0
2025-08-07,Oradea,25.9,14.0,0.0,0.0
2025-08-08,Oradea,29.0,11.8,0.0,0.0
2025-08-09,Oradea,32.7,18.0,0.0,0.0
2025-08-10,Oradea,35.0,20.2,0.0,0.0
2025-08-11,Oradea,28.0,19.9,0.0,0.0
2025-08-12,Oradea,28.9,14.2,0.0,0.0
2025-08-13,Oradea,31.8,15.5,0.0,0.0
2025-08-14,Oradea,33.3,20.1,0.0,0.0
2025-08-15,Oradea,33.7,20.3,0.0,0.0
2025-08-16,Oradea,33.4,19.5,0.0,0.0
2025-08-17,Oradea,30.6,20.5,0.7,0.0
2025-08-18,Oradea,26.4,17.1,0.0,0.0
2025-08-19,Oradea,26.6,13.9,0.0,0.0
2025-08-20,Oradea,28.1,16.8,0.0,0.0
2025-08-21,Oradea,26.8,18.5,2.0,0.0
2025-08-22,Oradea,23.8,13.7,18.2,0.0
2025-08-23,Oradea,21.4,12.9,0.0,0.0
2025-08-24,Oradea,19.4,10.1,0.0,0.0
2025-08-25,Oradea,21.4,10.1,0.0,0.0
2025-08-26,Oradea,25.5,11.8,0.0,0.0
2025-08-27,Oradea,28.9,14.5,0.0,0.0
2025-08-28,Oradea,31.1,17.8,0.0,0.0
2025-08-29,Oradea,33.7,20.6,0.0,0.0
2025-08-30,Oradea,31.3,20.8,0.0,0.0
2025-08-31,Oradea,27.2,17.5,3.2,0.0
2025-09-01,Oradea,25.7,17.4,0.3,0.0
2025-09-02,Oradea,29.6,17.6,0.0,0.0
2025-09-03,Oradea,29.5,20.2,0.3,0.0
2025-09-04,Oradea,31.1,18.0,0.0,0.0
2025-09-05,Oradea,32.0,18.4,0.0,0.0
2025-09-06,Oradea,29.0,21.0,0.2,0.0
2025-09-07,Oradea,27.8,16.8,0.0,0.0
2025-09-08,Oradea,27.6,16.1,2.0,0.0
2025-09-09,Oradea,24.6,16.6,3.9,0.0
2025-09-10,Oradea,25.9,16.0,0.0,0.0
2025-09-11,Oradea,24.9,18.0,16.9,0.0
2025-09-12,Oradea,23.8,16.6,1.3,0.0
2025-09-13,Oradea,26.6,14.8,0.2,0.0
2025-09-14,Oradea,22.4,16.9,21.4,0.0
2025-09-15,Oradea,22.0,14.1,0.3,0.0
2025-09-16,Oradea,25.2,15.3,13.4,0.0
2025-09-17,Oradea,20.1,12.6,0.1,0.0
2025-09-18,Oradea,20.2,9.9,0.0,0.0
2025-09-19,Oradea,24.8,13.5,0.0,0.0
2025-09-20,Oradea,27.0,16.2,0.0,0.0
2025-09-21,Oradea,28.8,16.7,0.0,0.0
2025-09-22,Oradea,28.8,17.4,0.0,0.0
2025-09-23,Oradea,28.5,16.1,0.0,0.0
2025-09-24,Oradea,23.6,14.1,0.1,0.0
2025-09-25,Oradea,17.8,13.9,11.7,0.0
2025-09-26,Oradea,19.5,11.8,4.4,0.0
2025-09-27,Oradea,16.9,11.0,0.2,0.0
2025-09-28,Oradea,17.3,10.1,1.1,0.0
2025-09-29,Oradea,15.7,7.4,0.3,0.0
2025-09-30,Oradea,13.2,4.7,0.8,0.0
2025-10-01,Oradea,13.4,4.6,1.7,0.0
2025-10-02,Oradea,12.1,3.5,0.0,0.0
2025-10-03,Oradea,12.4,4.9,0.1,0.0
2025-10-04,Oradea,9.9,6.7,1.3,0.0
2025-10-05,Oradea,11.5,6.6,5.1,0.0
2025-10-06,Oradea,13.8,7.1,0.8,0.0
2025-10-07,Oradea,15.1,5.2,0.0,0.0
2025-10-08,Oradea,16.3,6.0,0.0,0.0
2025-10-09,Oradea,16.8,5.7,0.0,0.0
2025-10-10,Oradea,15.6,8.4,2.3,0.0
2025-10-11,Oradea,14.9,9.4,0.7,0.0
2025-10-12,Oradea,15.2,8.8,0.1,0.0
2025-10-13,Oradea,13.4,7.2,0.0,0.0
2025-10-14,Oradea,13.2,7.6,0.0,0.0
2025-10-15,Oradea,14.9,6.9,0.0,0.0
2025-10-16,Oradea,15.4,5.1,0.0,0.0
2025-10-17,Oradea,15.5,4.6,0.0,0.0
2025-10-18,Oradea,14.8,4.8,0.3,0.0
2025-10-19,Oradea,11.2,1.2,0.0,0.0
2025-10-20,Oradea,13.2,0.9,0.0,0.0
2025-10-21,Oradea,14.4,4.9,0.0,0.0
2025-10-22,Oradea,19.2,8.2,0.0,0.0
2025-10-23,Oradea,19.9,12.6,0.1,0.0
2025-10-24,Oradea,17.7,9.2,7.0,0.0
2025-10-25,Oradea,13.4,4.1,1.7,0.0
2025-10-26,Oradea,13.9,8.8,4.9,0.0
2025-10-27,Oradea,11.7,4.8,0.0,0.0
2025-10-28,Oradea,13.0,5.6,0.2,0.0
2025-10-29,Oradea,16.3,7.8,0.0,0.0
2025-10-30,Oradea,18.7,10.7,0.0,0.0
2025-10-31,Oradea,17.3,9.6,0.0,0.0
2025-11-01,Oradea,21.0,10.4,0.0,0.0
2025-11-02,Oradea,20.2,11.6,0.0,0.0
2025-11-03,Oradea,20.1,9.4,1.2,0.0
2025-11-04,Oradea,14.1,7.0,0.2,0.0
2025-11-05,Oradea,13.8,3.3,0.0,0.0
2025-11-06,Oradea,13.6,3.2,0.0,0.0
2025-11-07,Oradea,14.5,2.2,0.6,0.0
2025-11-08,Oradea,14.1,7.9,4.8,0.0
2025-11-09,Oradea,11.1,5.3,3.7,0.0
2025-11-10,Oradea,9.8,4.5,0.0,0.0
2025-11-11,Oradea,7.2,4.7,0.0,0.0
2025-11-12,Oradea,8.9,3.5,0.0,0.0
2025-11-13,Oradea,8.9,0.6,0.0,0.0
2025-11-14,Oradea,11.2,4.9,0.0,0.0
2025-11-15,Oradea,13.4,6.3,0.0,0.0
2025-11-16,Oradea,14.4,10.1,1.1,0.0
2025-11-17,Oradea,18.1,10.8,8.9,0.0
2025-11-18,Oradea,9.5,1.1,2.7,0.0
2025-11-19,Oradea,7.4,-1.2,0.0,0.0
2025-11-20,Oradea,12.6,5.4,2.7,0.0
2025-11-21,Oradea,12.3,5.6,5.4,0.0
2025-11-22,Oradea,5.1,1.2,8.8,0.0
2025-11-23,Oradea,3.1,0.5,1.5,0.0
2025-11-24,Oradea,6.9,-0.5,0.1,0.0
2025-11-25,Oradea,14.1,7.5,0.3,0.0
2025-11-26,Oradea,13.4,4.2,4.9,0.0
2025-11-27,Oradea,5.4,1.7,0.2,0.0
2025-11-28,Oradea,4.0,1.2,1.8,0.0
2025-11-29,Oradea,5.8,3.0,3.0,0.0
2025-11-30,Oradea,4.7,3.0,5.4,0.0
2025-12-01,Oradea,5.2,3.2,0.0,0.0
2025-12-02,Oradea,7.8,2.4,0.0,0.0
2025-12-03,Oradea,10.9,1.5,0.1,0.0
2025-12-04,Oradea,13.5,6.1,0.0,0.0
2025-12-05,Oradea,13.6,5.8,0.0,0.0
2025-12-06,Oradea,10.9,4.2,0.0,0.0
2025-12-07,Oradea,7.5,4.2,1.3,0.0
2025-12-08,Oradea,8.9,5.3,0.0,0.0
2025-12-09,Oradea,8.8,3.8,0.0,0.0
2025-12-10,Oradea,10.8,3.6,0.0,0.0
2025-12-11,Oradea,4.8,2.3,0.2,0.0
2025-12-12,Oradea,5.7,3.8,0.0,0.0
2025-12-13,Oradea,5.2,1.5,0.0,0.0
2025-12-14,Oradea,3.5,1.4,0.0,0.0
2025-12-15,Oradea,4.2,-1.7,0.0,0.0
2025-12-16,Oradea,5.1,-2.4,0.0,0.0
2025-12-17,Oradea,6.8,-0.9,0.0,0.0
2025-12-18,Oradea,7.3,3.2,0.2,0.0
2025-12-19,Oradea,14.1,4.0,0.0,0.0
2025-12-20,Oradea,10.6,4.8,0.0,0.0
2025-12-21,Oradea,5.9,4.3,0.1,0.0
2025-12-22,Oradea,5.7,3.9,0.1,0.0
2025-12-23,Oradea,5.5,3.0,0.0,0.0
2025-12-24,Oradea,6.4,2.4,0.1,0.0
2025-12-25,Oradea,6.4,-0.8,1.5,0.0
2025-12-26,Oradea,2.7,-2.2,0.0,0.0
2025-12-27,Oradea,2.7,-0.6,0.0,0.0
2025-12-28,Oradea,3.8,-1.7,0.0,0.0
2025-12-29,Oradea,1.1,-4.9,0.0,0.0
2025-12-30,Oradea,-0.3,-6.7,1.2,0.0
2025-12-31,Oradea,-2.5,-8.4,1.3,0.0
2026-01-01,Oradea,0.0,-5.8,1.9,0.0
2026-01-02,Oradea,2.3,0.5,10.7,0.0
2026-01-03,Oradea,2.7,-2.6,1.9,0.0
2026-01-04,Oradea,-0.3,-3.3,1.4,0.0
2026-01-05,Oradea,0.8,-2.7,7.1,0.0
2026-01-06,Oradea,1.1,-0.9,7.1,0.0
2026-01-07,Oradea,-0.5,-3.5,6.4,0.0
2026-01-08,Oradea,-3.8,-6.7,5.8,0.0
2026-01-09,Oradea,-2.8,-12.4,0.5,0.0
2026-01-10,Oradea,-1.5,-5.9,0.5,0.0
2026-01-11,Oradea,-6.3,-14.6,0.0,0.0
2026-01-12,Oradea,-6.8,-10.4,0.0,0.0
2026-01-13,Oradea,-2.2,-9.8,5.0,0.0
2026-01-14,Oradea,1.6,-4.0,0.4,0.0
2026-01-15,Oradea,1.2,-0.3,0.0,0.0
2026-01-16,Oradea,3.9,1.2,0.8,0.0
2026-01-17,Oradea,3.6,-2.9,0.0,0.0
2026-01-18,Oradea,0.2,-3.3,0.0,0.0
2026-01-19,Oradea,-3.1,-5.8,0.0,0.0
2026-01-20,Oradea,0.3,-8.9,0.0,0.0
2026-01-21,Oradea,2.0,-7.8,0.0,0.0
2026-01-22,Oradea,4.9,-0.9,0.2,0.0
2026-01-23,Oradea,5.6,-0.9,0.3,0.0
2026-01-24,Oradea,9.6,2.0,1.8,0.0
2026-01-25,Oradea,14.1,2.2,0.3,0.0
2026-01-26,Oradea,10.3,3.8,4.7,0.0
2026-01-27,Oradea,5.5,1.5,3.5,0.0
2026-01-28,Oradea,7.8,0.2,0.0,0.0
2026-01-29,Oradea,7.8,4.1,5.7,0.0
2026-01-30,Oradea,5.4,2.9,6.4,0.0
2026-01-31,Oradea,3.9,2.3,1.5,0.0
2026-02-01,Oradea,4.3,0.2,1.3,0.0
2026-02-02,Oradea,0.2,-1.6,6.5,0.0
2026-02-03,Oradea,2.9,-4.7,2.0,0.0
2026-02-04,Oradea,9.9,2.3,5.6,0.0
2026-02-05,Oradea,15.6,2.7,0.0,0.0
2026-02-06,Oradea,11.9,4.9,1.2,0.0
2026-02-07,Oradea,8.1,3.6,2.2,0.0
2026-02-08,Oradea,7.7,4.8,0.2,0.0
2026-02-09,Oradea,8.9,4.1,4.1,0.0
2026-02-10,Oradea,6.5,2.2,0.1,0.0
2026-02-11,Oradea,9.6,3.3,0.6,0.0
2026-02-12,Oradea,14.1,6.4,0.3,0.0
2026-02-13,Oradea,12.1,4.7,0.0,0.0
2026-02-14,Oradea,13.4,2.8,0.0,0.0
2026-02-15,Oradea,8.9,-2.0,5.1,0.0
2026-02-16,Oradea,2.3,-4.3,0.3,0.0
2026-02-17,Oradea,4.0,-1.1,0.6,0.0
2026-02-18,Oradea,5.8,-2.7,2.3,0.0
2026-02-19,Oradea,6.7,-1.6,0.2,0.0
2026-02-20,Oradea,9.8,3.5,0.3,0.0
2026-02-21,Oradea,5.3,1.7,6.5,0.0
2026-02-22,Oradea,5.9,2.1,0.5,0.0
2026-02-23,Oradea,9.8,4.4,7.9,0.0
2026-02-24,Oradea,9.8,3.0,5.7,0.0
2026-02-25,Oradea,6.7,-0.1,0.3,0.0
2026-02-26,Oradea,8.4,-2.0,0.0,0.0
2026-02-27,Oradea,9.4,-1.9,0.0,0.0
2026-02-28,Oradea,11.2,-0.4,0.0,0.0
2026-03-01,Oradea,13.1,0.2,0.0,0.0
2026-03-02,Oradea,11.9,0.5,0.0,0.0
2026-03-03,Oradea,12.7,1.1,0.0,0.0
2026-03-04,Oradea,13.5,-0.3,0.0,0.0
2026-03-05,Oradea,14.1,1.6,0.0,0.0
2026-03-06,Oradea,13.2,0.1,0.0,0.0
2026-03-07,Oradea,15.3,-0.7,0.0,0.0
2026-03-08,Oradea,15.4,-1.4,0.0,0.0
2026-03-09,Oradea,15.5,3.2,0.0,0.0
2026-03-10,Oradea,16.7,3.8,0.0,0.0
2026-03-11,Oradea,17.0,2.7,0.0,0.0
2026-03-12,Oradea,17.1,4.4,0.0,0.0
2026-03-13,Oradea,16.9,4.7,0.0,0.0
2026-03-14,Oradea,17.2,3.2,0.0,0.0
2026-03-15,Oradea,15.3,1.7,0.0,0.0
2026-03-16,Oradea,14.6,4.0,0.0,0.0
2026-03-17,Oradea,13.7,4.7,0.4,0.0
2026-03-18,Oradea,15.6,6.8,0.0,0.0
2026-03-19,Oradea,12.4,3.2,0.0,0.0
2026-03-20,Oradea,11.6,2.2,0.0,0.0
2026-03-21,Oradea,13.5,3.9,0.0,0.0
2026-03-22,Oradea,15.0,1.1,0.0,0.0
2026-03-23,Oradea,14.4,5.2,0.0,0.0
2026-03-24,Oradea,16.3,2.5,0.0,0.0
2026-03-25,Oradea,15.2,3.1,0.0,0.0
2026-03-26,Oradea,17.1,8.4,0.0,0.0
2026-03-27,Oradea,16.8,8.3,0.3,0.0
2026-03-28,Oradea,13.1,7.4,10.2,0.0
2026-03-29,Oradea,13.4,5.2,5.0,0.0
2026-03-30,Oradea,9.9,6.0,4.1,0.0
2026-03-31,Oradea,7.8,4.9,2.7,0.0
2026-04-01,Oradea,11.7,4.6,0.0,0.0
2026-04-02,Oradea,17.0,3.2,0.0,0.0
2026-04-03,Oradea,17.6,8.3,0.2,0.0
2026-04-04,Oradea,16.5,5.1,0.0,0.0
2026-04-05,Oradea,18.5,5.3,0.0,0.0
2026-04-06,Oradea,18.9,8.5,0.4,0.0
2026-04-07,Oradea,15.2,3.5,0.0,0.0
2026-04-08,Oradea,11.1,3.5,0.1,0.0
2026-04-09,Oradea,9.6,0.0,0.3,0.0
2026-04-10,Oradea,11.1,2.2,0.2,0.0
2026-04-11,Oradea,12.1,0.2,0.0,0.0
2026-04-12,Oradea,14.2,-0.3,0.0,0.0
2026-04-13,Oradea,17.5,4.8,0.0,0.0
2026-04-14,Oradea,20.9,7.1,0.0,0.0
2026-04-15,Oradea,19.5,10.8,0.0,0.0
2026-04-16,Oradea,21.7,10.1,0.0,0.0
2026-04-17,Oradea,21.0,10.5,0.1,0.0
2026-04-18,Oradea,18.2,6.8,0.0,0.0
2023-01-01,Sibiu,14.4,4.2,0.0,0.0
2023-01-02,Sibiu,11.1,2.2,0.0,0.0
2023-01-03,Sibiu,10.6,4.2,0.0,0.0
2023-01-04,Sibiu,7.7,3.0,4.4,0.0
2023-01-05,Sibiu,10.1,0.5,1.5,0.0
2023-01-06,Sibiu,7.6,3.5,0.8,0.0
2023-01-07,Sibiu,9.0,-0.2,0.0,0.0
2023-01-08,Sibiu,9.9,-0.2,0.0,0.0
2023-01-09,Sibiu,10.2,0.8,0.0,0.0
2023-01-10,Sibiu,9.0,5.2,7.6,0.0
2023-01-11,Sibiu,7.7,3.2,2.9,0.0
2023-01-12,Sibiu,5.2,3.2,8.5,0.0
2023-01-13,Sibiu,5.9,1.7,0.5,0.0
2023-01-14,Sibiu,5.2,-0.3,0.0,0.0
2023-01-15,Sibiu,7.1,-1.1,0.0,0.0
2023-01-16,Sibiu,7.4,-0.3,0.9,0.0
2023-01-17,Sibiu,9.1,3.7,7.4,0.0
2023-01-18,Sibiu,13.0,4.5,8.1,0.0
2023-01-19,Sibiu,13.6,6.4,4.9,0.0
2023-01-20,Sibiu,9.9,1.8,13.3,0.0
2023-01-21,Sibiu,2.5,-2.0,2.9,0.0
2023-01-22,Sibiu,9.1,1.0,0.7,0.0
2023-01-23,Sibiu,9.9,0.9,0.0,0.0
2023-01-24,Sibiu,4.5,-2.8,0.0,0.0
2023-01-25,Sibiu,2.0,-4.2,0.0,0.0
2023-01-26,Sibiu,3.0,-4.5,0.0,0.0
2023-01-27,Sibiu,1.4,-1.2,8.0,0.0
2023-01-28,Sibiu,1.1,-1.7,5.4,0.0
2023-01-29,Sibiu,1.5,-1.6,1.7,0.0
2023-01-30,Sibiu,0.4,-4.2,1.3,0.0
2023-01-31,Sibiu,2.6,-2.9,3.8,0.0
2023-02-01,Sibiu,4.2,-3.8,6.1,0.0
2023-02-02,Sibiu,4.7,-2.2,0.8,0.0
2023-02-03,Sibiu,3.3,-2.0,1.9,0.0
2023-02-04,Sibiu,3.9,-1.3,9.8,0.0
2023-02-05,Sibiu,-2.4,-10.0,2.3,0.0
2023-02-06,Sibiu,-1.7,-9.0,0.5,0.0
2023-02-07,Sibiu,-1.9,-10.2,0.3,0.0
2023-02-08,Sibiu,-2.0,-9.4,1.2,0.0
2023-02-09,Sibiu,-2.8,-16.2,0.0,0.0
2023-02-10,Sibiu,0.6,-11.1,0.0,0.0
2023-02-11,Sibiu,1.2,-8.8,0.0,0.0
2023-02-12,Sibiu,1.9,-3.6,1.1,0.0
2023-02-13,Sibiu,5.2,-5.6,0.0,0.0
2023-02-14,Sibiu,4.1,-3.2,0.3,0.0
2023-02-15,Sibiu,6.5,-1.6,0.1,0.0
2023-02-16,Sibiu,7.0,-4.9,0.0,0.0
2023-02-17,Sibiu,10.9,-2.5,0.0,0.0
2023-02-18,Sibiu,11.4,1.6,0.0,0.0
2023-02-19,Sibiu,12.4,6.3,0.5,0.0
2023-02-20,Sibiu,8.6,1.8,4.5,0.0
2023-02-21,Sibiu,14.2,1.8,0.0,0.0
2023-02-22,Sibiu,11.2,5.2,0.8,0.0
2023-02-23,Sibiu,11.6,1.9,0.0,0.0
2023-02-24,Sibiu,9.8,3.7,0.0,0.0
2023-02-25,Sibiu,14.3,4.2,3.3,0.0
2023-02-26,Sibiu,3.8,-0.4,11.3,0.0
2023-02-27,Sibiu,2.5,-0.4,7.3,0.0
2023-02-28,Sibiu,8.4,0.1,0.3,0.0
2023-03-01,Sibiu,9.9,0.0,0.0,0.0
2023-03-02,Sibiu,10.6,0.5,0.0,0.0
2023-03-03,Sibiu,8.2,3.6,0.5,0.0
2023-03-04,Sibiu,9.4,-0.8,0.2,0.0
2023-03-05,Sibiu,6.3,-1.6,0.0,0.0
2023-03-06,Sibiu,7.9,-2.7,0.0,0.0
2023-03-07,Sibiu,9.7,0.4,3.3,0.0
2023-03-08,Sibiu,13.1,1.5,1.0,0.0
2023-03-09,Sibiu,15.1,6.7,1.7,0.0
2023-03-10,Sibiu,17.0,3.0,0.4,0.0
2023-03-11,Sibiu,11.8,2.3,0.0,0.0
2023-03-12,Sibiu,6.4,-1.5,0.3,0.0
2023-03-13,Sibiu,10.1,-2.9,0.0,0.0
2023-03-14,Sibiu,16.4,-0.9,0.0,0.0
2023-03-15,Sibiu,14.4,2.8,0.0,0.0
2023-03-16,Sibiu,4.9,1.5,5.1,0.0
2023-03-17,Sibiu,6.8,-2.8,2.4,0.0
2023-03-18,Sibiu,8.7,-4.0,0.0,0.0
2023-03-19,Sibiu,14.8,-0.3,0.0,0.0
2023-03-20,Sibiu,17.1,1.6,0.0,0.0
2023-03-21,Sibiu,12.9,5.8,0.7,0.0
2023-03-22,Sibiu,14.2,3.0,1.0,0.0
2023-03-23,Sibiu,16.4,2.8,0.0,0.0
2023-03-24,Sibiu,19.0,4.7,0.0,0.0
2023-03-25,Sibiu,18.1,6.7,0.0,0.0
2023-03-26,Sibiu,13.4,3.7,0.1,0.0
2023-03-27,Sibiu,14.8,1.5,0.7,0.0
2023-03-28,Sibiu,5.8,0.2,3.2,0.0
2023-03-29,Sibiu,5.1,-3.2,0.8,0.0
2023-03-30,Sibiu,11.1,-5.0,0.0,0.0
2023-03-31,Sibiu,14.1,2.3,3.4,0.0
2023-04-01,Sibiu,13.1,3.6,11.0,0.0
2023-04-02,Sibiu,13.8,5.6,8.2,0.0
2023-04-03,Sibiu,11.9,3.2,6.4,0.0
2023-04-04,Sibiu,6.7,1.2,25.1,0.0
2023-04-05,Sibiu,3.9,0.9,1.5,0.0
2023-04-06,Sibiu,3.8,-0.6,2.9,0.0
2023-04-07,Sibiu,4.0,-0.9,1.4,0.0
2023-04-08,Sibiu,9.5,0.4,0.0,0.0
2023-04-09,Sibiu,12.5,0.9,0.0,0.0
2023-04-10,Sibiu,13.1,0.6,0.6,0.0
2023-04-11,Sibiu,14.2,3.3,1.3,0.0
2023-04-12,Sibiu,11.4,5.2,3.5,0.0
2023-04-13,Sibiu,16.3,4.5,0.0,0.0
2023-04-14,Sibiu,19.3,4.2,1.4,0.0
2023-04-15,Sibiu,16.9,3.0,0.3,0.0
2023-04-16,Sibiu,15.6,4.1,0.5,0.0
2023-04-17,Sibiu,14.8,6.9,1.6,0.0
2023-04-18,Sibiu,13.4,6.1,0.1,0.0
2023-04-19,Sibiu,14.3,5.9,4.1,0.0
2023-04-20,Sibiu,15.8,5.9,5.8,0.0
2023-04-21,Sibiu,14.9,6.0,0.3,0.0
2023-04-22,Sibiu,16.3,4.1,0.6,0.0
2023-04-23,Sibiu,16.9,4.9,0.9,0.0
2023-04-24,Sibiu,17.8,6.4,0.0,0.0
2023-04-25,Sibiu,16.0,9.2,12.8,0.0
2023-04-26,Sibiu,10.0,6.2,4.4,0.0
2023-04-27,Sibiu,10.8,3.2,0.0,0.0
2023-04-28,Sibiu,12.9,1.5,0.1,0.0
2023-04-29,Sibiu,16.8,1.1,0.0,0.0
2023-04-30,Sibiu,17.4,5.2,2.0,0.0
2023-05-01,Sibiu,19.9,7.7,0.0,0.0
2023-05-02,Sibiu,21.0,10.2,0.0,0.0
2023-05-03,Sibiu,20.9,9.2,0.0,0.0
2023-05-04,Sibiu,14.5,9.7,1.8,0.0
2023-05-05,Sibiu,18.4,7.4,0.2,0.0
2023-05-06,Sibiu,20.9,7.9,0.0,0.0
2023-05-07,Sibiu,20.4,9.7,0.1,0.0
2023-05-08,Sibiu,16.1,7.1,26.9,0.0
2023-05-09,Sibiu,14.4,4.6,0.1,0.0
2023-05-10,Sibiu,15.4,6.3,0.0,0.0
2023-05-11,Sibiu,16.5,8.1,0.0,0.0
2023-05-12,Sibiu,11.6,8.0,0.4,0.0
2023-05-13,Sibiu,16.9,7.7,1.0,0.0
2023-05-14,Sibiu,17.7,6.8,0.0,0.0
2023-05-15,Sibiu,21.0,12.7,0.0,0.0
2023-05-16,Sibiu,23.0,14.6,0.4,0.0
2023-05-17,Sibiu,16.5,12.1,7.5,0.0
2023-05-18,Sibiu,20.2,10.9,3.5,0.0
2023-05-19,Sibiu,20.8,10.5,5.9,0.0
2023-05-20,Sibiu,21.8,11.1,0.4,0.0
2023-05-21,Sibiu,22.0,10.6,9.7,0.0
2023-05-22,Sibiu,22.1,10.8,0.1,0.0
2023-05-23,Sibiu,22.7,9.9,0.0,0.0
2023-05-24,Sibiu,24.4,9.6,0.0,0.0
2023-05-25,Sibiu,22.0,13.9,0.9,0.0
2023-05-26,Sibiu,22.5,11.5,7.4,0.0
2023-05-27,Sibiu,22.6,12.1,8.9,0.0
2023-05-28,Sibiu,21.9,12.1,0.9,0.0
2023-05-29,Sibiu,22.4,12.4,0.0,0.0
2023-05-30,Sibiu,22.2,12.7,12.9,0.0
2023-05-31,Sibiu,23.1,11.9,0.0,0.0
2023-06-01,Sibiu,23.0,12.1,8.2,0.0
2023-06-02,Sibiu,23.5,12.6,1.1,0.0
2023-06-03,Sibiu,21.5,12.0,2.4,0.0
2023-06-04,Sibiu,21.7,10.9,0.2,0.0
2023-06-05,Sibiu,23.2,12.8,0.8,0.0
2023-06-06,Sibiu,23.9,16.1,0.1,0.0
2023-06-07,Sibiu,24.0,16.1,0.4,0.0
2023-06-08,Sibiu,23.4,14.4,0.0,0.0
2023-06-09,Sibiu,24.0,12.5,0.6,0.0
2023-06-10,Sibiu,23.3,13.1,1.1,0.0
2023-06-11,Sibiu,25.0,13.6,6.1,0.0
2023-06-12,Sibiu,19.2,14.0,12.1,0.0
2023-06-13,Sibiu,18.0,11.6,17.1,0.0
2023-06-14,Sibiu,21.3,14.1,3.9,0.0
2023-06-15,Sibiu,20.0,13.2,1.5,0.0
2023-06-16,Sibiu,21.7,14.5,4.7,0.0
2023-06-17,Sibiu,21.2,15.4,11.7,0.0
2023-06-18,Sibiu,19.7,13.9,2.2,0.0
2023-06-19,Sibiu,23.9,12.4,0.7,0.0
2023-06-20,Sibiu,25.0,13.0,11.6,0.0
2023-06-21,Sibiu,26.9,14.2,0.1,0.0
2023-06-22,Sibiu,28.0,16.9,0.3,0.0
2023-06-23,Sibiu,29.8,15.9,0.1,0.0
2023-06-24,Sibiu,27.1,18.0,6.3,0.0
2023-06-25,Sibiu,24.5,17.4,21.2,0.0
2023-06-26,Sibiu,23.8,15.5,9.0,0.0
2023-06-27,Sibiu,25.9,13.3,0.0,0.0
2023-06-28,Sibiu,18.0,11.6,6.3,0.0
2023-06-29,Sibiu,20.5,11.1,1.0,0.0
2023-06-30,Sibiu,24.7,11.0,0.0,0.0
2023-07-01,Sibiu,26.8,12.1,0.4,0.0
2023-07-02,Sibiu,23.8,15.2,2.8,0.0
2023-07-03,Sibiu,26.6,16.3,11.3,0.0
2023-07-04,Sibiu,27.0,16.0,2.6,0.0
2023-07-05,Sibiu,26.5,16.5,5.3,0.0
2023-07-06,Sibiu,25.5,16.3,0.1,0.0
2023-07-07,Sibiu,24.9,16.3,27.1,0.0
2023-07-08,Sibiu,23.8,16.2,13.0,0.0
2023-07-09,Sibiu,25.5,12.6,0.0,0.0
2023-07-10,Sibiu,26.6,13.1,0.4,0.0
2023-07-11,Sibiu,26.6,15.8,3.3,0.0
2023-07-12,Sibiu,29.9,16.8,3.9,0.0
2023-07-13,Sibiu,30.3,17.9,3.3,0.0
2023-07-14,Sibiu,26.0,18.9,9.3,0.0
2023-07-15,Sibiu,28.2,15.9,0.0,0.0
2023-07-16,Sibiu,30.5,17.9,0.0,0.0
2023-07-17,Sibiu,30.9,18.5,0.0,0.0
2023-07-18,Sibiu,29.2,18.8,0.5,0.0
2023-07-19,Sibiu,30.5,17.2,2.2,0.0
2023-07-20,Sibiu,27.5,17.1,0.3,0.0
2023-07-21,Sibiu,28.8,15.1,0.0,0.0
2023-07-22,Sibiu,27.2,18.1,0.4,0.0
2023-07-23,Sibiu,25.5,16.4,7.4,0.0
2023-07-24,Sibiu,28.5,14.8,0.0,0.0
2023-07-25,Sibiu,33.2,16.8,0.3,0.0
2023-07-26,Sibiu,25.0,18.1,4.5,0.0
2023-07-27,Sibiu,19.3,14.8,4.5,0.0
2023-07-28,Sibiu,24.1,10.2,0.0,0.0
2023-07-29,Sibiu,28.1,13.1,0.0,0.0
2023-07-30,Sibiu,28.4,14.7,0.9,0.0
2023-07-31,Sibiu,24.4,16.4,8.1,0.0
2023-08-01,Sibiu,26.8,15.1,0.1,0.0
2023-08-02,Sibiu,25.1,16.4,1.5,0.0
2023-08-03,Sibiu,29.5,13.9,0.1,0.0
2023-08-04,Sibiu,32.8,17.2,0.2,0.0
2023-08-05,Sibiu,31.0,21.4,0.0,0.0
2023-08-06,Sibiu,22.6,16.5,9.3,0.0
2023-08-07,Sibiu,21.5,14.6,0.6,0.0
2023-08-08,Sibiu,19.9,12.4,0.1,0.0
2023-08-09,Sibiu,22.1,11.6,0.1,0.0
2023-08-10,Sibiu,21.5,13.6,0.8,0.0
2023-08-11,Sibiu,23.4,12.1,0.8,0.0
2023-08-12,Sibiu,24.4,13.4,0.0,0.0
2023-08-13,Sibiu,26.2,13.3,0.0,0.0
2023-08-14,Sibiu,27.7,13.4,0.0,0.0
2023-08-15,Sibiu,25.6,16.8,2.5,0.0
2023-08-16,Sibiu,25.0,16.1,3.7,0.0
2023-08-17,Sibiu,28.2,17.0,0.1,0.0
2023-08-18,Sibiu,29.8,17.5,0.0,0.0
2023-08-19,Sibiu,30.0,17.5,0.8,0.0
2023-08-20,Sibiu,30.5,18.5,0.0,0.0
2023-08-21,Sibiu,30.4,18.8,0.0,0.0
2023-08-22,Sibiu,31.5,19.5,0.0,0.0
2023-08-23,Sibiu,31.2,20.1,0.6,0.0
2023-08-24,Sibiu,28.8,18.3,1.2,0.0
2023-08-25,Sibiu,30.0,18.5,0.0,0.0
2023-08-26,Sibiu,32.0,17.0,0.0,0.0
2023-08-27,Sibiu,33.4,17.1,0.0,0.0
2023-08-28,Sibiu,33.2,17.9,0.0,0.0
2023-08-29,Sibiu,32.0,18.1,0.5,0.0
2023-08-30,Sibiu,26.4,16.4,3.0,0.0
2023-08-31,Sibiu,23.1,14.8,4.8,0.0
2023-09-01,Sibiu,24.0,14.2,0.6,0.0
2023-09-02,Sibiu,26.5,12.9,0.0,0.0
2023-09-03,Sibiu,26.3,15.4,3.7,0.0
2023-09-04,Sibiu,19.5,13.4,20.5,0.0
2023-09-05,Sibiu,22.6,13.4,0.0,0.0
2023-09-06,Sibiu,23.5,13.0,0.0,0.0
2023-09-07,Sibiu,24.5,11.5,0.0,0.0
2023-09-08,Sibiu,24.4,12.9,0.0,0.0
2023-09-09,Sibiu,25.1,11.6,0.0,0.0
2023-09-10,Sibiu,25.8,11.6,0.0,0.0
2023-09-11,Sibiu,26.5,12.2,0.0,0.0
2023-09-12,Sibiu,27.6,14.8,0.0,0.0
2023-09-13,Sibiu,28.6,13.6,0.0,0.0
2023-09-14,Sibiu,26.5,13.9,0.7,0.0
2023-09-15,Sibiu,22.5,14.2,1.3,0.0
2023-09-16,Sibiu,23.2,14.9,0.0,0.0
2023-09-17,Sibiu,23.8,15.6,0.1,0.0
2023-09-18,Sibiu,24.2,13.4,0.0,0.0
2023-09-19,Sibiu,21.6,14.6,1.0,0.0
2023-09-20,Sibiu,23.2,14.4,0.1,0.0
2023-09-21,Sibiu,25.8,11.2,2.0,0.0
2023-09-22,Sibiu,25.8,14.1,0.0,0.0
2023-09-23,Sibiu,29.8,13.6,0.0,0.0
2023-09-24,Sibiu,27.5,15.3,8.9,0.0
2023-09-25,Sibiu,24.7,15.7,0.0,0.0
2023-09-26,Sibiu,24.2,13.9,0.0,0.0
2023-09-27,Sibiu,24.2,13.2,0.0,0.0
2023-09-28,Sibiu,23.9,12.1,0.0,0.0
2023-09-29,Sibiu,23.7,11.0,0.0,0.0
2023-09-30,Sibiu,24.0,11.9,0.0,0.0
2023-10-01,Sibiu,22.5,12.5,3.7,0.0
2023-10-02,Sibiu,18.0,10.5,0.0,0.0
2023-10-03,Sibiu,20.2,7.7,0.0,0.0
2023-10-04,Sibiu,23.5,7.4,0.0,0.0
2023-10-05,Sibiu,21.0,11.1,0.3,0.0
2023-10-06,Sibiu,18.6,8.4,0.0,0.0
2023-10-07,Sibiu,19.5,7.5,0.0,0.0
2023-10-08,Sibiu,20.0,8.4,2.1,0.0
2023-10-09,Sibiu,12.1,2.8,0.0,0.0
2023-10-10,Sibiu,16.2,6.9,0.0,0.0
2023-10-11,Sibiu,17.9,6.1,0.0,0.0
2023-10-12,Sibiu,21.2,6.8,0.0,0.0
2023-10-13,Sibiu,22.3,9.5,0.0,0.0
2023-10-14,Sibiu,25.2,9.1,0.0,0.0
2023-10-15,Sibiu,21.1,7.7,9.0,0.0
2023-10-16,Sibiu,11.1,2.5,12.0,0.0
2023-10-17,Sibiu,11.9,0.3,0.0,0.0
2023-10-18,Sibiu,13.4,2.1,0.0,0.0
2023-10-19,Sibiu,17.5,0.9,0.6,0.0
2023-10-20,Sibiu,22.1,9.4,0.0,0.0
2023-10-21,Sibiu,28.0,12.9,0.0,0.0
2023-10-22,Sibiu,23.1,10.4,0.4,0.0
2023-10-23,Sibiu,20.5,10.1,0.0,0.0
2023-10-24,Sibiu,21.7,8.6,0.0,0.0
2023-10-25,Sibiu,22.6,11.1,0.1,0.0
2023-10-26,Sibiu,19.3,8.1,0.8,0.0
2023-10-27,Sibiu,20.5,8.9,5.1,0.0
2023-10-28,Sibiu,17.9,6.2,0.0,0.0
2023-10-29,Sibiu,18.6,7.4,0.0,0.0
2023-10-30,Sibiu,22.2,4.6,0.0,0.0
2023-10-31,Sibiu,22.4,6.5,0.1,0.0
2023-11-01,Sibiu,14.6,7.1,2.0,0.0
2023-11-02,Sibiu,16.1,4.4,0.0,0.0
2023-11-03,Sibiu,18.5,10.1,7.9,0.0
2023-11-04,Sibiu,16.5,8.5,10.9,0.0
2023-11-05,Sibiu,15.6,4.2,8.5,0.0
2023-11-06,Sibiu,15.6,5.6,0.9,0.0
2023-11-07,Sibiu,17.3,4.2,0.0,0.0
2023-11-08,Sibiu,14.6,7.2,1.8,0.0
2023-11-09,Sibiu,10.8,2.3,0.0,0.0
2023-11-10,Sibiu,12.6,1.0,0.1,0.0
2023-11-11,Sibiu,11.9,7.3,9.3,0.0
2023-11-12,Sibiu,9.1,0.5,0.5,0.0
2023-11-13,Sibiu,9.0,-1.2,0.0,0.0
2023-11-14,Sibiu,15.6,3.6,0.7,0.0
2023-11-15,Sibiu,12.9,7.4,7.7,0.0
2023-11-16,Sibiu,9.8,3.3,0.5,0.0
2023-11-17,Sibiu,10.1,1.8,2.9,0.0
2023-11-18,Sibiu,5.8,1.9,9.9,0.0
2023-11-19,Sibiu,5.5,1.1,0.1,0.0
2023-11-20,Sibiu,9.1,0.3,0.4,0.0
2023-11-21,Sibiu,13.1,2.3,0.9,0.0
2023-11-22,Sibiu,8.9,5.1,3.2,0.0
2023-11-23,Sibiu,7.8,0.2,0.0,0.0
2023-11-24,Sibiu,9.4,-2.0,0.2,0.0
2023-11-25,Sibiu,3.8,0.6,6.5,0.0
2023-11-26,Sibiu,0.9,-2.6,3.8,0.0
2023-11-27,Sibiu,2.5,-3.6,0.0,0.0
2023-11-28,Sibiu,5.2,-2.2,3.3,0.0
2023-11-29,Sibiu,4.1,-3.7,0.3,0.0
2023-11-30,Sibiu,4.3,-4.6,5.9,0.0
2023-12-01,Sibiu,15.4,4.3,1.9,0.0
2023-12-02,Sibiu,16.6,5.8,0.0,0.0
2023-12-03,Sibiu,10.9,-1.8,0.9,0.0
2023-12-04,Sibiu,-0.3,-4.8,0.0,0.0
2023-12-05,Sibiu,5.8,-3.8,0.0,0.0
2023-12-06,Sibiu,7.2,-2.7,0.3,0.0
2023-12-07,Sibiu,4.4,0.4,1.0,0.0
2023-12-08,Sibiu,3.5,0.8,0.2,0.0
2023-12-09,Sibiu,1.9,-1.7,0.0,0.0
2023-12-10,Sibiu,4.8,-2.5,0.0,0.0
2023-12-11,Sibiu,4.7,-2.3,0.0,0.0
2023-12-12,Sibiu,9.2,-0.9,2.5,0.0
2023-12-13,Sibiu,9.1,-1.0,0.1,0.0
2023-12-14,Sibiu,9.4,5.4,1.7,0.0
2023-12-15,Sibiu,5.2,2.9,1.4,0.0
2023-12-16,Sibiu,2.9,-2.3,1.6,0.0
2023-12-17,Sibiu,4.6,-3.8,0.0,0.0
2023-12-18,Sibiu,6.6,-4.0,0.0,0.0
2023-12-19,Sibiu,8.2,-2.8,0.0,0.0
2023-12-20,Sibiu,6.9,-3.5,0.0,0.0
2023-12-21,Sibiu,4.0,-3.3,0.0,0.0
2023-12-22,Sibiu,6.1,-1.5,0.8,0.0
2023-12-23,Sibiu,2.8,-0.2,3.4,0.0
2023-12-24,Sibiu,6.8,0.3,1.8,0.0
2023-12-25,Sibiu,12.7,4.0,0.0,0.0
2023-12-26,Sibiu,12.4,4.4,0.0,0.0
2023-12-27,Sibiu,9.1,0.8,0.0,0.0
2023-12-28,Sibiu,8.6,-0.6,0.0,0.0
2023-12-29,Sibiu,7.8,-1.1,0.0,0.0
2023-12-30,Sibiu,8.1,-1.3,0.0,0.0
2023-12-31,Sibiu,7.9,-0.8,0.0,0.0
2024-01-01,Sibiu,10.4,-2.4,0.0,0.0
2024-01-02,Sibiu,7.8,-1.9,0.0,0.0
2024-01-03,Sibiu,9.9,-2.2,0.2,0.0
2024-01-04,Sibiu,9.1,-0.2,1.1,0.0
2024-01-05,Sibiu,10.4,-1.0,0.0,0.0
2024-01-06,Sibiu,11.1,-0.6,0.0,0.0
2024-01-07,Sibiu,8.8,1.8,1.8,0.0
2024-01-08,Sibiu,3.0,-0.9,3.2,0.0
2024-01-09,Sibiu,-0.3,-5.9,0.0,0.0
2024-01-10,Sibiu,1.5,-7.7,0.0,0.0
2024-01-11,Sibiu,2.7,-7.9,0.0,0.0
2024-01-12,Sibiu,-0.9,-5.5,1.1,0.0
2024-01-13,Sibiu,0.9,-6.0,0.0,0.0
2024-01-14,Sibiu,3.4,-7.2,0.0,0.0
2024-01-15,Sibiu,7.5,-5.8,0.7,0.0
2024-01-16,Sibiu,1.9,-5.0,1.0,0.0
2024-01-17,Sibiu,8.2,-6.6,0.0,0.0
2024-01-18,Sibiu,12.8,1.8,0.0,0.0
2024-01-19,Sibiu,10.2,0.2,3.1,0.0
2024-01-20,Sibiu,1.3,-5.6,4.4,0.0
2024-01-21,Sibiu,3.3,-6.7,0.0,0.0
2024-01-22,Sibiu,4.0,-8.4,0.0,0.0
2024-01-23,Sibiu,5.5,-6.2,0.0,0.0
2024-01-24,Sibiu,5.0,-2.3,0.0,0.0
2024-01-25,Sibiu,6.9,0.4,2.1,0.0
2024-01-26,Sibiu,4.7,-2.3,2.3,0.0
2024-01-27,Sibiu,4.2,-3.3,4.1,0.0
2024-01-28,Sibiu,4.1,-0.8,0.5,0.0
2024-01-29,Sibiu,3.4,-4.3,0.2,0.0
2024-01-30,Sibiu,4.0,-6.4,0.0,0.0
2024-01-31,Sibiu,6.1,-6.4,0.0,0.0
2024-02-01,Sibiu,7.3,-5.2,0.0,0.0
2024-02-02,Sibiu,5.2,-1.2,3.7,0.0
2024-02-03,Sibiu,6.9,-1.6,0.0,0.0
2024-02-04,Sibiu,8.8,3.6,0.4,0.0
2024-02-05,Sibiu,10.4,7.6,0.3,0.0
2024-02-06,Sibiu,16.8,2.9,0.0,0.0
2024-02-07,Sibiu,13.1,3.0,0.0,0.0
2024-02-08,Sibiu,12.4,1.6,0.0,0.0
2024-02-09,Sibiu,15.6,0.9,0.0,0.0
2024-02-10,Sibiu,17.5,5.8,0.0,0.0
2024-02-11,Sibiu,15.6,8.4,3.2,0.0
2024-02-12,Sibiu,12.0,5.4,23.2,0.0
2024-02-13,Sibiu,7.1,4.9,37.4,0.0
2024-02-14,Sibiu,6.8,2.7,1.1,0.0
2024-02-15,Sibiu,8.4,-0.6,0.0,0.0
2024-02-16,Sibiu,9.2,-1.9,0.0,0.0
2024-02-17,Sibiu,11.1,-0.4,0.0,0.0
2024-02-18,Sibiu,8.1,3.3,1.2,0.0
2024-02-19,Sibiu,9.6,-0.3,0.0,0.0
2024-02-20,Sibiu,6.7,-1.0,1.5,0.0
2024-02-21,Sibiu,8.3,-0.8,0.0,0.0
2024-02-22,Sibiu,12.1,-1.8,0.0,0.0
2024-02-23,Sibiu,13.5,3.7,0.0,0.0
2024-02-24,Sibiu,13.6,6.4,0.0,0.0
2024-02-25,Sibiu,15.3,6.4,0.0,0.0
2024-02-26,Sibiu,16.6,4.5,0.0,0.0
2024-02-27,Sibiu,16.7,4.0,0.0,0.0
2024-02-28,Sibiu,18.1,1.6,0.0,0.0
2024-02-29,Sibiu,17.7,3.0,0.0,0.0
2024-03-01,Sibiu,15.7,6.8,0.4,0.0
2024-03-02,Sibiu,14.9,6.6,0.0,0.0
2024-03-03,Sibiu,14.2,3.7,0.0,0.0
2024-03-04,Sibiu,16.1,1.4,0.0,0.0
2024-03-05,Sibiu,14.9,2.2,0.1,0.0
2024-03-06,Sibiu,9.6,3.2,23.8,0.0
2024-03-07,Sibiu,8.9,3.7,3.1,0.0
2024-03-08,Sibiu,8.2,1.5,0.3,0.0
2024-03-09,Sibiu,11.7,1.5,0.0,0.0
2024-03-10,Sibiu,14.4,0.5,0.0,0.0
2024-03-11,Sibiu,14.9,6.7,2.4,0.0
2024-03-12,Sibiu,13.7,6.4,15.0,0.0
2024-03-13,Sibiu,8.0,5.9,17.3,0.0
2024-03-14,Sibiu,8.6,5.1,5.0,0.0
2024-03-15,Sibiu,9.6,2.2,7.1,0.0
2024-03-16,Sibiu,13.4,0.3,0.0,0.0
2024-03-17,Sibiu,13.9,2.0,0.7,0.0
2024-03-18,Sibiu,11.0,1.6,0.8,0.0
2024-03-19,Sibiu,6.4,1.0,0.1,0.0
2024-03-20,Sibiu,9.6,2.2,1.8,0.0
2024-03-21,Sibiu,12.8,2.5,0.0,0.0
2024-03-22,Sibiu,13.8,1.2,0.0,0.0
2024-03-23,Sibiu,15.6,1.4,0.0,0.0
2024-03-24,Sibiu,11.4,3.3,2.9,0.0
2024-03-25,Sibiu,8.4,2.5,5.8,0.0
2024-03-26,Sibiu,12.9,0.2,0.0,0.0
2024-03-27,Sibiu,16.8,6.9,0.0,0.0
2024-03-28,Sibiu,17.6,6.2,4.0,0.0
2024-03-29,Sibiu,19.1,6.8,0.0,0.0
2024-03-30,Sibiu,24.6,6.2,0.0,0.0
2024-03-31,Sibiu,26.1,7.7,0.0,0.0
2024-04-01,Sibiu,27.2,12.5,0.0,0.0
2024-04-02,Sibiu,17.2,8.4,0.0,0.0
2024-04-03,Sibiu,16.7,5.8,0.0,0.0
2024-04-04,Sibiu,14.7,6.9,4.8,0.0
2024-04-05,Sibiu,19.5,5.8,0.3,0.0
2024-04-06,Sibiu,21.3,7.2,1.8,0.0
2024-04-07,Sibiu,19.4,7.3,0.3,0.0
2024-04-08,Sibiu,22.6,6.3,0.0,0.0
2024-04-09,Sibiu,25.0,8.3,0.0,0.0
2024-04-10,Sibiu,25.8,8.1,0.0,0.0
2024-04-11,Sibiu,25.1,9.4,0.0,0.0
2024-04-12,Sibiu,23.5,12.9,0.0,0.0
2024-04-13,Sibiu,21.6,9.2,0.0,0.0
2024-04-14,Sibiu,24.0,9.2,0.0,0.0
2024-04-15,Sibiu,29.4,11.5,0.0,0.0
2024-04-16,Sibiu,26.4,10.6,0.8,0.0
2024-04-17,Sibiu,12.4,6.1,17.6,0.0
2024-04-18,Sibiu,10.9,5.6,5.8,0.0
2024-04-19,Sibiu,11.6,2.1,1.6,0.0
2024-04-20,Sibiu,13.6,0.9,0.4,0.0
2024-04-21,Sibiu,15.1,2.3,0.0,0.0
2024-04-22,Sibiu,12.4,4.8,8.3,0.0
2024-04-23,Sibiu,14.1,4.4,4.7,0.0
2024-04-24,Sibiu,16.4,7.1,0.7,0.0
2024-04-25,Sibiu,9.2,5.6,13.8,0.0
2024-04-26,Sibiu,15.1,6.2,0.9,0.0
2024-04-27,Sibiu,18.0,3.5,0.2,0.0
2024-04-28,Sibiu,20.9,5.4,0.0,0.0
2024-04-29,Sibiu,21.1,6.8,0.0,0.0
2024-04-30,Sibiu,20.0,7.2,0.0,0.0
2024-05-01,Sibiu,20.3,9.0,0.0,0.0
2024-05-02,Sibiu,20.1,9.4,0.2,0.0
2024-05-03,Sibiu,18.8,11.1,0.1,0.0
2024-05-04,Sibiu,21.4,9.8,0.7,0.0
2024-05-05,Sibiu,21.4,7.5,1.3,0.0
2024-05-06,Sibiu,23.2,7.7,0.0,0.0
2024-05-07,Sibiu,23.4,9.5,0.3,0.0
2024-05-08,Sibiu,19.0,10.8,18.4,0.0
2024-05-09,Sibiu,16.2,8.9,7.3,0.0
2024-05-10,Sibiu,18.5,8.3,0.0,0.0
2024-05-11,Sibiu,20.0,6.8,0.0,0.0
2024-05-12,Sibiu,15.4,7.6,10.9,0.0
2024-05-13,Sibiu,18.0,5.7,0.1,0.0
2024-05-14,Sibiu,18.5,6.1,0.0,0.0
2024-05-15,Sibiu,17.1,8.3,0.0,0.0
2024-05-16,Sibiu,17.4,9.4,0.0,0.0
2024-05-17,Sibiu,17.8,10.8,0.0,0.0
2024-05-18,Sibiu,21.0,10.7,4.8,0.0
2024-05-19,Sibiu,23.2,8.9,0.1,0.0
2024-05-20,Sibiu,23.1,13.2,0.1,0.0
2024-05-21,Sibiu,23.5,12.5,0.0,0.0
2024-05-22,Sibiu,24.6,13.8,1.3,0.0
2024-05-23,Sibiu,21.0,11.8,11.6,0.0
2024-05-24,Sibiu,23.3,12.2,1.5,0.0
2024-05-25,Sibiu,22.4,11.2,0.1,0.0
2024-05-26,Sibiu,24.0,10.2,0.0,0.0
2024-05-27,Sibiu,20.0,10.2,0.7,0.0
2024-05-28,Sibiu,20.6,8.9,6.6,0.0
2024-05-29,Sibiu,16.0,10.2,19.7,0.0
2024-05-30,Sibiu,20.9,10.4,5.4,0.0
2024-05-31,Sibiu,24.9,9.9,0.1,0.0
2024-06-01,Sibiu,27.0,14.9,0.0,0.0
2024-06-02,Sibiu,24.6,13.6,0.0,0.0
2024-06-03,Sibiu,26.4,12.6,26.6,0.0
2024-06-04,Sibiu,21.2,14.4,0.2,0.0
2024-06-05,Sibiu,24.5,12.6,0.4,0.0
2024-06-06,Sibiu,25.7,13.1,7.1,0.0
2024-06-07,Sibiu,28.0,13.9,0.1,0.0
2024-06-08,Sibiu,28.1,14.5,0.0,0.0
2024-06-09,Sibiu,29.7,14.3,1.9,0.0
2024-06-10,Sibiu,28.4,16.5,9.6,0.0
2024-06-11,Sibiu,25.7,16.4,16.5,0.0
2024-06-12,Sibiu,25.1,15.4,0.0,0.0
2024-06-13,Sibiu,24.8,15.6,18.2,0.0
2024-06-14,Sibiu,20.8,14.9,13.1,0.0
2024-06-15,Sibiu,23.9,13.9,0.1,0.0
2024-06-16,Sibiu,26.5,12.5,0.0,0.0
2024-06-17,Sibiu,27.4,13.6,0.0,0.0
2024-06-18,Sibiu,28.5,14.9,0.2,0.0
2024-06-19,Sibiu,31.6,15.9,0.0,0.0
2024-06-20,Sibiu,32.5,18.0,0.3,0.0
2024-06-21,Sibiu,32.4,18.9,0.0,0.0
2024-06-22,Sibiu,33.2,18.4,0.2,0.0
2024-06-23,Sibiu,30.2,20.0,2.7,0.0
2024-06-24,Sibiu,29.3,19.3,1.3,0.0
2024-06-25,Sibiu,28.6,18.2,1.0,0.0
2024-06-26,Sibiu,29.6,19.0,0.6,0.0
2024-06-27,Sibiu,29.0,18.0,0.3,0.0
2024-06-28,Sibiu,28.6,17.5,0.2,0.0
2024-06-29,Sibiu,30.0,18.6,0.0,0.0
2024-06-30,Sibiu,31.7,17.1,0.0,0.0
2024-07-01,Sibiu,33.9,18.0,0.6,0.0
2024-07-02,Sibiu,31.0,18.5,18.3,0.0
2024-07-03,Sibiu,18.3,15.7,14.1,0.0
2024-07-04,Sibiu,21.0,14.6,0.6,0.0
2024-07-05,Sibiu,25.5,12.2,0.2,0.0
2024-07-06,Sibiu,28.8,13.6,0.0,0.0
2024-07-07,Sibiu,30.7,16.5,0.0,0.0
2024-07-08,Sibiu,31.6,16.9,0.0,0.0
2024-07-09,Sibiu,32.0,19.6,0.2,0.0
2024-07-10,Sibiu,32.2,21.3,0.0,0.0
2024-07-11,Sibiu,33.0,19.2,0.0,0.0
2024-07-12,Sibiu,34.0,18.4,0.0,0.0
2024-07-13,Sibiu,34.7,17.5,0.0,0.0
2024-07-14,Sibiu,35.5,19.0,0.0,0.0
2024-07-15,Sibiu,35.7,19.6,0.0,0.0
2024-07-16,Sibiu,35.8,20.1,0.0,0.0
2024-07-17,Sibiu,35.4,21.2,0.1,0.0
2024-07-18,Sibiu,32.0,21.0,0.3,0.0
2024-07-19,Sibiu,29.8,20.5,5.7,0.0
2024-07-20,Sibiu,31.4,19.1,1.0,0.0
2024-07-21,Sibiu,26.4,18.2,3.6,0.0
2024-07-22,Sibiu,27.1,17.8,4.9,0.0
2024-07-23,Sibiu,29.4,18.5,0.1,0.0
2024-07-24,Sibiu,29.0,17.9,5.8,0.0
2024-07-25,Sibiu,23.7,15.9,5.8,0.0
2024-07-26,Sibiu,24.5,14.2,0.5,0.0
2024-07-27,Sibiu,27.5,15.0,0.0,0.0
2024-07-28,Sibiu,31.6,15.4,0.0,0.0
2024-07-29,Sibiu,27.9,17.8,0.0,0.0
2024-07-30,Sibiu,26.0,14.4,0.0,0.0
2024-07-31,Sibiu,27.5,12.3,0.0,0.0
2024-08-01,Sibiu,30.5,13.1,0.0,0.0
2024-08-02,Sibiu,32.4,15.4,0.0,0.0
2024-08-03,Sibiu,27.8,17.9,1.7,0.0
2024-08-04,Sibiu,23.4,16.5,1.9,0.0
2024-08-05,Sibiu,27.2,16.3,0.2,0.0
2024-08-06,Sibiu,22.6,15.4,10.5,0.0
2024-08-07,Sibiu,25.4,13.1,0.0,0.0
2024-08-08,Sibiu,29.4,13.9,0.0,0.0
2024-08-09,Sibiu,25.4,17.0,5.9,0.0
2024-08-10,Sibiu,28.1,15.3,0.7,0.0
2024-08-11,Sibiu,30.0,16.5,0.0,0.0
2024-08-12,Sibiu,32.5,17.0,0.0,0.0
2024-08-13,Sibiu,33.3,18.5,0.0,0.0
2024-08-14,Sibiu,33.1,19.5,0.4,0.0
2024-08-15,Sibiu,35.5,20.1,0.0,0.0
2024-08-16,Sibiu,33.2,19.0,0.7,0.0
2024-08-17,Sibiu,30.1,19.2,1.5,0.0
2024-08-18,Sibiu,31.9,18.4,0.2,0.0
2024-08-19,Sibiu,32.2,17.0,0.0,0.0
2024-08-20,Sibiu,31.1,16.1,0.0,0.0
2024-08-21,Sibiu,31.5,17.5,0.0,0.0
2024-08-22,Sibiu,29.7,18.1,0.3,0.0
2024-08-23,Sibiu,29.5,16.0,0.0,0.0
2024-08-24,Sibiu,30.6,17.0,0.0,0.0
2024-08-25,Sibiu,32.0,16.0,0.0,0.0
2024-08-26,Sibiu,33.0,16.5,0.0,0.0
2024-08-27,Sibiu,26.6,19.0,5.2,0.0
2024-08-28,Sibiu,26.6,17.0,9.3,0.0
2024-08-29,Sibiu,27.5,16.8,10.0,0.0
2024-08-30,Sibiu,25.9,16.0,9.3,0.0
2024-08-31,Sibiu,28.2,16.8,0.0,0.0
2024-09-01,Sibiu,28.5,15.2,0.0,0.0
2024-09-02,Sibiu,28.5,15.3,0.0,0.0
2024-09-03,Sibiu,29.8,15.6,0.0,0.0
2024-09-04,Sibiu,28.2,14.8,0.0,0.0
2024-09-05,Sibiu,26.5,14.6,0.0,0.0
2024-09-06,Sibiu,25.7,13.6,0.0,0.0
2024-09-07,Sibiu,26.3,15.1,0.0,0.0
2024-09-08,Sibiu,25.3,12.2,0.0,0.0
2024-09-09,Sibiu,26.9,13.0,0.0,0.0
2024-09-10,Sibiu,23.1,16.8,2.5,0.0
2024-09-11,Sibiu,17.7,14.8,6.2,0.0
2024-09-12,Sibiu,23.8,14.5,0.2,0.0
2024-09-13,Sibiu,26.2,12.6,2.7,0.0
2024-09-14,Sibiu,14.7,9.7,7.2,0.0
2024-09-15,Sibiu,20.6,7.3,0.0,0.0
2024-09-16,Sibiu,18.6,10.2,0.4,0.0
2024-09-17,Sibiu,18.0,9.6,0.0,0.0
2024-09-18,Sibiu,20.8,12.1,0.9,0.0
2024-09-19,Sibiu,18.7,10.2,0.0,0.0
2024-09-20,Sibiu,20.6,10.9,0.0,0.0
2024-09-21,Sibiu,20.9,7.4,0.0,0.0
2024-09-22,Sibiu,22.5,11.4,0.0,0.0
2024-09-23,Sibiu,23.2,9.9,0.0,0.0
2024-09-24,Sibiu,24.5,8.2,0.0,0.0
2024-09-25,Sibiu,25.5,13.2,1.9,0.0
2024-09-26,Sibiu,25.8,11.8,0.0,0.0
2024-09-27,Sibiu,27.8,12.1,0.0,0.0
2024-09-28,Sibiu,29.0,12.1,0.0,0.0
2024-09-29,Sibiu,17.0,9.9,39.2,0.0
2024-09-30,Sibiu,10.8,8.4,6.5,0.0
2024-10-01,Sibiu,12.6,6.8,1.0,0.0
2024-10-02,Sibiu,16.8,3.8,0.0,0.0
2024-10-03,Sibiu,22.9,7.2,0.0,0.0
2024-10-04,Sibiu,22.9,14.6,0.0,0.0
2024-10-05,Sibiu,18.5,13.1,6.5,0.0
2024-10-06,Sibiu,14.6,10.5,4.2,0.0
2024-10-07,Sibiu,15.9,6.9,0.0,0.0
2024-10-08,Sibiu,19.2,5.6,0.0,0.0
2024-10-09,Sibiu,23.3,7.7,1.3,0.0
2024-10-10,Sibiu,23.8,10.1,0.0,0.0
2024-10-11,Sibiu,20.0,10.4,5.8,0.0
2024-10-12,Sibiu,15.6,10.8,4.5,0.0
2024-10-13,Sibiu,16.2,6.2,0.0,0.0
2024-10-14,Sibiu,15.7,7.9,0.0,0.0
2024-10-15,Sibiu,16.7,4.3,0.5,0.0
2024-10-16,Sibiu,13.5,4.6,0.0,0.0
2024-10-17,Sibiu,13.4,2.8,0.0,0.0
2024-10-18,Sibiu,14.5,3.2,0.0,0.0
2024-10-19,Sibiu,13.9,2.5,0.0,0.0
2024-10-20,Sibiu,13.5,0.9,0.0,0.0
2024-10-21,Sibiu,15.0,0.5,0.0,0.0
2024-10-22,Sibiu,16.8,1.4,0.0,0.0
2024-10-23,Sibiu,16.3,4.4,0.0,0.0
2024-10-24,Sibiu,14.5,3.2,0.0,0.0
2024-10-25,Sibiu,15.2,2.6,0.0,0.0
2024-10-26,Sibiu,15.9,1.9,0.0,0.0
2024-10-27,Sibiu,18.4,3.9,0.0,0.0
2024-10-28,Sibiu,19.6,9.5,0.0,0.0
2024-10-29,Sibiu,16.0,8.6,0.6,0.0
2024-10-30,Sibiu,17.5,7.8,0.0,0.0
2024-10-31,Sibiu,16.7,8.1,0.2,0.0
2024-11-01,Sibiu,15.7,5.9,0.0,0.0
2024-11-02,Sibiu,16.0,5.8,0.3,0.0
2024-11-03,Sibiu,10.1,1.9,0.0,0.0
2024-11-04,Sibiu,10.6,1.0,0.0,0.0
2024-11-05,Sibiu,10.4,-1.5,0.0,0.0
2024-11-06,Sibiu,10.8,-1.5,0.0,0.0
2024-11-07,Sibiu,11.1,-0.1,0.0,0.0
2024-11-08,Sibiu,11.6,-2.0,0.0,0.0
2024-11-09,Sibiu,9.4,-1.5,0.0,0.0
2024-11-10,Sibiu,7.6,-2.6,0.0,0.0
2024-11-11,Sibiu,5.8,-0.2,2.3,0.0
2024-11-12,Sibiu,5.4,0.3,4.8,0.0
2024-11-13,Sibiu,5.1,0.3,0.0,0.0
2024-11-14,Sibiu,5.9,0.9,0.0,0.0
2024-11-15,Sibiu,4.3,0.6,0.0,0.0
2024-11-16,Sibiu,5.7,-1.5,0.0,0.0
2024-11-17,Sibiu,5.3,-3.7,0.0,0.0
2024-11-18,Sibiu,8.1,-2.5,0.0,0.0
2024-11-19,Sibiu,11.0,-2.0,0.0,0.0
2024-11-20,Sibiu,11.8,4.6,3.3,0.0
2024-11-21,Sibiu,2.6,-8.1,21.8,0.0
2024-11-22,Sibiu,5.1,-6.5,17.5,0.0
2024-11-23,Sibiu,1.9,-1.1,0.2,0.0
2024-11-24,Sibiu,5.7,-3.9,0.0,0.0
2024-11-25,Sibiu,8.8,0.6,0.0,0.0
2024-11-26,Sibiu,9.4,0.0,0.0,0.0
2024-11-27,Sibiu,6.9,1.1,0.1,0.0
2024-11-28,Sibiu,9.8,1.2,0.0,0.0
2024-11-29,Sibiu,5.8,3.0,11.8,0.0
2024-11-30,Sibiu,3.8,1.4,1.7,0.0
2024-12-01,Sibiu,7.1,1.1,0.0,0.0
2024-12-02,Sibiu,4.9,-0.4,0.0,0.0
2024-12-03,Sibiu,2.5,-1.8,0.0,0.0
2024-12-04,Sibiu,2.6,-1.3,0.0,0.0
2024-12-05,Sibiu,3.4,0.1,0.0,0.0
2024-12-06,Sibiu,5.9,0.0,3.2,0.0
2024-12-07,Sibiu,3.7,1.2,9.0,0.0
2024-12-08,Sibiu,4.9,-0.1,0.3,0.0
2024-12-09,Sibiu,4.7,0.5,4.1,0.0
2024-12-10,Sibiu,5.7,0.3,0.0,0.0
2024-12-11,Sibiu,3.1,1.2,0.0,0.0
2024-12-12,Sibiu,3.1,1.0,0.7,0.0
2024-12-13,Sibiu,2.8,-1.2,0.0,0.0
2024-12-14,Sibiu,5.2,-1.1,0.1,0.0
2024-12-15,Sibiu,2.9,-0.6,0.5,0.0
2024-12-16,Sibiu,6.6,0.6,0.0,0.0
2024-12-17,Sibiu,11.5,3.3,0.0,0.0
2024-12-18,Sibiu,8.1,0.8,0.0,0.0
2024-12-19,Sibiu,8.4,-0.9,0.0,0.0
2024-12-20,Sibiu,6.7,-1.5,1.4,0.0
2024-12-21,Sibiu,2.5,0.5,8.5,0.0
2024-12-22,Sibiu,2.1,-3.0,0.6,0.0
2024-12-23,Sibiu,6.2,-3.6,0.0,0.0
2024-12-24,Sibiu,2.4,-3.0,4.3,0.0
2024-12-25,Sibiu,5.5,1.2,2.6,0.0
2024-12-26,Sibiu,6.3,-1.0,0.0,0.0
2024-12-27,Sibiu,7.0,-0.3,0.0,0.0
2024-12-28,Sibiu,5.8,0.1,0.0,0.0
2024-12-29,Sibiu,5.8,-2.3,0.0,0.0
2024-12-30,Sibiu,4.6,-3.8,0.0,0.0
2024-12-31,Sibiu,5.2,-4.3,0.0,0.0
2025-01-01,Sibiu,7.2,-3.5,0.0,0.0
2025-01-02,Sibiu,7.1,-3.0,0.0,0.0
2025-01-03,Sibiu,3.0,-2.0,3.5,0.0
2025-01-04,Sibiu,1.9,-4.3,0.0,0.0
2025-01-05,Sibiu,4.3,-6.5,0.0,0.0
2025-01-06,Sibiu,10.6,-0.1,0.0,0.0
2025-01-07,Sibiu,11.4,-1.2,0.0,0.0
2025-01-08,Sibiu,11.8,0.9,0.0,0.0
2025-01-09,Sibiu,11.9,0.4,0.0,0.0
2025-01-10,Sibiu,12.1,0.9,1.4,0.0
2025-01-11,Sibiu,2.7,-4.1,0.0,0.0
2025-01-12,Sibiu,1.0,-4.9,0.0,0.0
2025-01-13,Sibiu,1.4,-5.1,2.4,0.0
2025-01-14,Sibiu,0.6,-6.9,0.1,0.0
2025-01-15,Sibiu,0.6,-8.2,0.0,0.0
2025-01-16,Sibiu,0.9,-8.6,0.0,0.0
2025-01-17,Sibiu,3.1,-6.8,0.0,0.0
2025-01-18,Sibiu,4.2,-4.6,0.0,0.0
2025-01-19,Sibiu,5.6,-4.4,0.0,0.0
2025-01-20,Sibiu,6.2,-4.2,0.0,0.0
2025-01-21,Sibiu,5.9,-3.0,0.0,0.0
2025-01-22,Sibiu,4.0,-1.9,0.0,0.0
2025-01-23,Sibiu,7.7,-1.5,0.0,0.0
2025-01-24,Sibiu,8.4,1.9,1.3,0.0
2025-01-25,Sibiu,7.0,-1.1,0.1,0.0
2025-01-26,Sibiu,11.2,-1.4,0.0,0.0
2025-01-27,Sibiu,11.9,-0.7,0.0,0.0
2025-01-28,Sibiu,15.7,-0.2,0.0,0.0
2025-01-29,Sibiu,13.6,1.4,0.0,0.0
2025-01-30,Sibiu,11.4,0.9,0.0,0.0
2025-01-31,Sibiu,12.4,1.2,1.5,0.0
2025-02-01,Sibiu,8.7,-1.1,0.1,0.0
2025-02-02,Sibiu,7.9,-2.4,0.0,0.0
2025-02-03,Sibiu,3.6,-3.9,4.7,0.0
2025-02-04,Sibiu,3.8,-4.8,0.0,0.0
2025-02-05,Sibiu,3.3,-3.7,0.0,0.0
2025-02-06,Sibiu,3.3,-2.3,0.2,0.0
2025-02-07,Sibiu,3.2,-4.3,0.0,0.0
2025-02-08,Sibiu,5.9,-6.0,0.0,0.0
2025-02-09,Sibiu,6.4,-4.8,0.0,0.0
2025-02-10,Sibiu,5.2,-6.6,0.0,0.0
2025-02-11,Sibiu,5.0,-7.3,0.0,0.0
2025-02-12,Sibiu,5.7,-7.2,0.0,0.0
2025-02-13,Sibiu,4.5,-5.8,0.2,0.0
2025-02-14,Sibiu,11.1,-1.2,0.0,0.0
2025-02-15,Sibiu,2.7,-1.3,3.1,0.0
2025-02-16,Sibiu,1.9,-4.3,0.3,0.0
2025-02-17,Sibiu,-1.7,-4.1,2.4,0.0
2025-02-18,Sibiu,1.4,-4.4,1.2,0.0
2025-02-19,Sibiu,1.4,-8.6,0.1,0.0
2025-02-20,Sibiu,1.5,-9.2,0.0,0.0
2025-02-21,Sibiu,3.2,-6.6,0.0,0.0
2025-02-22,Sibiu,4.2,-5.9,0.0,0.0
2025-02-23,Sibiu,5.8,-6.3,0.0,0.0
2025-02-24,Sibiu,7.2,-5.2,0.0,0.0
2025-02-25,Sibiu,8.7,-1.8,0.0,0.0
2025-02-26,Sibiu,11.2,-2.8,0.0,0.0
2025-02-27,Sibiu,13.9,-0.9,0.0,0.0
2025-02-28,Sibiu,10.8,0.9,4.3,0.0
2025-03-01,Sibiu,5.1,0.9,4.7,0.0
2025-03-02,Sibiu,6.8,-0.1,2.4,0.0
2025-03-03,Sibiu,7.8,-2.7,0.0,0.0
2025-03-04,Sibiu,10.6,-2.8,0.0,0.0
2025-03-05,Sibiu,13.2,-0.7,0.0,0.0
2025-03-06,Sibiu,16.4,0.2,0.0,0.0
2025-03-07,Sibiu,16.6,0.7,0.0,0.0
2025-03-08,Sibiu,17.5,-0.3,0.0,0.0
2025-03-09,Sibiu,18.2,-0.3,0.0,0.0
2025-03-10,Sibiu,18.1,-0.5,0.0,0.0
2025-03-11,Sibiu,18.0,2.2,4.1,0.0
2025-03-12,Sibiu,17.6,3.5,0.0,0.0
2025-03-13,Sibiu,19.0,6.9,9.0,0.0
2025-03-14,Sibiu,19.5,4.4,1.2,0.0
2025-03-15,Sibiu,24.0,10.6,1.6,0.0
2025-03-16,Sibiu,13.6,7.2,12.8,0.0
2025-03-17,Sibiu,7.1,0.9,6.1,0.0
2025-03-18,Sibiu,1.5,-6.4,6.1,0.0
2025-03-19,Sibiu,6.8,-6.5,0.0,0.0
2025-03-20,Sibiu,10.3,-3.2,0.0,0.0
2025-03-21,Sibiu,13.7,-3.0,0.0,0.0
2025-03-22,Sibiu,16.1,-1.4,0.9,0.0
2025-03-23,Sibiu,17.1,3.3,0.3,0.0
2025-03-24,Sibiu,20.9,7.3,0.0,0.0
2025-03-25,Sibiu,16.5,9.2,0.0,0.0
2025-03-26,Sibiu,14.6,4.8,6.5,0.0
2025-03-27,Sibiu,16.5,8.7,1.1,0.0
2025-03-28,Sibiu,11.9,7.3,6.4,0.0
2025-03-29,Sibiu,9.6,5.8,7.0,0.0
2025-03-30,Sibiu,14.2,5.7,0.3,0.0
2025-03-31,Sibiu,14.3,4.6,2.0,0.0
2025-04-01,Sibiu,16.0,7.2,0.3,0.0
2025-04-02,Sibiu,14.1,5.9,0.3,0.0
2025-04-03,Sibiu,11.9,5.4,1.4,0.0
2025-04-04,Sibiu,14.5,4.4,0.5,0.0
2025-04-05,Sibiu,16.5,4.2,7.5,0.0
2025-04-06,Sibiu,5.3,-0.9,8.1,0.0
2025-04-07,Sibiu,3.3,-3.5,0.2,0.0
2025-04-08,Sibiu,6.4,-3.8,0.0,0.0
2025-04-09,Sibiu,7.8,-1.5,0.6,0.0
2025-04-10,Sibiu,6.7,-1.5,3.1,0.0
2025-04-11,Sibiu,7.4,-0.7,2.0,0.0
2025-04-12,Sibiu,10.4,3.2,2.5,0.0
2025-04-13,Sibiu,17.3,1.6,0.0,0.0
2025-04-14,Sibiu,13.6,5.2,1.1,0.0
2025-04-15,Sibiu,16.5,10.1,0.0,0.0
2025-04-16,Sibiu,23.5,8.4,0.0,0.0
2025-04-17,Sibiu,25.6,11.9,0.0,0.0
2025-04-18,Sibiu,21.0,12.5,0.2,0.0
2025-04-19,Sibiu,18.0,9.0,4.6,0.0
2025-04-20,Sibiu,21.1,7.6,0.0,0.0
2025-04-21,Sibiu,23.8,8.1,0.0,0.0
2025-04-22,Sibiu,22.2,9.4,0.5,0.0
2025-04-23,Sibiu,21.2,8.8,2.4,0.0
2025-04-24,Sibiu,22.2,8.8,0.0,0.0
2025-04-25,Sibiu,22.5,8.2,0.0,0.0
2025-04-26,Sibiu,19.9,9.6,5.0,0.0
2025-04-27,Sibiu,11.2,6.9,5.4,0.0
2025-04-28,Sibiu,17.8,6.8,0.0,0.0
2025-04-29,Sibiu,20.4,5.3,0.0,0.0
2025-04-30,Sibiu,21.8,8.6,0.0,0.0
2025-05-01,Sibiu,23.1,9.6,0.6,0.0
2025-05-02,Sibiu,24.0,8.6,0.0,0.0
2025-05-03,Sibiu,25.7,8.2,0.0,0.0
2025-05-04,Sibiu,25.6,10.7,0.4,0.0
2025-05-05,Sibiu,24.1,10.5,1.1,0.0
2025-05-06,Sibiu,21.6,12.3,4.7,0.0
2025-05-07,Sibiu,18.6,10.4,8.2,0.0
2025-05-08,Sibiu,17.0,10.1,7.6,0.0
2025-05-09,Sibiu,15.4,8.2,8.1,0.0
2025-05-10,Sibiu,16.5,8.0,0.0,0.0
2025-05-11,Sibiu,17.2,3.9,3.7,0.0
2025-05-12,Sibiu,13.1,4.9,0.2,0.0
2025-05-13,Sibiu,14.4,2.2,0.4,0.0
2025-05-14,Sibiu,16.6,3.2,0.0,0.0
2025-05-15,Sibiu,21.1,3.9,1.2,0.0
2025-05-16,Sibiu,9.8,5.9,10.8,0.0
2025-05-17,Sibiu,12.5,4.5,5.6,0.0
2025-05-18,Sibiu,17.0,3.0,2.1,0.0
2025-05-19,Sibiu,16.7,4.6,4.1,0.0
2025-05-20,Sibiu,16.2,5.9,4.3,0.0
2025-05-21,Sibiu,20.6,6.1,0.1,0.0
2025-05-22,Sibiu,21.4,11.1,2.5,0.0
2025-05-23,Sibiu,21.9,9.6,6.3,0.0
2025-05-24,Sibiu,14.9,10.6,0.8,0.0
2025-05-25,Sibiu,13.0,9.9,8.8,0.0
2025-05-26,Sibiu,13.4,9.6,9.3,0.0
2025-05-27,Sibiu,17.0,11.2,4.3,0.0
2025-05-28,Sibiu,18.3,11.5,1.6,0.0
2025-05-29,Sibiu,19.3,9.5,4.9,0.0
2025-05-30,Sibiu,18.4,11.6,2.6,0.0
2025-05-31,Sibiu,21.0,9.6,0.0,0.0
2025-06-01,Sibiu,24.8,11.1,0.3,0.0
2025-06-02,Sibiu,28.0,12.0,0.0,0.0
2025-06-03,Sibiu,29.1,13.1,0.0,0.0
2025-06-04,Sibiu,29.0,15.9,0.0,0.0
2025-06-05,Sibiu,32.0,15.4,0.0,0.0
2025-06-06,Sibiu,31.4,16.8,0.1,0.0
2025-06-07,Sibiu,31.6,14.8,0.0,0.0
2025-06-08,Sibiu,32.3,16.9,0.0,0.0
2025-06-09,Sibiu,23.0,16.6,15.2,0.0
2025-06-10,Sibiu,22.8,12.2,0.0,0.0
2025-06-11,Sibiu,27.1,12.7,0.1,0.0
2025-06-12,Sibiu,25.1,14.6,0.0,0.0
2025-06-13,Sibiu,25.4,12.4,0.0,0.0
2025-06-14,Sibiu,25.3,11.6,0.0,0.0
2025-06-15,Sibiu,25.6,11.4,0.0,0.0
2025-06-16,Sibiu,29.1,12.2,0.0,0.0
2025-06-17,Sibiu,30.4,15.8,1.0,0.0
2025-06-18,Sibiu,28.5,17.5,0.1,0.0
2025-06-19,Sibiu,30.5,15.1,0.0,0.0
2025-06-20,Sibiu,26.4,17.1,0.0,0.0
2025-06-21,Sibiu,25.3,11.4,0.0,0.0
2025-06-22,Sibiu,27.1,11.6,0.0,0.0
2025-06-23,Sibiu,30.6,13.8,0.0,0.0
2025-06-24,Sibiu,31.2,14.9,0.0,0.0
2025-06-25,Sibiu,32.7,16.9,0.0,0.0
2025-06-26,Sibiu,33.1,18.9,0.1,0.0
2025-06-27,Sibiu,33.6,18.8,4.0,0.0
2025-06-28,Sibiu,25.7,17.5,8.2,0.0
2025-06-29,Sibiu,26.4,15.7,0.0,0.0
2025-06-30,Sibiu,29.3,18.5,1.4,0.0
2025-07-01,Sibiu,28.8,14.0,0.0,0.0
2025-07-02,Sibiu,29.9,13.7,0.0,0.0
2025-07-03,Sibiu,32.6,15.2,0.0,0.0
2025-07-04,Sibiu,35.5,17.8,0.0,0.0
2025-07-05,Sibiu,31.0,19.5,1.8,0.0
2025-07-06,Sibiu,32.2,17.2,0.0,0.0
2025-07-07,Sibiu,35.3,18.2,0.4,0.0
2025-07-08,Sibiu,34.0,18.1,4.8,0.0
2025-07-09,Sibiu,21.7,14.0,9.5,0.0
2025-07-10,Sibiu,19.2,12.9,4.6,0.0
2025-07-11,Sibiu,19.6,12.4,12.0,0.0
2025-07-12,Sibiu,23.6,10.4,0.1,0.0
2025-07-13,Sibiu,28.6,12.4,0.0,0.0
2025-07-14,Sibiu,29.8,14.6,0.0,0.0
2025-07-15,Sibiu,28.7,16.5,0.2,0.0
2025-07-16,Sibiu,27.8,15.4,17.5,0.0
2025-07-17,Sibiu,24.9,14.6,10.5,0.0
2025-07-18,Sibiu,21.6,11.5,0.4,0.0
2025-07-19,Sibiu,24.4,12.6,0.8,0.0
2025-07-20,Sibiu,29.3,13.4,0.3,0.0
2025-07-21,Sibiu,33.0,17.0,0.0,0.0
2025-07-22,Sibiu,32.5,18.9,1.8,0.0
2025-07-23,Sibiu,30.6,16.5,0.0,0.0
2025-07-24,Sibiu,31.4,19.0,0.6,0.0
2025-07-25,Sibiu,31.9,17.6,1.4,0.0
2025-07-26,Sibiu,36.2,18.6,1.0,0.0
2025-07-27,Sibiu,31.1,18.9,4.9,0.0
2025-07-28,Sibiu,24.9,17.4,1.6,0.0
2025-07-29,Sibiu,22.9,17.1,15.6,0.0
2025-07-30,Sibiu,23.0,16.6,5.6,0.0
2025-07-31,Sibiu,23.4,15.1,0.2,0.0
2025-08-01,Sibiu,26.1,12.4,0.0,0.0
2025-08-02,Sibiu,28.5,13.2,0.0,0.0
2025-08-03,Sibiu,30.0,14.4,0.0,0.0
2025-08-04,Sibiu,26.6,15.4,0.1,0.0
2025-08-05,Sibiu,28.2,16.5,0.4,0.0
2025-08-06,Sibiu,28.1,16.5,4.2,0.0
2025-08-07,Sibiu,27.6,17.5,0.5,0.0
2025-08-08,Sibiu,30.4,15.9,0.0,0.0
2025-08-09,Sibiu,31.5,15.7,0.0,0.0
2025-08-10,Sibiu,33.8,16.5,0.0,0.0
2025-08-11,Sibiu,31.0,19.1,0.0,0.0
2025-08-12,Sibiu,31.7,17.8,0.0,0.0
2025-08-13,Sibiu,31.9,16.6,0.0,0.0
2025-08-14,Sibiu,31.9,16.8,0.0,0.0
2025-08-15,Sibiu,33.0,16.6,0.0,0.0
2025-08-16,Sibiu,32.8,17.6,0.0,0.0
2025-08-17,Sibiu,31.5,17.9,0.1,0.0
2025-08-18,Sibiu,24.4,16.2,4.7,0.0
2025-08-19,Sibiu,24.0,14.9,1.9,0.0
2025-08-20,Sibiu,27.4,13.9,0.0,0.0
2025-08-21,Sibiu,30.8,13.4,0.0,0.0
2025-08-22,Sibiu,26.5,17.3,1.2,0.0
2025-08-23,Sibiu,23.2,14.2,0.7,0.0
2025-08-24,Sibiu,21.1,11.3,0.0,0.0
2025-08-25,Sibiu,22.1,7.9,0.0,0.0
2025-08-26,Sibiu,24.8,8.4,0.0,0.0
2025-08-27,Sibiu,27.2,8.9,0.0,0.0
2025-08-28,Sibiu,29.2,10.5,0.0,0.0
2025-08-29,Sibiu,30.3,14.8,0.0,0.0
2025-08-30,Sibiu,32.0,15.1,0.0,0.0
2025-08-31,Sibiu,22.6,16.4,39.0,0.0
2025-09-01,Sibiu,23.8,16.0,4.2,0.0
2025-09-02,Sibiu,27.2,15.7,0.0,0.0
2025-09-03,Sibiu,30.6,14.4,0.0,0.0
2025-09-04,Sibiu,29.4,17.7,0.0,0.0
2025-09-05,Sibiu,29.4,14.6,0.0,0.0
2025-09-06,Sibiu,29.5,13.2,0.0,0.0
2025-09-07,Sibiu,29.1,15.4,0.0,0.0
2025-09-08,Sibiu,27.4,14.2,1.8,0.0
2025-09-09,Sibiu,22.0,14.6,7.7,0.0
2025-09-10,Sibiu,27.1,13.6,0.0,0.0
2025-09-11,Sibiu,24.6,17.0,5.3,0.0
2025-09-12,Sibiu,22.7,15.5,0.3,0.0
2025-09-13,Sibiu,25.6,14.3,0.1,0.0
2025-09-14,Sibiu,23.6,16.6,0.5,0.0
2025-09-15,Sibiu,22.8,13.2,0.0,0.0
2025-09-16,Sibiu,26.4,10.8,0.0,0.0
2025-09-17,Sibiu,18.7,12.7,7.9,0.0
2025-09-18,Sibiu,19.4,8.9,0.1,0.0
2025-09-19,Sibiu,22.6,7.2,0.0,0.0
2025-09-20,Sibiu,25.5,12.6,0.0,0.0
2025-09-21,Sibiu,28.0,11.0,0.0,0.0
2025-09-22,Sibiu,27.4,14.3,0.0,0.0
2025-09-23,Sibiu,27.0,10.6,0.0,0.0
2025-09-24,Sibiu,26.4,11.6,0.0,0.0
2025-09-25,Sibiu,19.4,10.4,2.0,0.0
2025-09-26,Sibiu,16.9,9.1,1.0,0.0
2025-09-27,Sibiu,16.9,9.6,0.0,0.0
2025-09-28,Sibiu,18.4,8.4,0.0,0.0
2025-09-29,Sibiu,12.8,7.5,11.4,0.0
2025-09-30,Sibiu,13.6,6.1,3.5,0.0
2025-10-01,Sibiu,13.6,4.4,0.7,0.0
2025-10-02,Sibiu,8.5,4.4,7.7,0.0
2025-10-03,Sibiu,6.8,3.1,22.2,0.0
2025-10-04,Sibiu,10.6,3.3,1.9,0.0
2025-10-05,Sibiu,12.6,4.4,0.6,0.0
2025-10-06,Sibiu,10.0,7.8,16.3,0.0
2025-10-07,Sibiu,10.6,7.3,9.3,0.0
2025-10-08,Sibiu,10.2,8.1,17.8,0.0
2025-10-09,Sibiu,14.1,9.1,0.5,0.0
2025-10-10,Sibiu,16.1,10.2,1.3,0.0
2025-10-11,Sibiu,14.1,8.8,2.5,0.0
2025-10-12,Sibiu,14.9,10.9,1.2,0.0
2025-10-13,Sibiu,14.8,8.2,2.4,0.0
2025-10-14,Sibiu,11.5,8.1,2.1,0.0
2025-10-15,Sibiu,10.1,6.3,1.9,0.0
2025-10-16,Sibiu,12.7,2.4,0.0,0.0
2025-10-17,Sibiu,14.4,2.0,0.0,0.0
2025-10-18,Sibiu,11.9,7.1,1.0,0.0
2025-10-19,Sibiu,10.4,4.4,0.4,0.0
2025-10-20,Sibiu,10.4,-0.3,0.0,0.0
2025-10-21,Sibiu,12.8,-1.1,0.0,0.0
2025-10-22,Sibiu,14.9,1.4,0.0,0.0
2025-10-23,Sibiu,19.5,5.0,0.0,0.0
2025-10-24,Sibiu,14.1,8.4,12.4,0.0
2025-10-25,Sibiu,13.4,3.3,0.0,0.0
2025-10-26,Sibiu,15.7,4.0,0.4,0.0
2025-10-27,Sibiu,12.0,5.8,1.3,0.0
2025-10-28,Sibiu,11.2,4.3,0.0,0.0
2025-10-29,Sibiu,16.2,3.0,0.0,0.0
2025-10-30,Sibiu,18.9,2.3,0.0,0.0
2025-10-31,Sibiu,19.5,6.7,0.0,0.0
2025-11-01,Sibiu,18.2,6.4,0.0,0.0
2025-11-02,Sibiu,21.7,6.0,0.0,0.0
2025-11-03,Sibiu,20.4,7.8,0.0,0.0
2025-11-04,Sibiu,10.7,6.2,0.9,0.0
2025-11-05,Sibiu,12.2,3.3,0.0,0.0
2025-11-06,Sibiu,11.9,5.1,0.5,0.0
2025-11-07,Sibiu,12.2,3.5,0.0,0.0
2025-11-08,Sibiu,11.5,7.8,0.6,0.0
2025-11-09,Sibiu,12.9,7.4,0.2,0.0
2025-11-10,Sibiu,9.9,7.2,3.3,0.0
2025-11-11,Sibiu,10.2,6.4,2.7,0.0
2025-11-12,Sibiu,9.9,2.8,0.0,0.0
2025-11-13,Sibiu,10.6,0.6,0.0,0.0
2025-11-14,Sibiu,10.9,2.3,0.0,0.0
2025-11-15,Sibiu,10.9,1.5,0.0,0.0
2025-11-16,Sibiu,12.4,1.5,0.0,0.0
2025-11-17,Sibiu,16.8,3.3,5.6,0.0
2025-11-18,Sibiu,9.8,3.7,3.6,0.0
2025-11-19,Sibiu,7.9,0.8,7.8,0.0
2025-11-20,Sibiu,13.1,3.4,0.7,0.0
2025-11-21,Sibiu,15.4,7.7,2.3,0.0
2025-11-22,Sibiu,10.6,5.4,2.4,0.0
2025-11-23,Sibiu,5.6,1.0,6.0,0.0
2025-11-24,Sibiu,1.9,-2.0,0.0,0.0
2025-11-25,Sibiu,11.1,0.3,0.0,0.0
2025-11-26,Sibiu,13.4,6.3,0.5,0.0
2025-11-27,Sibiu,6.7,5.3,6.0,0.0
2025-11-28,Sibiu,7.5,3.4,0.8,0.0
2025-11-29,Sibiu,6.8,5.1,13.6,0.0
2025-11-30,Sibiu,5.4,3.1,3.2,0.0
2025-12-01,Sibiu,5.8,3.7,2.0,0.0
2025-12-02,Sibiu,8.3,2.5,0.0,0.0
2025-12-03,Sibiu,9.9,3.2,0.0,0.0
2025-12-04,Sibiu,11.9,4.0,0.0,0.0
2025-12-05,Sibiu,11.8,5.9,0.0,0.0
2025-12-06,Sibiu,7.2,2.5,0.0,0.0
2025-12-07,Sibiu,8.2,0.8,0.6,0.0
2025-12-08,Sibiu,7.5,5.8,1.7,0.0
2025-12-09,Sibiu,8.8,2.8,0.0,0.0
2025-12-10,Sibiu,11.0,3.8,0.0,0.0
2025-12-11,Sibiu,8.9,2.9,0.0,0.0
2025-12-12,Sibiu,7.3,3.3,0.0,0.0
2025-12-13,Sibiu,5.6,0.3,0.0,0.0
2025-12-14,Sibiu,3.3,-1.8,0.0,0.0
2025-12-15,Sibiu,5.7,-1.1,0.0,0.0
2025-12-16,Sibiu,6.4,-2.3,0.0,0.0
2025-12-17,Sibiu,7.8,-3.0,0.0,0.0
2025-12-18,Sibiu,9.6,1.8,0.0,0.0
2025-12-19,Sibiu,9.7,1.4,0.0,0.0
2025-12-20,Sibiu,4.9,-0.2,0.0,0.0
2025-12-21,Sibiu,6.2,-1.9,0.0,0.0
2025-12-22,Sibiu,1.6,-1.2,0.0,0.0
2025-12-23,Sibiu,1.8,-2.4,0.0,0.0
2025-12-24,Sibiu,1.5,-2.6,3.6,0.0
2025-12-25,Sibiu,-0.1,-2.5,0.6,0.0
2025-12-26,Sibiu,3.8,-3.0,0.0,0.0
2025-12-27,Sibiu,3.0,-3.5,0.0,0.0
2025-12-28,Sibiu,2.1,-4.0,3.9,0.0
2025-12-29,Sibiu,2.8,-5.1,0.5,0.0
2025-12-30,Sibiu,0.3,-7.2,3.3,0.0
2025-12-31,Sibiu,-3.0,-6.7,0.0,0.0
2026-01-01,Sibiu,-0.2,-10.9,0.0,0.0
2026-01-02,Sibiu,5.8,-6.5,0.1,0.0
2026-01-03,Sibiu,1.6,-6.2,10.8,0.0
2026-01-04,Sibiu,-1.5,-6.8,3.4,0.0
2026-01-05,Sibiu,2.5,-3.7,4.7,0.0
2026-01-06,Sibiu,2.8,-0.1,2.4,0.0
2026-01-07,Sibiu,1.6,-1.2,2.2,0.0
2026-01-08,Sibiu,-1.8,-6.1,9.7,0.0
2026-01-09,Sibiu,-3.8,-7.8,0.0,0.0
2026-01-10,Sibiu,0.3,-4.6,0.2,0.0
2026-01-11,Sibiu,-2.3,-7.8,2.5,0.0
2026-01-12,Sibiu,-3.3,-11.4,0.0,0.0
2026-01-13,Sibiu,-0.7,-9.8,3.6,0.0
2026-01-14,Sibiu,1.1,-3.8,0.6,0.0
2026-01-15,Sibiu,1.9,0.5,2.2,0.0
2026-01-16,Sibiu,2.2,-1.9,2.3,0.0
2026-01-17,Sibiu,2.5,-4.3,0.0,0.0
2026-01-18,Sibiu,-1.4,-5.9,0.0,0.0
2026-01-19,Sibiu,1.2,-8.0,0.0,0.0
2026-01-20,Sibiu,0.9,-8.8,0.0,0.0
2026-01-21,Sibiu,6.7,-9.6,0.0,0.0
2026-01-22,Sibiu,4.6,-2.0,0.0,0.0
2026-01-23,Sibiu,6.6,-1.8,0.0,0.0
2026-01-24,Sibiu,8.9,0.3,0.0,0.0
2026-01-25,Sibiu,10.1,-0.2,0.0,0.0
2026-01-26,Sibiu,7.5,2.6,9.9,0.0
2026-01-27,Sibiu,5.4,2.0,2.5,0.0
2026-01-28,Sibiu,8.3,-0.6,0.1,0.0
2026-01-29,Sibiu,9.9,0.2,3.3,0.0
2026-01-30,Sibiu,4.2,-0.6,1.6,0.0
2026-01-31,Sibiu,3.6,1.9,2.8,0.0
2026-02-01,Sibiu,5.7,-0.3,0.0,0.0
2026-02-02,Sibiu,1.8,-2.0,1.8,0.0
2026-02-03,Sibiu,5.7,-3.7,0.0,0.0
2026-02-04,Sibiu,8.8,1.3,0.0,0.0
2026-02-05,Sibiu,9.9,4.4,0.2,0.0
2026-02-06,Sibiu,12.4,0.6,0.0,0.0
2026-02-07,Sibiu,10.2,2.2,1.5,0.0
2026-02-08,Sibiu,9.4,3.1,1.5,0.0
2026-02-09,Sibiu,6.2,0.5,1.1,0.0
2026-02-10,Sibiu,2.7,-0.8,1.1,0.0
2026-02-11,Sibiu,9.3,-0.4,0.0,0.0
2026-02-12,Sibiu,12.1,2.5,0.0,0.0
2026-02-13,Sibiu,12.3,0.3,0.4,0.0
2026-02-14,Sibiu,12.1,0.9,0.0,0.0
2026-02-15,Sibiu,8.4,4.4,7.8,0.0
2026-02-16,Sibiu,3.7,-1.9,0.7,0.0
2026-02-17,Sibiu,3.1,-2.3,10.8,0.0
2026-02-18,Sibiu,4.2,0.2,7.1,0.0
2026-02-19,Sibiu,8.6,-1.9,0.0,0.0
2026-02-20,Sibiu,10.6,-1.1,4.2,0.0
2026-02-21,Sibiu,0.4,-3.6,4.2,0.0
2026-02-22,Sibiu,5.2,-0.4,0.7,0.0
2026-02-23,Sibiu,6.4,-2.4,3.8,0.0
2026-02-24,Sibiu,9.3,2.2,8.6,0.0
2026-02-25,Sibiu,6.9,-0.1,8.2,0.0
2026-02-26,Sibiu,5.5,-2.8,0.1,0.0
2026-02-27,Sibiu,8.1,-3.5,0.0,0.0
2026-02-28,Sibiu,11.1,-2.2,0.0,0.0
2026-03-01,Sibiu,13.9,-1.4,0.0,0.0
2026-03-02,Sibiu,12.1,0.3,0.0,0.0
2026-03-03,Sibiu,12.1,0.4,0.0,0.0
2026-03-04,Sibiu,13.9,-0.2,0.0,0.0
2026-03-05,Sibiu,13.9,1.9,0.0,0.0
2026-03-06,Sibiu,12.9,-0.2,0.0,0.0
2026-03-07,Sibiu,14.1,-1.5,0.0,0.0
2026-03-08,Sibiu,14.2,0.0,0.0,0.0
2026-03-09,Sibiu,13.6,-0.4,0.0,0.0
2026-03-10,Sibiu,15.0,-0.4,0.0,0.0
2026-03-11,Sibiu,16.0,-0.6,0.0,0.0
2026-03-12,Sibiu,15.6,-0.8,0.0,0.0
2026-03-13,Sibiu,15.6,-0.1,0.0,0.0
2026-03-14,Sibiu,13.9,-1.0,0.0,0.0
2026-03-15,Sibiu,12.6,-1.8,0.0,0.0
2026-03-16,Sibiu,12.4,-0.6,0.0,0.0
2026-03-17,Sibiu,12.6,-1.7,0.0,0.0
2026-03-18,Sibiu,12.6,0.7,0.0,0.0
2026-03-19,Sibiu,8.0,0.9,0.3,0.0
2026-03-20,Sibiu,8.1,0.2,0.5,0.0
2026-03-21,Sibiu,11.7,1.2,0.0,0.0
2026-03-22,Sibiu,12.6,2.9,0.0,0.0
2026-03-23,Sibiu,10.8,2.6,0.0,0.0
2026-03-24,Sibiu,15.0,3.1,0.4,0.0
2026-03-25,Sibiu,13.9,3.5,0.0,0.0
2026-03-26,Sibiu,16.1,4.8,0.0,0.0
2026-03-27,Sibiu,15.1,4.8,0.9,0.0
2026-03-28,Sibiu,9.2,4.2,7.8,0.0
2026-03-29,Sibiu,8.6,2.8,11.8,0.0
2026-03-30,Sibiu,12.8,7.3,3.0,0.0
2026-03-31,Sibiu,7.6,5.1,1.8,0.0
2026-04-01,Sibiu,12.4,5.9,0.8,0.0
2026-04-02,Sibiu,11.1,3.5,4.0,0.0
2026-04-03,Sibiu,12.1,7.3,18.0,0.0
2026-04-04,Sibiu,15.4,7.4,5.0,0.0
2026-04-05,Sibiu,17.9,2.7,0.0,0.0
2026-04-06,Sibiu,20.4,3.8,0.0,0.0
2026-04-07,Sibiu,13.6,4.3,0.0,0.0
2026-04-08,Sibiu,9.6,3.5,0.4,0.0
2026-04-09,Sibiu,8.1,0.7,3.1,0.0
2026-04-10,Sibiu,9.5,-2.4,0.2,0.0
2026-04-11,Sibiu,11.1,-0.3,0.1,0.0
2026-04-12,Sibiu,14.1,-0.9,0.0,0.0
2026-04-13,Sibiu,15.9,0.2,0.0,0.0
2026-04-14,Sibiu,17.3,7.3,0.0,0.0
2026-04-15,Sibiu,21.1,4.0,0.0,0.0
2026-04-16,Sibiu,22.2,7.8,0.0,0.0
2026-04-17,Sibiu,19.2,9.4,1.2,0.0
2026-04-18,Sibiu,18.2,7.3,0.3,0.0
2023-01-01,Timisoara,14.2,4.1,0.0,0.0
2023-01-02,Timisoara,13.9,3.1,0.0,0.0
2023-01-03,Timisoara,10.0,2.0,0.2,0.0
2023-01-04,Timisoara,9.4,2.5,1.6,0.0
2023-01-05,Timisoara,9.8,2.8,0.0,0.0
2023-01-06,Timisoara,10.6,1.8,0.0,0.0
2023-01-07,Timisoara,11.1,1.4,0.0,0.0
2023-01-08,Timisoara,10.9,0.9,0.0,0.0
2023-01-09,Timisoara,9.6,5.8,1.5,0.0
2023-01-10,Timisoara,8.5,5.0,7.5,0.0
2023-01-11,Timisoara,9.1,4.8,5.8,0.0
2023-01-12,Timisoara,8.1,0.8,0.0,0.0
2023-01-13,Timisoara,7.9,1.5,0.0,0.0
2023-01-14,Timisoara,6.7,1.1,1.6,0.0
2023-01-15,Timisoara,9.1,2.2,0.0,0.0
2023-01-16,Timisoara,9.2,5.1,3.1,0.0
2023-01-17,Timisoara,11.3,6.6,5.3,0.0
2023-01-18,Timisoara,13.2,8.5,9.0,0.0
2023-01-19,Timisoara,12.7,2.3,6.9,0.0
2023-01-20,Timisoara,3.0,1.2,17.3,0.0
2023-01-21,Timisoara,4.0,0.9,1.6,0.0
2023-01-22,Timisoara,8.2,0.6,1.1,0.0
2023-01-23,Timisoara,13.6,2.8,0.0,0.0
2023-01-24,Timisoara,7.0,3.2,0.1,0.0
2023-01-25,Timisoara,3.7,0.4,0.1,0.0
2023-01-26,Timisoara,2.7,-1.9,0.5,0.0
2023-01-27,Timisoara,2.3,0.0,6.2,0.0
2023-01-28,Timisoara,2.7,1.0,2.3,0.0
2023-01-29,Timisoara,3.2,-1.7,0.1,0.0
2023-01-30,Timisoara,2.7,-3.8,0.0,0.0
2023-01-31,Timisoara,6.5,-0.9,2.8,0.0
2023-02-01,Timisoara,7.5,0.0,5.5,0.0
2023-02-02,Timisoara,7.4,1.1,6.0,0.0
2023-02-03,Timisoara,4.5,-0.8,5.3,0.0
2023-02-04,Timisoara,5.5,-1.9,3.8,0.0
2023-02-05,Timisoara,0.6,-4.1,0.5,0.0
2023-02-06,Timisoara,2.1,-5.4,0.0,0.0
2023-02-07,Timisoara,1.0,-6.1,0.0,0.0
2023-02-08,Timisoara,3.3,-5.3,0.0,0.0
2023-02-09,Timisoara,3.0,-6.5,0.0,0.0
2023-02-10,Timisoara,3.4,-7.0,0.0,0.0
2023-02-11,Timisoara,4.8,-6.7,0.0,0.0
2023-02-12,Timisoara,7.1,-3.7,0.3,0.0
2023-02-13,Timisoara,6.6,-4.6,0.0,0.0
2023-02-14,Timisoara,7.4,-1.4,0.0,0.0
2023-02-15,Timisoara,9.0,-2.5,0.0,0.0
2023-02-16,Timisoara,9.8,-2.8,0.0,0.0
2023-02-17,Timisoara,11.2,-2.9,0.0,0.0
2023-02-18,Timisoara,12.3,6.8,1.6,0.0
2023-02-19,Timisoara,12.5,5.6,0.5,0.0
2023-02-20,Timisoara,9.1,4.0,0.0,0.0
2023-02-21,Timisoara,16.6,2.9,0.0,0.0
2023-02-22,Timisoara,13.6,1.9,0.0,0.0
2023-02-23,Timisoara,13.3,0.8,0.0,0.0
2023-02-24,Timisoara,13.1,5.1,3.0,0.0
2023-02-25,Timisoara,11.4,4.2,17.0,0.0
2023-02-26,Timisoara,4.4,1.4,15.7,0.0
2023-02-27,Timisoara,4.0,-0.1,4.6,0.0
2023-02-28,Timisoara,5.2,-0.3,0.5,0.0
2023-03-01,Timisoara,11.4,2.5,0.2,0.0
2023-03-02,Timisoara,10.8,-0.7,0.0,0.0
2023-03-03,Timisoara,7.2,4.1,0.3,0.0
2023-03-04,Timisoara,11.4,1.6,0.0,0.0
2023-03-05,Timisoara,6.6,-0.8,0.1,0.0
2023-03-06,Timisoara,10.6,2.7,2.5,0.0
2023-03-07,Timisoara,10.2,3.1,1.9,0.0
2023-03-08,Timisoara,13.1,5.1,0.9,0.0
2023-03-09,Timisoara,14.8,7.8,7.4,0.0
2023-03-10,Timisoara,17.0,7.2,7.9,0.0
2023-03-11,Timisoara,10.1,2.9,6.1,0.0
2023-03-12,Timisoara,6.7,-0.3,0.0,0.0
2023-03-13,Timisoara,11.4,-2.1,0.0,0.0
2023-03-14,Timisoara,16.7,6.2,0.0,0.0
2023-03-15,Timisoara,12.1,2.3,6.5,0.0
2023-03-16,Timisoara,7.8,2.5,0.7,0.0
2023-03-17,Timisoara,11.1,-1.2,0.0,0.0
2023-03-18,Timisoara,12.6,-0.4,0.0,0.0
2023-03-19,Timisoara,16.0,0.8,0.0,0.0
2023-03-20,Timisoara,17.6,4.4,0.0,0.0
2023-03-21,Timisoara,18.1,6.7,0.3,0.0
2023-03-22,Timisoara,17.4,4.3,0.0,0.0
2023-03-23,Timisoara,18.4,4.1,0.0,0.0
2023-03-24,Timisoara,21.2,6.1,0.0,0.0
2023-03-25,Timisoara,15.6,10.6,0.6,0.0
2023-03-26,Timisoara,16.0,5.1,0.0,0.0
2023-03-27,Timisoara,12.2,3.7,8.1,0.0
2023-03-28,Timisoara,7.6,1.9,1.0,0.0
2023-03-29,Timisoara,8.4,-1.7,0.0,0.0
2023-03-30,Timisoara,13.6,-0.4,0.0,0.0
2023-03-31,Timisoara,18.4,8.7,8.7,0.0
2023-04-01,Timisoara,11.9,9.1,10.9,0.0
2023-04-02,Timisoara,15.2,6.0,7.1,0.0
2023-04-03,Timisoara,10.9,4.0,0.1,0.0
2023-04-04,Timisoara,3.5,1.5,12.1,0.0
2023-04-05,Timisoara,5.2,0.8,0.9,0.0
2023-04-06,Timisoara,6.2,-0.5,1.1,0.0
2023-04-07,Timisoara,5.8,0.9,1.6,0.0
2023-04-08,Timisoara,8.9,0.1,0.2,0.0
2023-04-09,Timisoara,12.8,2.7,0.0,0.0
2023-04-10,Timisoara,14.5,3.2,0.1,0.0
2023-04-11,Timisoara,14.4,2.9,0.4,0.0
2023-04-12,Timisoara,13.0,5.1,0.6,0.0
2023-04-13,Timisoara,18.3,2.8,0.1,0.0
2023-04-14,Timisoara,13.6,5.8,2.9,0.0
2023-04-15,Timisoara,16.5,5.2,1.0,0.0
2023-04-16,Timisoara,17.5,7.6,0.1,0.0
2023-04-17,Timisoara,18.1,8.4,8.1,0.0
2023-04-18,Timisoara,15.2,10.4,14.9,0.0
2023-04-19,Timisoara,15.6,8.7,3.1,0.0
2023-04-20,Timisoara,16.9,6.5,0.0,0.0
2023-04-21,Timisoara,17.9,7.7,0.1,0.0
2023-04-22,Timisoara,19.5,7.0,0.2,0.0
2023-04-23,Timisoara,20.9,8.9,0.0,0.0
2023-04-24,Timisoara,17.6,9.6,1.4,0.0
2023-04-25,Timisoara,14.0,7.7,6.7,0.0
2023-04-26,Timisoara,14.4,4.9,0.8,0.0
2023-04-27,Timisoara,12.7,4.4,0.0,0.0
2023-04-28,Timisoara,15.6,0.8,0.0,0.0
2023-04-29,Timisoara,18.7,6.9,0.1,0.0
2023-04-30,Timisoara,19.4,7.2,3.1,0.0
2023-05-01,Timisoara,21.3,8.7,0.0,0.0
2023-05-02,Timisoara,22.9,12.1,0.0,0.0
2023-05-03,Timisoara,22.3,13.6,0.0,0.0
2023-05-04,Timisoara,17.1,10.1,13.1,0.0
2023-05-05,Timisoara,21.0,9.6,0.4,0.0
2023-05-06,Timisoara,22.5,10.1,0.1,0.0
2023-05-07,Timisoara,24.5,12.4,1.3,0.0
2023-05-08,Timisoara,18.5,9.0,9.9,0.0
2023-05-09,Timisoara,17.2,7.6,2.9,0.0
2023-05-10,Timisoara,18.5,7.8,0.0,0.0
2023-05-11,Timisoara,19.1,9.9,0.7,0.0
2023-05-12,Timisoara,17.8,8.4,5.9,0.0
2023-05-13,Timisoara,18.9,9.1,3.1,0.0
2023-05-14,Timisoara,18.5,11.0,2.2,0.0
2023-05-15,Timisoara,21.0,14.9,6.8,0.0
2023-05-16,Timisoara,23.0,14.5,0.5,0.0
2023-05-17,Timisoara,22.0,14.4,18.2,0.0
2023-05-18,Timisoara,18.5,12.2,7.6,0.0
2023-05-19,Timisoara,22.0,10.9,1.7,0.0
2023-05-20,Timisoara,25.1,12.9,0.1,0.0
2023-05-21,Timisoara,26.2,14.4,0.1,0.0
2023-05-22,Timisoara,24.7,12.7,0.0,0.0
2023-05-23,Timisoara,24.5,12.2,0.5,0.0
2023-05-24,Timisoara,22.8,14.4,0.9,0.0
2023-05-25,Timisoara,23.3,14.4,2.4,0.0
2023-05-26,Timisoara,25.8,14.2,7.5,0.0
2023-05-27,Timisoara,25.0,12.9,6.5,0.0
2023-05-28,Timisoara,23.4,13.6,4.5,0.0
2023-05-29,Timisoara,24.1,13.4,0.5,0.0
2023-05-30,Timisoara,22.9,13.1,3.9,0.0
2023-05-31,Timisoara,24.0,13.8,4.3,0.0
2023-06-01,Timisoara,24.9,12.9,0.1,0.0
2023-06-02,Timisoara,24.5,13.9,0.4,0.0
2023-06-03,Timisoara,23.8,15.0,0.2,0.0
2023-06-04,Timisoara,23.9,10.7,0.1,0.0
2023-06-05,Timisoara,25.1,12.6,0.9,0.0
2023-06-06,Timisoara,21.4,16.4,4.0,0.0
2023-06-07,Timisoara,24.6,14.2,7.0,0.0
2023-06-08,Timisoara,25.5,14.4,1.0,0.0
2023-06-09,Timisoara,23.6,15.8,11.6,0.0
2023-06-10,Timisoara,24.4,14.6,6.9,0.0
2023-06-11,Timisoara,25.1,14.9,5.1,0.0
2023-06-12,Timisoara,20.5,15.2,7.6,0.0
2023-06-13,Timisoara,21.5,12.6,0.0,0.0
2023-06-14,Timisoara,22.7,10.9,0.0,0.0
2023-06-15,Timisoara,24.2,12.9,8.7,0.0
2023-06-16,Timisoara,19.6,15.8,10.9,0.0
2023-06-17,Timisoara,20.9,15.0,5.3,0.0
2023-06-18,Timisoara,25.9,14.1,0.0,0.0
2023-06-19,Timisoara,27.5,13.1,0.0,0.0
2023-06-20,Timisoara,29.0,17.5,0.1,0.0
2023-06-21,Timisoara,30.8,17.1,0.0,0.0
2023-06-22,Timisoara,28.5,20.0,0.8,0.0
2023-06-23,Timisoara,32.8,19.9,16.5,0.0
2023-06-24,Timisoara,26.4,19.1,9.9,0.0
2023-06-25,Timisoara,25.1,17.5,12.7,0.0
2023-06-26,Timisoara,26.5,15.9,0.0,0.0
2023-06-27,Timisoara,28.4,15.5,0.5,0.0
2023-06-28,Timisoara,21.9,15.5,1.2,0.0
2023-06-29,Timisoara,24.7,11.8,1.4,0.0
2023-06-30,Timisoara,27.6,14.1,0.0,0.0
2023-07-01,Timisoara,29.5,16.1,0.3,0.0
2023-07-02,Timisoara,26.2,17.9,2.7,0.0
2023-07-03,Timisoara,28.8,16.5,0.0,0.0
2023-07-04,Timisoara,31.0,18.0,0.9,0.0
2023-07-05,Timisoara,30.0,18.4,1.6,0.0
2023-07-06,Timisoara,28.7,17.5,0.1,0.0
2023-07-07,Timisoara,26.2,18.7,0.4,0.0
2023-07-08,Timisoara,27.4,16.1,0.0,0.0
2023-07-09,Timisoara,30.0,14.2,0.0,0.0
2023-07-10,Timisoara,32.3,17.5,0.0,0.0
2023-07-11,Timisoara,32.7,20.1,0.3,0.0
2023-07-12,Timisoara,34.2,20.0,10.9,0.0
2023-07-13,Timisoara,34.2,21.2,11.1,0.0
2023-07-14,Timisoara,29.0,20.2,2.3,0.0
2023-07-15,Timisoara,32.2,17.8,0.0,0.0
2023-07-16,Timisoara,34.7,20.0,0.0,0.0
2023-07-17,Timisoara,36.1,22.4,0.0,0.0
2023-07-18,Timisoara,33.2,22.7,0.1,0.0
2023-07-19,Timisoara,34.4,23.2,0.0,0.0
2023-07-20,Timisoara,32.0,20.5,0.1,0.0
2023-07-21,Timisoara,33.5,20.0,4.7,0.0
2023-07-22,Timisoara,29.2,20.0,0.2,0.0
2023-07-23,Timisoara,28.9,18.0,0.7,0.0
2023-07-24,Timisoara,32.5,19.1,0.0,0.0
2023-07-25,Timisoara,35.5,21.1,0.1,0.0
2023-07-26,Timisoara,26.0,18.4,14.8,0.0
2023-07-27,Timisoara,23.5,15.1,0.1,0.0
2023-07-28,Timisoara,28.0,13.6,0.0,0.0
2023-07-29,Timisoara,30.9,17.2,0.1,0.0
2023-07-30,Timisoara,32.3,18.3,0.9,0.0
2023-07-31,Timisoara,28.2,18.1,0.1,0.0
2023-08-01,Timisoara,29.8,14.2,0.0,0.0
2023-08-02,Timisoara,27.6,18.1,2.7,0.0
2023-08-03,Timisoara,33.7,18.8,0.0,0.0
2023-08-04,Timisoara,36.1,22.0,0.1,0.0
2023-08-05,Timisoara,35.3,21.2,6.3,0.0
2023-08-06,Timisoara,23.8,17.2,15.8,0.0
2023-08-07,Timisoara,22.9,15.0,1.0,0.0
2023-08-08,Timisoara,22.8,13.7,0.1,0.0
2023-08-09,Timisoara,25.4,12.4,0.0,0.0
2023-08-10,Timisoara,25.2,16.4,1.3,0.0
2023-08-11,Timisoara,25.8,13.6,0.0,0.0
2023-08-12,Timisoara,26.4,14.4,0.0,0.0
2023-08-13,Timisoara,28.5,12.8,0.0,0.0
2023-08-14,Timisoara,30.8,17.2,0.0,0.0
2023-08-15,Timisoara,30.0,19.1,8.8,0.0
2023-08-16,Timisoara,29.8,19.5,6.4,0.0
2023-08-17,Timisoara,28.5,19.1,0.7,0.0
2023-08-18,Timisoara,30.8,19.2,0.4,0.0
2023-08-19,Timisoara,31.5,21.0,0.0,0.0
2023-08-20,Timisoara,31.5,21.7,0.2,0.0
2023-08-21,Timisoara,33.0,21.2,0.0,0.0
2023-08-22,Timisoara,34.3,21.6,0.0,0.0
2023-08-23,Timisoara,35.4,21.2,0.0,0.0
2023-08-24,Timisoara,32.4,21.2,0.2,0.0
2023-08-25,Timisoara,32.8,19.3,0.0,0.0
2023-08-26,Timisoara,35.0,20.8,0.0,0.0
2023-08-27,Timisoara,36.2,21.4,0.0,0.0
2023-08-28,Timisoara,36.0,23.2,0.0,0.0
2023-08-29,Timisoara,29.1,20.1,13.9,0.0
2023-08-30,Timisoara,23.0,17.3,14.3,0.0
2023-08-31,Timisoara,23.9,15.6,5.6,0.0
2023-09-01,Timisoara,26.1,13.4,0.0,0.0
2023-09-02,Timisoara,28.5,14.3,0.0,0.0
2023-09-03,Timisoara,27.1,14.8,3.5,0.0
2023-09-04,Timisoara,23.1,14.0,0.2,0.0
2023-09-05,Timisoara,25.8,15.9,0.1,0.0
2023-09-06,Timisoara,26.6,15.0,0.0,0.0
2023-09-07,Timisoara,27.4,15.4,0.0,0.0
2023-09-08,Timisoara,28.0,16.1,0.0,0.0
2023-09-09,Timisoara,28.5,15.1,0.0,0.0
2023-09-10,Timisoara,28.4,14.6,0.0,0.0
2023-09-11,Timisoara,29.4,15.4,0.0,0.0
2023-09-12,Timisoara,30.5,15.1,0.0,0.0
2023-09-13,Timisoara,30.8,15.9,0.0,0.0
2023-09-14,Timisoara,27.8,18.2,0.7,0.0
2023-09-15,Timisoara,21.2,16.1,0.5,0.0
2023-09-16,Timisoara,25.9,14.7,0.8,0.0
2023-09-17,Timisoara,25.9,16.4,0.3,0.0
2023-09-18,Timisoara,28.0,16.4,0.0,0.0
2023-09-19,Timisoara,28.0,17.7,4.8,0.0
2023-09-20,Timisoara,26.2,14.3,0.0,0.0
2023-09-21,Timisoara,27.8,15.0,0.4,0.0
2023-09-22,Timisoara,29.5,18.7,0.0,0.0
2023-09-23,Timisoara,31.5,19.0,2.3,0.0
2023-09-24,Timisoara,21.9,16.8,6.9,0.0
2023-09-25,Timisoara,25.4,15.2,2.8,0.0
2023-09-26,Timisoara,26.8,17.1,0.0,0.0
2023-09-27,Timisoara,26.0,15.1,0.0,0.0
2023-09-28,Timisoara,26.0,13.6,0.0,0.0
2023-09-29,Timisoara,25.9,12.6,0.0,0.0
2023-09-30,Timisoara,26.1,11.6,0.1,0.0
2023-10-01,Timisoara,22.0,13.4,0.0,0.0
2023-10-02,Timisoara,21.1,10.9,0.0,0.0
2023-10-03,Timisoara,22.9,9.6,0.0,0.0
2023-10-04,Timisoara,23.6,11.9,1.1,0.0
2023-10-05,Timisoara,20.7,10.2,0.0,0.0
2023-10-06,Timisoara,19.9,9.5,0.0,0.0
2023-10-07,Timisoara,21.7,6.8,0.0,0.0
2023-10-08,Timisoara,24.5,12.6,0.1,0.0
2023-10-09,Timisoara,17.4,6.5,0.0,0.0
2023-10-10,Timisoara,18.5,10.2,1.3,0.0
2023-10-11,Timisoara,20.5,9.4,0.0,0.0
2023-10-12,Timisoara,23.9,10.2,0.0,0.0
2023-10-13,Timisoara,24.6,10.6,0.0,0.0
2023-10-14,Timisoara,25.0,12.4,0.0,0.0
2023-10-15,Timisoara,18.4,10.6,1.9,0.0
2023-10-16,Timisoara,13.4,5.6,0.0,0.0
2023-10-17,Timisoara,13.9,2.5,0.0,0.0
2023-10-18,Timisoara,15.9,3.8,0.0,0.0
2023-10-19,Timisoara,20.0,7.7,1.9,0.0
2023-10-20,Timisoara,25.8,16.7,0.0,0.0
2023-10-21,Timisoara,25.9,21.8,0.1,0.0
2023-10-22,Timisoara,24.1,14.4,2.0,0.0
2023-10-23,Timisoara,22.4,12.2,0.0,0.0
2023-10-24,Timisoara,23.4,12.6,0.0,0.0
2023-10-25,Timisoara,21.0,14.4,1.4,0.0
2023-10-26,Timisoara,21.0,13.5,3.7,0.0
2023-10-27,Timisoara,21.5,11.9,1.3,0.0
2023-10-28,Timisoara,19.6,9.4,0.4,0.0
2023-10-29,Timisoara,21.4,10.1,0.0,0.0
2023-10-30,Timisoara,22.5,13.4,0.0,0.0
2023-10-31,Timisoara,22.6,14.1,0.9,0.0
2023-11-01,Timisoara,16.3,9.1,2.6,0.0
2023-11-02,Timisoara,18.2,9.3,0.0,0.0
2023-11-03,Timisoara,19.2,12.1,2.2,0.0
2023-11-04,Timisoara,17.2,8.6,4.3,0.0
2023-11-05,Timisoara,17.3,9.0,9.4,0.0
2023-11-06,Timisoara,16.8,8.9,1.5,0.0
2023-11-07,Timisoara,18.2,6.9,0.7,0.0
2023-11-08,Timisoara,13.0,4.8,2.3,0.0
2023-11-09,Timisoara,12.9,2.3,0.0,0.0
2023-11-10,Timisoara,14.0,4.2,0.9,0.0
2023-11-11,Timisoara,12.1,7.4,7.9,0.0
2023-11-12,Timisoara,10.9,3.5,0.2,0.0
2023-11-13,Timisoara,12.5,2.8,0.0,0.0
2023-11-14,Timisoara,15.7,7.8,1.4,0.0
2023-11-15,Timisoara,14.1,8.2,15.8,0.0
2023-11-16,Timisoara,12.7,6.0,0.0,0.0
2023-11-17,Timisoara,10.2,6.8,9.7,0.0
2023-11-18,Timisoara,7.8,3.6,5.0,0.0
2023-11-19,Timisoara,6.2,-0.6,0.0,0.0
2023-11-20,Timisoara,11.4,3.2,3.0,0.0
2023-11-21,Timisoara,11.5,3.2,1.9,0.0
2023-11-22,Timisoara,10.3,1.9,0.2,0.0
2023-11-23,Timisoara,5.4,-2.7,0.0,0.0
2023-11-24,Timisoara,5.2,-1.3,1.7,0.0
2023-11-25,Timisoara,5.2,1.4,2.1,0.0
2023-11-26,Timisoara,3.9,-2.5,0.8,0.0
2023-11-27,Timisoara,5.3,-3.2,0.1,0.0
2023-11-28,Timisoara,7.3,3.2,6.8,0.0
2023-11-29,Timisoara,4.6,-2.6,0.0,0.0
2023-11-30,Timisoara,7.9,-3.2,2.1,0.0
2023-12-01,Timisoara,17.0,8.4,1.9,0.0
2023-12-02,Timisoara,18.1,5.4,3.4,0.0
2023-12-03,Timisoara,2.9,0.2,0.0,0.0
2023-12-04,Timisoara,1.2,-5.9,0.0,0.0
2023-12-05,Timisoara,7.0,-3.5,0.0,0.0
2023-12-06,Timisoara,5.7,-0.6,5.4,0.0
2023-12-07,Timisoara,3.2,1.0,2.2,0.0
2023-12-08,Timisoara,3.6,-2.0,0.6,0.0
2023-12-09,Timisoara,4.9,-2.4,0.0,0.0
2023-12-10,Timisoara,4.1,-2.0,2.6,0.0
2023-12-11,Timisoara,7.4,0.9,1.2,0.0
2023-12-12,Timisoara,10.4,4.0,3.4,0.0
2023-12-13,Timisoara,11.9,6.4,20.9,0.0
2023-12-14,Timisoara,9.0,5.7,5.7,0.0
2023-12-15,Timisoara,7.1,1.8,0.0,0.0
2023-12-16,Timisoara,4.8,-2.0,0.0,0.0
2023-12-17,Timisoara,4.9,-3.8,0.0,0.0
2023-12-18,Timisoara,6.8,-2.0,0.0,0.0
2023-12-19,Timisoara,7.8,-2.7,0.0,0.0
2023-12-20,Timisoara,7.5,-2.8,0.0,0.0
2023-12-21,Timisoara,5.5,-2.5,0.0,0.0
2023-12-22,Timisoara,7.9,4.0,3.1,0.0
2023-12-23,Timisoara,5.6,0.9,9.8,0.0
2023-12-24,Timisoara,8.1,3.5,2.2,0.0
2023-12-25,Timisoara,13.2,6.1,0.0,0.0
2023-12-26,Timisoara,12.2,2.5,0.0,0.0
2023-12-27,Timisoara,10.6,1.6,0.0,0.0
2023-12-28,Timisoara,11.2,0.4,0.0,0.0
2023-12-29,Timisoara,10.2,0.0,0.0,0.0
2023-12-30,Timisoara,10.2,1.4,0.0,0.0
2023-12-31,Timisoara,9.4,0.8,0.0,0.0
2024-01-01,Timisoara,10.9,3.7,2.1,0.0
2024-01-02,Timisoara,8.7,0.1,0.0,0.0
2024-01-03,Timisoara,10.0,4.8,6.6,0.0
2024-01-04,Timisoara,12.3,4.0,6.1,0.0
2024-01-05,Timisoara,10.8,2.2,0.0,0.0
2024-01-06,Timisoara,14.4,7.3,1.8,0.0
2024-01-07,Timisoara,10.2,3.5,1.6,0.0
2024-01-08,Timisoara,2.5,-2.2,2.9,0.0
2024-01-09,Timisoara,1.0,-3.8,1.1,0.0
2024-01-10,Timisoara,1.5,-5.9,0.0,0.0
2024-01-11,Timisoara,-3.3,-7.7,0.0,0.0
2024-01-12,Timisoara,1.4,-5.6,0.0,0.0
2024-01-13,Timisoara,1.4,-4.7,0.0,0.0
2024-01-14,Timisoara,3.2,-5.2,0.0,0.0
2024-01-15,Timisoara,3.2,-1.8,5.4,0.0
2024-01-16,Timisoara,4.2,-2.2,1.3,0.0
2024-01-17,Timisoara,9.4,-3.2,5.3,0.0
2024-01-18,Timisoara,13.9,5.1,3.5,0.0
2024-01-19,Timisoara,8.9,0.6,5.8,0.0
2024-01-20,Timisoara,3.0,-4.7,0.0,0.0
2024-01-21,Timisoara,2.2,-5.8,0.0,0.0
2024-01-22,Timisoara,4.9,-5.6,0.0,0.0
2024-01-23,Timisoara,3.3,-4.6,1.4,0.0
2024-01-24,Timisoara,3.7,-3.0,5.8,0.0
2024-01-25,Timisoara,10.4,2.3,0.3,0.0
2024-01-26,Timisoara,7.9,-0.2,0.0,0.0
2024-01-27,Timisoara,7.4,2.0,5.8,0.0
2024-01-28,Timisoara,5.9,-0.2,0.1,0.0
2024-01-29,Timisoara,5.8,-3.7,0.0,0.0
2024-01-30,Timisoara,5.8,-3.8,0.0,0.0
2024-01-31,Timisoara,6.6,-3.8,0.0,0.0
2024-02-01,Timisoara,6.7,-4.0,1.2,0.0
2024-02-02,Timisoara,6.3,-1.4,0.0,0.0
2024-02-03,Timisoara,10.8,-1.8,0.2,0.0
2024-02-04,Timisoara,13.2,4.8,0.1,0.0
2024-02-05,Timisoara,13.9,7.2,2.1,0.0
2024-02-06,Timisoara,14.6,3.9,0.0,0.0
2024-02-07,Timisoara,13.9,3.6,0.0,0.0
2024-02-08,Timisoara,15.2,5.7,0.0,0.0
2024-02-09,Timisoara,15.5,6.1,0.0,0.0
2024-02-10,Timisoara,17.3,10.1,0.7,0.0
2024-02-11,Timisoara,17.5,11.7,3.6,0.0
2024-02-12,Timisoara,13.7,7.2,2.6,0.0
2024-02-13,Timisoara,10.4,6.6,1.6,0.0
2024-02-14,Timisoara,9.5,1.1,0.0,0.0
2024-02-15,Timisoara,10.8,-2.5,0.0,0.0
2024-02-16,Timisoara,11.3,-1.1,0.0,0.0
2024-02-17,Timisoara,13.8,-0.2,0.0,0.0
2024-02-18,Timisoara,12.4,4.1,0.0,0.0
2024-02-19,Timisoara,11.9,0.6,0.0,0.0
2024-02-20,Timisoara,11.1,3.1,1.2,0.0
2024-02-21,Timisoara,10.4,2.5,0.4,0.0
2024-02-22,Timisoara,12.8,2.0,0.0,0.0
2024-02-23,Timisoara,14.0,9.0,0.1,0.0
2024-02-24,Timisoara,14.1,11.0,0.9,0.0
2024-02-25,Timisoara,17.9,7.8,0.1,0.0
2024-02-26,Timisoara,19.0,8.1,0.0,0.0
2024-02-27,Timisoara,18.5,7.9,0.0,0.0
2024-02-28,Timisoara,18.3,6.6,0.0,0.0
2024-02-29,Timisoara,17.4,7.2,0.0,0.0
2024-03-01,Timisoara,17.5,9.1,0.3,0.0
2024-03-02,Timisoara,11.5,4.5,1.6,0.0
2024-03-03,Timisoara,16.0,2.5,0.0,0.0
2024-03-04,Timisoara,16.8,5.4,0.0,0.0
2024-03-05,Timisoara,17.0,5.8,0.0,0.0
2024-03-06,Timisoara,14.7,4.0,1.5,0.0
2024-03-07,Timisoara,8.9,6.3,8.0,0.0
2024-03-08,Timisoara,10.4,3.8,0.1,0.0
2024-03-09,Timisoara,13.2,0.3,0.0,0.0
2024-03-10,Timisoara,17.0,6.2,0.8,0.0
2024-03-11,Timisoara,16.8,11.9,1.1,0.0
2024-03-12,Timisoara,15.4,6.9,0.2,0.0
2024-03-13,Timisoara,13.1,4.3,2.4,0.0
2024-03-14,Timisoara,11.1,5.5,1.5,0.0
2024-03-15,Timisoara,14.6,2.9,0.0,0.0
2024-03-16,Timisoara,15.2,3.1,0.4,0.0
2024-03-17,Timisoara,14.8,5.8,4.0,0.0
2024-03-18,Timisoara,12.4,1.6,0.0,0.0
2024-03-19,Timisoara,8.2,1.6,0.0,0.0
2024-03-20,Timisoara,12.1,-0.2,0.0,0.0
2024-03-21,Timisoara,15.4,0.3,0.0,0.0
2024-03-22,Timisoara,16.4,2.0,0.0,0.0
2024-03-23,Timisoara,19.0,4.4,0.0,0.0
2024-03-24,Timisoara,14.0,3.2,2.1,0.0
2024-03-25,Timisoara,11.1,2.3,1.2,0.0
2024-03-26,Timisoara,15.8,1.1,0.0,0.0
2024-03-27,Timisoara,18.6,8.6,0.0,0.0
2024-03-28,Timisoara,18.8,11.1,4.2,0.0
2024-03-29,Timisoara,21.2,10.0,0.5,0.0
2024-03-30,Timisoara,25.5,12.1,0.0,0.0
2024-03-31,Timisoara,25.5,15.1,0.0,0.0
2024-04-01,Timisoara,26.9,16.8,0.0,0.0
2024-04-02,Timisoara,20.5,9.9,3.2,0.0
2024-04-03,Timisoara,19.1,6.2,0.2,0.0
2024-04-04,Timisoara,18.5,9.7,0.1,0.0
2024-04-05,Timisoara,22.1,8.9,0.0,0.0
2024-04-06,Timisoara,21.5,10.2,0.0,0.0
2024-04-07,Timisoara,25.0,11.4,0.0,0.0
2024-04-08,Timisoara,24.7,12.9,0.0,0.0
2024-04-09,Timisoara,26.8,10.1,0.0,0.0
2024-04-10,Timisoara,26.9,10.8,0.0,0.0
2024-04-11,Timisoara,21.8,11.9,0.0,0.0
2024-04-12,Timisoara,24.0,11.6,0.0,0.0
2024-04-13,Timisoara,24.5,11.9,0.0,0.0
2024-04-14,Timisoara,26.5,9.7,0.0,0.0
2024-04-15,Timisoara,29.3,13.4,0.0,0.0
2024-04-16,Timisoara,27.5,8.3,0.2,0.0
2024-04-17,Timisoara,11.9,6.2,9.0,0.0
2024-04-18,Timisoara,11.4,4.4,6.9,0.0
2024-04-19,Timisoara,13.0,2.0,0.3,0.0
2024-04-20,Timisoara,14.9,1.5,0.0,0.0
2024-04-21,Timisoara,15.1,5.2,2.5,0.0
2024-04-22,Timisoara,12.9,7.0,3.7,0.0
2024-04-23,Timisoara,18.2,5.7,8.5,0.0
2024-04-24,Timisoara,16.5,7.8,4.9,0.0
2024-04-25,Timisoara,13.9,4.6,0.0,0.0
2024-04-26,Timisoara,16.7,2.8,0.0,0.0
2024-04-27,Timisoara,20.3,7.1,0.2,0.0
2024-04-28,Timisoara,24.3,9.2,0.0,0.0
2024-04-29,Timisoara,25.5,10.6,0.0,0.0
2024-04-30,Timisoara,23.7,10.9,0.0,0.0
2024-05-01,Timisoara,23.5,12.5,0.0,0.0
2024-05-02,Timisoara,24.0,12.6,0.0,0.0
2024-05-03,Timisoara,18.4,13.2,0.7,0.0
2024-05-04,Timisoara,23.0,10.6,3.0,0.0
2024-05-05,Timisoara,24.4,12.5,0.0,0.0
2024-05-06,Timisoara,25.0,12.8,0.0,0.0
2024-05-07,Timisoara,25.0,15.6,0.1,0.0
2024-05-08,Timisoara,22.8,13.6,4.2,0.0
2024-05-09,Timisoara,20.3,11.9,0.1,0.0
2024-05-10,Timisoara,20.2,13.4,0.4,0.0
2024-05-11,Timisoara,22.9,9.9,0.2,0.0
2024-05-12,Timisoara,21.9,12.9,1.0,0.0
2024-05-13,Timisoara,20.4,7.3,0.0,0.0
2024-05-14,Timisoara,22.1,9.6,0.6,0.0
2024-05-15,Timisoara,21.6,9.9,2.4,0.0
2024-05-16,Timisoara,23.4,11.4,0.0,0.0
2024-05-17,Timisoara,21.9,12.8,13.7,0.0
2024-05-18,Timisoara,25.1,12.1,0.2,0.0
2024-05-19,Timisoara,25.2,14.2,0.2,0.0
2024-05-20,Timisoara,24.8,16.2,0.1,0.0
2024-05-21,Timisoara,27.9,15.5,0.2,0.0
2024-05-22,Timisoara,25.2,15.7,1.5,0.0
2024-05-23,Timisoara,21.4,14.4,12.7,0.0
2024-05-24,Timisoara,21.3,13.1,0.8,0.0
2024-05-25,Timisoara,26.0,14.1,0.8,0.0
2024-05-26,Timisoara,26.1,14.9,0.0,0.0
2024-05-27,Timisoara,27.1,13.1,5.3,0.0
2024-05-28,Timisoara,24.8,11.7,0.0,0.0
2024-05-29,Timisoara,25.8,12.1,4.6,0.0
2024-05-30,Timisoara,25.9,14.4,0.0,0.0
2024-05-31,Timisoara,27.0,15.8,0.1,0.0
2024-06-01,Timisoara,28.6,16.2,1.4,0.0
2024-06-02,Timisoara,27.4,13.8,0.0,0.0
2024-06-03,Timisoara,24.6,16.5,7.9,0.0
2024-06-04,Timisoara,23.0,14.7,1.7,0.0
2024-06-05,Timisoara,24.9,13.4,1.8,0.0
2024-06-06,Timisoara,28.2,14.6,0.0,0.0
2024-06-07,Timisoara,30.2,16.2,0.0,0.0
2024-06-08,Timisoara,31.0,18.2,0.0,0.0
2024-06-09,Timisoara,31.0,19.9,0.8,0.0
2024-06-10,Timisoara,30.3,20.1,10.6,0.0
2024-06-11,Timisoara,25.0,18.9,0.7,0.0
2024-06-12,Timisoara,25.5,16.0,5.0,0.0
2024-06-13,Timisoara,24.5,16.2,0.5,0.0
2024-06-14,Timisoara,23.0,13.6,1.2,0.0
2024-06-15,Timisoara,26.2,11.9,0.0,0.0
2024-06-16,Timisoara,28.8,15.1,0.6,0.0
2024-06-17,Timisoara,29.1,17.1,0.0,0.0
2024-06-18,Timisoara,32.0,17.8,0.0,0.0
2024-06-19,Timisoara,35.0,18.6,0.0,0.0
2024-06-20,Timisoara,35.0,21.0,0.0,0.0
2024-06-21,Timisoara,34.1,20.0,0.0,0.0
2024-06-22,Timisoara,36.3,22.0,0.2,0.0
2024-06-23,Timisoara,32.7,22.5,0.1,0.0
2024-06-24,Timisoara,30.8,21.0,0.0,0.0
2024-06-25,Timisoara,29.6,20.2,4.7,0.0
2024-06-26,Timisoara,31.4,20.6,1.4,0.0
2024-06-27,Timisoara,28.3,20.0,8.8,0.0
2024-06-28,Timisoara,29.5,17.9,2.2,0.0
2024-06-29,Timisoara,31.5,19.5,0.2,0.0
2024-06-30,Timisoara,33.4,21.5,0.0,0.0
2024-07-01,Timisoara,32.8,23.2,0.2,0.0
2024-07-02,Timisoara,24.5,16.8,36.1,0.0
2024-07-03,Timisoara,23.7,15.5,0.7,0.0
2024-07-04,Timisoara,25.3,13.1,0.5,0.0
2024-07-05,Timisoara,27.9,15.4,0.0,0.0
2024-07-06,Timisoara,30.6,17.0,0.0,0.0
2024-07-07,Timisoara,32.5,21.4,0.2,0.0
2024-07-08,Timisoara,34.0,21.6,0.0,0.0
2024-07-09,Timisoara,35.2,22.5,0.0,0.0
2024-07-10,Timisoara,36.2,23.2,0.0,0.0
2024-07-11,Timisoara,36.1,22.8,0.0,0.0
2024-07-12,Timisoara,36.9,23.7,0.0,0.0
2024-07-13,Timisoara,38.0,24.1,0.0,0.0
2024-07-14,Timisoara,38.8,23.3,0.0,0.0
2024-07-15,Timisoara,37.2,23.2,0.0,0.0
2024-07-16,Timisoara,38.7,24.8,0.0,0.0
2024-07-17,Timisoara,38.7,24.1,1.2,0.0
2024-07-18,Timisoara,35.1,24.2,0.3,0.0
2024-07-19,Timisoara,35.0,23.9,0.0,0.0
2024-07-20,Timisoara,32.4,21.7,0.5,0.0
2024-07-21,Timisoara,29.5,20.4,1.5,0.0
2024-07-22,Timisoara,32.1,21.4,0.0,0.0
2024-07-23,Timisoara,33.0,22.0,0.0,0.0
2024-07-24,Timisoara,30.3,19.8,13.1,0.0
2024-07-25,Timisoara,26.9,18.5,0.2,0.0
2024-07-26,Timisoara,28.9,17.8,0.0,0.0
2024-07-27,Timisoara,31.5,15.4,0.0,0.0
2024-07-28,Timisoara,36.0,19.3,0.0,0.0
2024-07-29,Timisoara,28.6,20.9,0.0,0.0
2024-07-30,Timisoara,28.5,17.8,0.0,0.0
2024-07-31,Timisoara,31.5,14.7,0.0,0.0
2024-08-01,Timisoara,34.0,17.1,0.0,0.0
2024-08-02,Timisoara,33.5,20.4,2.7,0.0
2024-08-03,Timisoara,28.8,19.9,0.3,0.0
2024-08-04,Timisoara,27.0,16.6,0.0,0.0
2024-08-05,Timisoara,30.2,17.5,0.2,0.0
2024-08-06,Timisoara,26.8,15.9,0.0,0.0
2024-08-07,Timisoara,29.8,16.5,0.0,0.0
2024-08-08,Timisoara,33.3,18.1,0.0,0.0
2024-08-09,Timisoara,31.1,22.7,0.0,0.0
2024-08-10,Timisoara,32.2,19.2,0.0,0.0
2024-08-11,Timisoara,34.0,20.0,0.0,0.0
2024-08-12,Timisoara,36.2,21.0,0.0,0.0
2024-08-13,Timisoara,38.2,23.0,0.0,0.0
2024-08-14,Timisoara,38.3,24.8,0.0,0.0
2024-08-15,Timisoara,37.2,23.1,0.1,0.0
2024-08-16,Timisoara,37.0,22.0,0.0,0.0
2024-08-17,Timisoara,35.2,24.5,0.2,0.0
2024-08-18,Timisoara,36.0,23.5,0.2,0.0
2024-08-19,Timisoara,36.2,22.7,0.0,0.0
2024-08-20,Timisoara,34.4,22.4,0.0,0.0
2024-08-21,Timisoara,32.8,21.5,1.6,0.0
2024-08-22,Timisoara,30.0,19.8,0.0,0.0
2024-08-23,Timisoara,32.8,18.1,0.0,0.0
2024-08-24,Timisoara,34.3,19.7,0.0,0.0
2024-08-25,Timisoara,35.5,19.6,0.0,0.0
2024-08-26,Timisoara,35.6,21.6,0.0,0.0
2024-08-27,Timisoara,33.5,21.2,1.2,0.0
2024-08-28,Timisoara,33.4,20.1,0.0,0.0
2024-08-29,Timisoara,33.6,21.1,0.0,0.0
2024-08-30,Timisoara,32.7,21.5,0.0,0.0
2024-08-31,Timisoara,34.2,20.4,0.0,0.0
2024-09-01,Timisoara,34.3,21.3,0.0,0.0
2024-09-02,Timisoara,34.2,19.0,0.0,0.0
2024-09-03,Timisoara,34.8,21.1,0.0,0.0
2024-09-04,Timisoara,34.0,20.7,0.0,0.0
2024-09-05,Timisoara,32.5,21.2,0.0,0.0
2024-09-06,Timisoara,30.0,20.5,0.2,0.0
2024-09-07,Timisoara,31.3,19.9,0.0,0.0
2024-09-08,Timisoara,31.7,19.0,0.0,0.0
2024-09-09,Timisoara,29.5,19.9,2.8,0.0
2024-09-10,Timisoara,21.5,16.0,22.8,0.0
2024-09-11,Timisoara,19.8,15.4,9.4,0.0
2024-09-12,Timisoara,26.1,13.8,0.0,0.0
2024-09-13,Timisoara,23.8,11.4,4.3,0.0
2024-09-14,Timisoara,12.1,9.1,8.5,0.0
2024-09-15,Timisoara,11.8,9.8,26.2,0.0
2024-09-16,Timisoara,14.8,8.1,1.7,0.0
2024-09-17,Timisoara,21.1,8.3,0.0,0.0
2024-09-18,Timisoara,23.5,11.2,0.0,0.0
2024-09-19,Timisoara,24.4,12.8,0.0,0.0
2024-09-20,Timisoara,22.6,14.1,0.0,0.0
2024-09-21,Timisoara,23.5,10.8,0.0,0.0
2024-09-22,Timisoara,24.7,9.4,0.0,0.0
2024-09-23,Timisoara,26.0,10.6,0.0,0.0
2024-09-24,Timisoara,26.5,14.4,0.2,0.0
2024-09-25,Timisoara,23.5,15.1,0.7,0.0
2024-09-26,Timisoara,27.1,15.3,0.0,0.0
2024-09-27,Timisoara,28.7,17.0,0.0,0.0
2024-09-28,Timisoara,28.5,15.8,6.6,0.0
2024-09-29,Timisoara,16.0,12.4,7.5,0.0
2024-09-30,Timisoara,16.5,7.8,0.0,0.0
2024-10-01,Timisoara,16.1,5.3,0.0,0.0
2024-10-02,Timisoara,19.6,5.6,0.0,0.0
2024-10-03,Timisoara,19.7,14.1,1.9,0.0
2024-10-04,Timisoara,20.8,14.6,12.4,0.0
2024-10-05,Timisoara,17.2,12.9,0.3,0.0
2024-10-06,Timisoara,14.7,8.5,1.6,0.0
2024-10-07,Timisoara,18.0,6.6,0.0,0.0
2024-10-08,Timisoara,23.5,10.3,0.0,0.0
2024-10-09,Timisoara,22.1,15.2,0.7,0.0
2024-10-10,Timisoara,25.5,13.4,0.0,0.0
2024-10-11,Timisoara,20.0,12.8,1.1,0.0
2024-10-12,Timisoara,17.7,8.9,0.0,0.0
2024-10-13,Timisoara,19.1,7.3,0.2,0.0
2024-10-14,Timisoara,16.7,9.6,0.0,0.0
2024-10-15,Timisoara,19.8,7.2,0.0,0.0
2024-10-16,Timisoara,15.9,5.3,0.0,0.0
2024-10-17,Timisoara,17.0,5.9,0.0,0.0
2024-10-18,Timisoara,17.2,5.2,0.0,0.0
2024-10-19,Timisoara,15.9,3.8,0.0,0.0
2024-10-20,Timisoara,16.4,3.3,0.0,0.0
2024-10-21,Timisoara,17.5,3.7,0.0,0.0
2024-10-22,Timisoara,19.0,4.1,0.0,0.0
2024-10-23,Timisoara,19.0,5.7,0.0,0.0
2024-10-24,Timisoara,18.1,5.9,0.0,0.0
2024-10-25,Timisoara,18.7,6.7,0.0,0.0
2024-10-26,Timisoara,20.0,6.8,0.0,0.0
2024-10-27,Timisoara,22.2,8.7,0.0,0.0
2024-10-28,Timisoara,19.8,9.4,0.0,0.0
2024-10-29,Timisoara,18.5,8.1,0.0,0.0
2024-10-30,Timisoara,18.7,5.3,0.0,0.0
2024-10-31,Timisoara,17.6,8.4,0.0,0.0
2024-11-01,Timisoara,17.0,6.3,0.0,0.0
2024-11-02,Timisoara,15.6,4.5,0.0,0.0
2024-11-03,Timisoara,11.6,2.3,0.0,0.0
2024-11-04,Timisoara,11.8,-1.6,0.0,0.0
2024-11-05,Timisoara,12.6,-1.1,0.0,0.0
2024-11-06,Timisoara,14.1,0.8,0.0,0.0
2024-11-07,Timisoara,14.9,0.3,0.0,0.0
2024-11-08,Timisoara,14.9,0.8,0.0,0.0
2024-11-09,Timisoara,10.8,-0.9,0.0,0.0
2024-11-10,Timisoara,10.1,-1.6,0.0,0.0
2024-11-11,Timisoara,7.4,0.4,0.9,0.0
2024-11-12,Timisoara,5.3,1.4,2.2,0.0
2024-11-13,Timisoara,6.6,-0.2,0.0,0.0
2024-11-14,Timisoara,5.8,0.6,0.0,0.0
2024-11-15,Timisoara,4.9,0.2,0.0,0.0
2024-11-16,Timisoara,7.6,-2.0,0.0,0.0
2024-11-17,Timisoara,7.5,-2.8,0.0,0.0
2024-11-18,Timisoara,6.9,-4.5,0.0,0.0
2024-11-19,Timisoara,11.6,-2.6,0.7,0.0
2024-11-20,Timisoara,13.2,2.5,15.8,0.0
2024-11-21,Timisoara,6.8,-0.2,1.4,0.0
2024-11-22,Timisoara,7.9,0.7,20.5,0.0
2024-11-23,Timisoara,4.6,-2.2,0.7,0.0
2024-11-24,Timisoara,7.7,-3.0,0.0,0.0
2024-11-25,Timisoara,10.7,-0.4,0.0,0.0
2024-11-26,Timisoara,10.2,0.1,0.0,0.0
2024-11-27,Timisoara,6.2,-0.2,0.6,0.0
2024-11-28,Timisoara,12.1,4.2,12.5,0.0
2024-11-29,Timisoara,8.4,2.0,3.9,0.0
2024-11-30,Timisoara,8.6,1.5,0.0,0.0
2024-12-01,Timisoara,9.1,2.0,0.0,0.0
2024-12-02,Timisoara,7.2,0.3,0.0,0.0
2024-12-03,Timisoara,7.1,-0.1,0.0,0.0
2024-12-04,Timisoara,6.3,3.5,0.0,0.0
2024-12-05,Timisoara,6.4,2.8,0.5,0.0
2024-12-06,Timisoara,8.6,3.3,2.3,0.0
2024-12-07,Timisoara,5.7,1.6,0.8,0.0
2024-12-08,Timisoara,8.5,-1.1,0.0,0.0
2024-12-09,Timisoara,9.0,1.4,4.6,0.0
2024-12-10,Timisoara,6.0,3.5,0.0,0.0
2024-12-11,Timisoara,3.9,1.9,1.2,0.0
2024-12-12,Timisoara,4.6,1.4,0.0,0.0
2024-12-13,Timisoara,4.3,-0.3,0.0,0.0
2024-12-14,Timisoara,4.6,-2.2,2.3,0.0
2024-12-15,Timisoara,6.1,0.6,0.3,0.0
2024-12-16,Timisoara,6.9,0.0,0.3,0.0
2024-12-17,Timisoara,10.9,1.0,0.0,0.0
2024-12-18,Timisoara,7.8,-1.0,0.0,0.0
2024-12-19,Timisoara,8.2,-0.4,0.0,0.0
2024-12-20,Timisoara,6.4,-0.7,5.0,0.0
2024-12-21,Timisoara,5.8,-1.7,0.6,0.0
2024-12-22,Timisoara,4.6,-3.2,0.0,0.0
2024-12-23,Timisoara,4.3,-0.4,3.6,0.0
2024-12-24,Timisoara,3.3,0.5,6.4,0.0
2024-12-25,Timisoara,8.4,2.3,0.4,0.0
2024-12-26,Timisoara,8.8,-1.1,0.0,0.0
2024-12-27,Timisoara,3.8,-1.9,0.0,0.0
2024-12-28,Timisoara,1.4,-3.2,0.0,0.0
2024-12-29,Timisoara,3.5,-3.4,0.0,0.0
2024-12-30,Timisoara,3.0,-2.5,0.0,0.0
2024-12-31,Timisoara,0.4,-4.5,0.0,0.0
2025-01-01,Timisoara,2.7,-4.5,0.0,0.0
2025-01-02,Timisoara,7.3,-4.2,0.0,0.0
2025-01-03,Timisoara,5.8,-1.5,5.6,0.0
2025-01-04,Timisoara,4.1,-2.7,0.0,0.0
2025-01-05,Timisoara,5.5,-3.3,0.0,0.0
2025-01-06,Timisoara,12.3,2.8,0.0,0.0
2025-01-07,Timisoara,13.9,5.3,0.0,0.0
2025-01-08,Timisoara,15.4,5.6,12.4,0.0
2025-01-09,Timisoara,15.1,4.2,0.0,0.0
2025-01-10,Timisoara,11.4,-0.2,5.6,0.0
2025-01-11,Timisoara,4.4,-3.2,0.0,0.0
2025-01-12,Timisoara,3.7,-2.7,0.0,0.0
2025-01-13,Timisoara,4.2,-3.8,0.0,0.0
2025-01-14,Timisoara,3.2,-3.9,0.0,0.0
2025-01-15,Timisoara,0.6,-7.2,0.0,0.0
2025-01-16,Timisoara,2.4,-4.9,0.0,0.0
2025-01-17,Timisoara,0.3,-2.8,0.0,0.0
2025-01-18,Timisoara,2.0,-1.5,0.0,0.0
2025-01-19,Timisoara,1.5,-1.8,0.0,0.0
2025-01-20,Timisoara,1.9,-2.7,0.0,0.0
2025-01-21,Timisoara,1.8,-3.3,0.4,0.0
2025-01-22,Timisoara,1.9,-1.0,1.9,0.0
2025-01-23,Timisoara,8.8,-0.6,1.9,0.0
2025-01-24,Timisoara,7.6,-0.9,4.0,0.0
2025-01-25,Timisoara,8.6,-1.2,0.0,0.0
2025-01-26,Timisoara,12.9,-0.7,0.0,0.0
2025-01-27,Timisoara,15.2,3.2,0.9,0.0
2025-01-28,Timisoara,17.8,7.2,0.0,0.0
2025-01-29,Timisoara,15.7,6.6,1.5,0.0
2025-01-30,Timisoara,13.2,5.3,1.8,0.0
2025-01-31,Timisoara,13.9,2.8,0.0,0.0
2025-02-01,Timisoara,10.1,1.0,0.0,0.0
2025-02-02,Timisoara,8.8,-1.8,0.0,0.0
2025-02-03,Timisoara,5.9,-0.6,0.0,0.0
2025-02-04,Timisoara,5.7,-3.5,0.0,0.0
2025-02-05,Timisoara,5.6,-3.9,0.0,0.0
2025-02-06,Timisoara,6.8,-3.2,0.0,0.0
2025-02-07,Timisoara,6.4,-2.2,0.0,0.0
2025-02-08,Timisoara,5.7,-4.2,0.0,0.0
2025-02-09,Timisoara,4.9,-5.3,0.0,0.0
2025-02-10,Timisoara,6.2,-4.7,0.0,0.0
2025-02-11,Timisoara,5.9,-7.0,0.0,0.0
2025-02-12,Timisoara,5.9,-5.2,0.0,0.0
2025-02-13,Timisoara,4.2,-0.6,4.9,0.0
2025-02-14,Timisoara,10.7,1.2,3.6,0.0
2025-02-15,Timisoara,3.5,-3.0,3.2,0.0
2025-02-16,Timisoara,2.2,-4.2,0.0,0.0
2025-02-17,Timisoara,1.9,-2.8,0.0,0.0
2025-02-18,Timisoara,1.0,-3.8,1.6,0.0
2025-02-19,Timisoara,2.8,-5.9,0.0,0.0
2025-02-20,Timisoara,3.8,-7.9,0.0,0.0
2025-02-21,Timisoara,4.7,-7.8,0.0,0.0
2025-02-22,Timisoara,5.9,-6.9,0.0,0.0
2025-02-23,Timisoara,4.6,-4.8,0.0,0.0
2025-02-24,Timisoara,7.4,-2.9,0.0,0.0
2025-02-25,Timisoara,10.6,0.2,0.0,0.0
2025-02-26,Timisoara,13.9,-0.2,0.0,0.0
2025-02-27,Timisoara,15.2,1.1,0.0,0.0
2025-02-28,Timisoara,10.4,4.1,2.7,0.0
2025-03-01,Timisoara,11.8,2.8,0.5,0.0
2025-03-02,Timisoara,9.4,-0.5,0.0,0.0
2025-03-03,Timisoara,10.0,-2.2,0.0,0.0
2025-03-04,Timisoara,11.9,-2.5,0.0,0.0
2025-03-05,Timisoara,14.6,-3.0,0.0,0.0
2025-03-06,Timisoara,17.0,-1.5,0.0,0.0
2025-03-07,Timisoara,20.5,0.9,0.0,0.0
2025-03-08,Timisoara,20.1,0.6,0.0,0.0
2025-03-09,Timisoara,19.8,0.9,0.0,0.0
2025-03-10,Timisoara,20.2,4.8,0.0,0.0
2025-03-11,Timisoara,15.1,7.6,6.9,0.0
2025-03-12,Timisoara,20.3,6.8,0.0,0.0
2025-03-13,Timisoara,20.5,12.1,5.3,0.0
2025-03-14,Timisoara,18.5,8.6,1.2,0.0
2025-03-15,Timisoara,20.5,10.0,13.6,0.0
2025-03-16,Timisoara,8.8,5.8,3.5,0.0
2025-03-17,Timisoara,7.6,1.8,5.8,0.0
2025-03-18,Timisoara,5.5,-1.6,0.0,0.0
2025-03-19,Timisoara,8.2,-4.6,0.0,0.0
2025-03-20,Timisoara,11.9,-3.5,0.0,0.0
2025-03-21,Timisoara,15.2,-1.8,0.0,0.0
2025-03-22,Timisoara,15.3,0.6,3.1,0.0
2025-03-23,Timisoara,18.1,5.8,0.1,0.0
2025-03-24,Timisoara,21.1,10.9,12.8,0.0
2025-03-25,Timisoara,16.9,8.9,0.3,0.0
2025-03-26,Timisoara,16.5,6.1,3.6,0.0
2025-03-27,Timisoara,18.0,11.1,4.9,0.0
2025-03-28,Timisoara,17.3,10.4,10.5,0.0
2025-03-29,Timisoara,16.0,8.7,6.3,0.0
2025-03-30,Timisoara,15.7,5.9,1.2,0.0
2025-03-31,Timisoara,12.8,6.9,0.7,0.0
2025-04-01,Timisoara,17.4,5.9,0.9,0.0
2025-04-02,Timisoara,16.1,7.9,0.1,0.0
2025-04-03,Timisoara,14.9,7.3,0.7,0.0
2025-04-04,Timisoara,17.5,6.6,0.0,0.0
2025-04-05,Timisoara,18.6,5.1,1.0,0.0
2025-04-06,Timisoara,8.1,2.3,0.6,0.0
2025-04-07,Timisoara,5.7,-1.1,0.2,0.0
2025-04-08,Timisoara,10.1,-4.0,0.0,0.0
2025-04-09,Timisoara,11.5,-1.8,0.1,0.0
2025-04-10,Timisoara,11.4,-0.2,1.0,0.0
2025-04-11,Timisoara,16.7,-2.5,0.0,0.0
2025-04-12,Timisoara,14.4,5.1,0.6,0.0
2025-04-13,Timisoara,20.4,2.5,0.0,0.0
2025-04-14,Timisoara,17.4,12.4,1.7,0.0
2025-04-15,Timisoara,19.2,12.9,0.2,0.0
2025-04-16,Timisoara,24.9,13.4,0.0,0.0
2025-04-17,Timisoara,27.9,15.1,0.0,0.0
2025-04-18,Timisoara,20.2,12.3,6.9,0.0
2025-04-19,Timisoara,20.1,8.6,0.0,0.0
2025-04-20,Timisoara,23.1,8.1,0.0,0.0
2025-04-21,Timisoara,24.9,9.9,0.0,0.0
2025-04-22,Timisoara,23.1,12.5,2.3,0.0
2025-04-23,Timisoara,22.2,11.8,4.4,0.0
2025-04-24,Timisoara,21.9,12.6,0.6,0.0
2025-04-25,Timisoara,22.6,10.6,0.0,0.0
2025-04-26,Timisoara,21.5,11.4,1.2,0.0
2025-04-27,Timisoara,18.7,8.6,3.8,0.0
2025-04-28,Timisoara,20.1,7.9,0.0,0.0
2025-04-29,Timisoara,21.6,8.4,0.0,0.0
2025-04-30,Timisoara,22.9,9.0,0.0,0.0
2025-05-01,Timisoara,24.8,9.8,0.0,0.0
2025-05-02,Timisoara,24.9,10.4,0.0,0.0
2025-05-03,Timisoara,27.8,11.8,0.0,0.0
2025-05-04,Timisoara,25.7,14.3,0.2,0.0
2025-05-05,Timisoara,23.2,14.2,5.2,0.0
2025-05-06,Timisoara,20.7,13.1,14.8,0.0
2025-05-07,Timisoara,15.4,12.3,2.7,0.0
2025-05-08,Timisoara,15.1,10.6,3.3,0.0
2025-05-09,Timisoara,16.0,7.1,0.0,0.0
2025-05-10,Timisoara,18.2,5.3,0.0,0.0
2025-05-11,Timisoara,18.0,6.1,1.0,0.0
2025-05-12,Timisoara,16.2,5.5,0.0,0.0
2025-05-13,Timisoara,16.5,4.0,0.1,0.0
2025-05-14,Timisoara,18.8,4.2,0.0,0.0
2025-05-15,Timisoara,22.9,8.4,3.5,0.0
2025-05-16,Timisoara,14.7,6.4,2.0,0.0
2025-05-17,Timisoara,16.9,7.4,3.8,0.0
2025-05-18,Timisoara,18.6,7.9,1.5,0.0
2025-05-19,Timisoara,18.3,10.2,2.7,0.0
2025-05-20,Timisoara,19.6,8.4,1.1,0.0
2025-05-21,Timisoara,21.5,11.4,1.6,0.0
2025-05-22,Timisoara,21.8,13.4,8.1,0.0
2025-05-23,Timisoara,21.4,12.7,19.3,0.0
2025-05-24,Timisoara,14.9,9.7,1.6,0.0
2025-05-25,Timisoara,16.3,6.7,2.0,0.0
2025-05-26,Timisoara,20.8,7.3,0.0,0.0
2025-05-27,Timisoara,21.3,12.2,5.6,0.0
2025-05-28,Timisoara,22.6,11.5,0.0,0.0
2025-05-29,Timisoara,19.4,14.1,6.1,0.0
2025-05-30,Timisoara,20.5,11.8,0.0,0.0
2025-05-31,Timisoara,23.5,8.8,0.0,0.0
2025-06-01,Timisoara,26.5,12.0,0.0,0.0
2025-06-02,Timisoara,29.2,14.6,0.0,0.0
2025-06-03,Timisoara,29.8,18.1,0.0,0.0
2025-06-04,Timisoara,30.0,17.2,0.1,0.0
2025-06-05,Timisoara,30.5,17.6,0.4,0.0
2025-06-06,Timisoara,30.5,18.4,0.1,0.0
2025-06-07,Timisoara,31.0,18.2,0.0,0.0
2025-06-08,Timisoara,31.5,20.0,0.0,0.0
2025-06-09,Timisoara,22.6,15.3,0.0,0.0
2025-06-10,Timisoara,25.1,10.8,0.0,0.0
2025-06-11,Timisoara,28.0,13.4,0.0,0.0
2025-06-12,Timisoara,25.1,13.4,0.0,0.0
2025-06-13,Timisoara,25.1,13.7,0.0,0.0
2025-06-14,Timisoara,25.5,12.6,0.0,0.0
2025-06-15,Timisoara,27.5,12.0,0.0,0.0
2025-06-16,Timisoara,30.0,13.7,0.0,0.0
2025-06-17,Timisoara,28.0,16.8,0.1,0.0
2025-06-18,Timisoara,28.9,17.3,0.0,0.0
2025-06-19,Timisoara,30.9,16.9,0.0,0.0
2025-06-20,Timisoara,25.5,18.6,0.0,0.0
2025-06-21,Timisoara,25.0,13.9,0.0,0.0
2025-06-22,Timisoara,27.6,12.4,0.0,0.0
2025-06-23,Timisoara,30.9,14.4,0.0,0.0
2025-06-24,Timisoara,31.7,17.1,0.0,0.0
2025-06-25,Timisoara,33.6,18.0,0.0,0.0
2025-06-26,Timisoara,35.0,20.4,0.0,0.0
2025-06-27,Timisoara,31.8,21.6,1.3,0.0
2025-06-28,Timisoara,27.1,20.1,0.2,0.0
2025-06-29,Timisoara,30.4,17.0,0.0,0.0
2025-06-30,Timisoara,33.0,19.8,0.0,0.0
2025-07-01,Timisoara,29.8,19.9,0.0,0.0
2025-07-02,Timisoara,31.0,15.9,0.0,0.0
2025-07-03,Timisoara,34.1,15.4,0.0,0.0
2025-07-04,Timisoara,35.9,16.6,0.0,0.0
2025-07-05,Timisoara,29.6,19.0,0.0,0.0
2025-07-06,Timisoara,35.3,17.9,0.0,0.0
2025-07-07,Timisoara,36.5,22.8,0.1,0.0
2025-07-08,Timisoara,32.8,18.1,14.5,0.0
2025-07-09,Timisoara,18.7,15.1,5.5,0.0
2025-07-10,Timisoara,22.8,14.1,1.1,0.0
2025-07-11,Timisoara,21.9,13.4,11.1,0.0
2025-07-12,Timisoara,27.4,14.2,0.0,0.0
2025-07-13,Timisoara,31.8,16.4,0.0,0.0
2025-07-14,Timisoara,32.5,20.2,0.1,0.0
2025-07-15,Timisoara,31.1,20.8,0.1,0.0
2025-07-16,Timisoara,27.1,19.9,0.0,0.0
2025-07-17,Timisoara,21.0,15.4,11.7,0.0
2025-07-18,Timisoara,24.6,13.1,0.4,0.0
2025-07-19,Timisoara,27.4,14.8,1.0,0.0
2025-07-20,Timisoara,30.2,17.6,1.2,0.0
2025-07-21,Timisoara,35.0,18.7,0.0,0.0
2025-07-22,Timisoara,29.1,21.5,0.8,0.0
2025-07-23,Timisoara,32.3,17.5,0.0,0.0
2025-07-24,Timisoara,34.8,20.8,0.2,0.0
2025-07-25,Timisoara,35.1,21.9,0.0,0.0
2025-07-26,Timisoara,39.2,23.0,1.1,0.0
2025-07-27,Timisoara,25.4,20.1,22.3,0.0
2025-07-28,Timisoara,25.7,18.1,0.8,0.0
2025-07-29,Timisoara,26.1,18.3,0.0,0.0
2025-07-30,Timisoara,26.4,17.7,1.0,0.0
2025-07-31,Timisoara,29.0,16.6,0.0,0.0
2025-08-01,Timisoara,29.4,14.9,0.0,0.0
2025-08-02,Timisoara,32.5,16.7,0.0,0.0
2025-08-03,Timisoara,30.9,19.8,2.4,0.0
2025-08-04,Timisoara,25.7,17.6,4.5,0.0
2025-08-05,Timisoara,26.7,17.5,0.2,0.0
2025-08-06,Timisoara,29.0,16.8,0.1,0.0
2025-08-07,Timisoara,28.0,15.9,0.0,0.0
2025-08-08,Timisoara,31.2,14.4,0.0,0.0
2025-08-09,Timisoara,35.0,16.6,0.0,0.0
2025-08-10,Timisoara,37.0,19.9,0.0,0.0
2025-08-11,Timisoara,31.0,22.6,0.0,0.0
2025-08-12,Timisoara,31.2,15.8,0.0,0.0
2025-08-13,Timisoara,33.8,16.5,0.0,0.0
2025-08-14,Timisoara,34.8,19.9,0.0,0.0
2025-08-15,Timisoara,34.9,19.6,0.0,0.0
2025-08-16,Timisoara,36.2,20.0,0.0,0.0
2025-08-17,Timisoara,30.7,22.5,3.2,0.0
2025-08-18,Timisoara,28.0,17.8,4.1,0.0
2025-08-19,Timisoara,28.8,15.6,0.0,0.0
2025-08-20,Timisoara,30.5,16.0,0.0,0.0
2025-08-21,Timisoara,33.8,19.4,0.7,0.0
2025-08-22,Timisoara,25.4,15.7,9.3,0.0
2025-08-23,Timisoara,23.8,14.4,0.0,0.0
2025-08-24,Timisoara,21.9,13.2,0.0,0.0
2025-08-25,Timisoara,23.6,8.8,0.0,0.0
2025-08-26,Timisoara,27.0,10.9,0.0,0.0
2025-08-27,Timisoara,30.0,12.2,0.0,0.0
2025-08-28,Timisoara,33.0,14.6,0.0,0.0
2025-08-29,Timisoara,34.3,19.2,0.0,0.0
2025-08-30,Timisoara,34.9,22.0,0.0,0.0
2025-08-31,Timisoara,25.6,17.4,0.0,0.0
2025-09-01,Timisoara,28.5,17.7,1.0,0.0
2025-09-02,Timisoara,31.7,16.8,0.0,0.0
2025-09-03,Timisoara,31.0,20.6,0.6,0.0
2025-09-04,Timisoara,30.9,18.7,0.0,0.0
2025-09-05,Timisoara,33.3,19.0,0.0,0.0
2025-09-06,Timisoara,30.3,20.0,0.0,0.0
2025-09-07,Timisoara,28.2,18.0,1.2,0.0
2025-09-08,Timisoara,30.9,17.0,0.1,0.0
2025-09-09,Timisoara,28.2,17.8,0.5,0.0
2025-09-10,Timisoara,29.0,18.5,0.2,0.0
2025-09-11,Timisoara,23.6,18.4,15.4,0.0
2025-09-12,Timisoara,26.1,15.5,0.0,0.0
2025-09-13,Timisoara,29.2,14.6,0.0,0.0
2025-09-14,Timisoara,24.9,17.4,1.3,0.0
2025-09-15,Timisoara,24.5,13.8,0.4,0.0
2025-09-16,Timisoara,29.7,14.0,0.8,0.0
2025-09-17,Timisoara,22.3,14.4,0.0,0.0
2025-09-18,Timisoara,23.0,10.1,0.0,0.0
2025-09-19,Timisoara,27.5,13.8,0.0,0.0
2025-09-20,Timisoara,29.6,13.9,0.0,0.0
2025-09-21,Timisoara,30.7,15.6,0.0,0.0
2025-09-22,Timisoara,30.8,17.9,0.0,0.0
2025-09-23,Timisoara,31.0,15.1,0.0,0.0
2025-09-24,Timisoara,30.1,15.5,0.0,0.0
2025-09-25,Timisoara,21.4,15.3,6.5,0.0
2025-09-26,Timisoara,22.0,14.0,0.0,0.0
2025-09-27,Timisoara,21.2,12.5,0.0,0.0
2025-09-28,Timisoara,21.5,10.6,0.9,0.0
2025-09-29,Timisoara,17.9,10.5,0.0,0.0
2025-09-30,Timisoara,15.9,6.2,0.0,0.0
2025-10-01,Timisoara,15.1,4.3,0.2,0.0
2025-10-02,Timisoara,13.2,4.9,2.5,0.0
2025-10-03,Timisoara,10.1,5.5,14.2,0.0
2025-10-04,Timisoara,10.8,6.4,5.6,0.0
2025-10-05,Timisoara,12.6,6.1,0.7,0.0
2025-10-06,Timisoara,15.2,8.9,1.8,0.0
2025-10-07,Timisoara,16.7,6.3,0.0,0.0
2025-10-08,Timisoara,17.8,7.4,0.0,0.0
2025-10-09,Timisoara,17.5,6.9,0.0,0.0
2025-10-10,Timisoara,18.8,9.3,0.0,0.0
2025-10-11,Timisoara,18.0,11.3,0.1,0.0
2025-10-12,Timisoara,17.2,7.7,0.0,0.0
2025-10-13,Timisoara,15.9,6.8,0.0,0.0
2025-10-14,Timisoara,16.7,7.3,0.1,0.0
2025-10-15,Timisoara,15.4,7.6,0.0,0.0
2025-10-16,Timisoara,15.4,4.0,0.0,0.0
2025-10-17,Timisoara,15.9,4.8,0.0,0.0
2025-10-18,Timisoara,17.0,8.6,0.4,0.0
2025-10-19,Timisoara,13.4,1.7,0.0,0.0
2025-10-20,Timisoara,14.4,0.9,0.0,0.0
2025-10-21,Timisoara,17.6,6.2,0.0,0.0
2025-10-22,Timisoara,21.1,6.9,0.0,0.0
2025-10-23,Timisoara,23.0,12.9,0.0,0.0
2025-10-24,Timisoara,19.2,9.3,12.5,0.0
2025-10-25,Timisoara,15.9,4.1,1.4,0.0
2025-10-26,Timisoara,14.1,9.6,14.5,0.0
2025-10-27,Timisoara,12.9,7.9,0.0,0.0
2025-10-28,Timisoara,14.8,6.0,0.2,0.0
2025-10-29,Timisoara,18.5,5.1,0.0,0.0
2025-10-30,Timisoara,20.2,8.2,0.0,0.0
2025-10-31,Timisoara,20.1,11.9,0.0,0.0
2025-11-01,Timisoara,21.6,9.7,0.0,0.0
2025-11-02,Timisoara,22.1,10.9,0.0,0.0
2025-11-03,Timisoara,19.9,9.2,1.3,0.0
2025-11-04,Timisoara,14.4,5.1,0.0,0.0
2025-11-05,Timisoara,14.3,1.8,0.0,0.0
2025-11-06,Timisoara,14.4,3.0,0.2,0.0
2025-11-07,Timisoara,14.6,4.0,0.8,0.0
2025-11-08,Timisoara,10.8,8.6,13.5,0.0
2025-11-09,Timisoara,11.6,6.8,0.2,0.0
2025-11-10,Timisoara,9.4,7.2,6.7,0.0
2025-11-11,Timisoara,10.4,3.7,0.1,0.0
2025-11-12,Timisoara,10.1,3.5,0.1,0.0
2025-11-13,Timisoara,8.2,1.4,0.0,0.0
2025-11-14,Timisoara,14.1,1.1,0.0,0.0
2025-11-15,Timisoara,15.4,4.7,0.0,0.0
2025-11-16,Timisoara,16.8,6.1,0.0,0.0
2025-11-17,Timisoara,19.0,10.4,2.8,0.0
2025-11-18,Timisoara,10.5,4.2,0.8,0.0
2025-11-19,Timisoara,7.9,0.6,0.3,0.0
2025-11-20,Timisoara,14.9,4.7,0.3,0.0
2025-11-21,Timisoara,11.1,5.5,2.9,0.0
2025-11-22,Timisoara,5.5,1.4,5.7,0.0
2025-11-23,Timisoara,3.1,0.8,0.1,0.0
2025-11-24,Timisoara,7.9,-1.8,0.0,0.0
2025-11-25,Timisoara,14.6,7.6,3.2,0.0
2025-11-26,Timisoara,13.3,5.2,1.0,0.0
2025-11-27,Timisoara,5.4,2.0,0.8,0.0
2025-11-28,Timisoara,3.8,2.0,3.8,0.0
2025-11-29,Timisoara,3.7,2.4,7.8,0.0
2025-11-30,Timisoara,4.2,1.3,5.9,0.0
2025-12-01,Timisoara,7.7,3.2,0.0,0.0
2025-12-02,Timisoara,6.6,2.3,0.0,0.0
2025-12-03,Timisoara,7.9,2.3,0.4,0.0
2025-12-04,Timisoara,12.1,2.3,0.0,0.0
2025-12-05,Timisoara,11.9,8.4,0.9,0.0
2025-12-06,Timisoara,10.1,3.2,0.0,0.0
2025-12-07,Timisoara,8.5,6.6,3.5,0.0
2025-12-08,Timisoara,8.5,3.7,0.0,0.0
2025-12-09,Timisoara,7.5,2.7,0.0,0.0
2025-12-10,Timisoara,10.6,2.2,0.0,0.0
2025-12-11,Timisoara,4.2,1.6,0.5,0.0
2025-12-12,Timisoara,6.1,3.5,0.0,0.0
2025-12-13,Timisoara,4.7,1.7,0.0,0.0
2025-12-14,Timisoara,3.5,1.2,0.1,0.0
2025-12-15,Timisoara,4.4,-1.3,0.0,0.0
2025-12-16,Timisoara,2.5,-2.4,0.0,0.0
2025-12-17,Timisoara,6.2,-2.6,0.0,0.0
2025-12-18,Timisoara,9.6,0.3,0.0,0.0
2025-12-19,Timisoara,12.5,3.2,0.0,0.0
2025-12-20,Timisoara,10.2,2.8,0.0,0.0
2025-12-21,Timisoara,6.3,4.2,0.0,0.0
2025-12-22,Timisoara,5.9,2.3,0.0,0.0
2025-12-23,Timisoara,6.7,0.8,0.0,0.0
2025-12-24,Timisoara,5.3,1.6,3.7,0.0
2025-12-25,Timisoara,5.9,2.7,0.3,0.0
2025-12-26,Timisoara,3.8,1.7,0.0,0.0
2025-12-27,Timisoara,3.3,-1.4,0.0,0.0
2025-12-28,Timisoara,4.9,-1.6,0.0,0.0
2025-12-29,Timisoara,3.8,-3.5,0.0,0.0
2025-12-30,Timisoara,2.1,-4.0,0.4,0.0
2025-12-31,Timisoara,-0.2,-5.2,1.7,0.0
2026-01-01,Timisoara,2.2,-4.6,1.1,0.0
2026-01-02,Timisoara,5.5,-0.1,11.6,0.0
2026-01-03,Timisoara,1.4,-0.2,9.7,0.0
2026-01-04,Timisoara,0.2,-1.3,6.4,0.0
2026-01-05,Timisoara,1.0,-1.5,9.9,0.0
2026-01-06,Timisoara,0.9,-0.6,1.9,0.0
2026-01-07,Timisoara,-0.7,-2.8,6.1,0.0
2026-01-08,Timisoara,-2.8,-10.9,3.7,0.0
2026-01-09,Timisoara,0.2,-13.6,3.7,0.0
2026-01-10,Timisoara,0.3,-3.2,1.4,0.0
2026-01-11,Timisoara,-3.2,-8.9,0.0,0.0
2026-01-12,Timisoara,-5.7,-11.3,0.0,0.0
2026-01-13,Timisoara,0.9,-10.6,4.1,0.0
2026-01-14,Timisoara,2.0,-3.7,0.0,0.0
2026-01-15,Timisoara,1.1,-2.2,0.7,0.0
2026-01-16,Timisoara,3.9,0.9,5.5,0.0
2026-01-17,Timisoara,2.2,-5.2,0.0,0.0
2026-01-18,Timisoara,-0.8,-6.1,0.0,0.0
2026-01-19,Timisoara,-1.2,-8.1,0.0,0.0
2026-01-20,Timisoara,1.4,-9.5,0.0,0.0
2026-01-21,Timisoara,2.2,-7.7,0.0,0.0
2026-01-22,Timisoara,4.2,-3.2,0.0,0.0
2026-01-23,Timisoara,4.0,-2.5,0.3,0.0
2026-01-24,Timisoara,9.4,-0.8,0.1,0.0
2026-01-25,Timisoara,11.0,1.1,0.0,0.0
2026-01-26,Timisoara,11.0,5.4,6.5,0.0
2026-01-27,Timisoara,7.7,-0.3,4.3,0.0
2026-01-28,Timisoara,9.5,-0.1,0.0,0.0
2026-01-29,Timisoara,11.5,4.2,6.9,0.0
2026-01-30,Timisoara,5.8,3.5,0.7,0.0
2026-01-31,Timisoara,6.1,1.9,0.3,0.0
2026-02-01,Timisoara,6.3,1.4,1.5,0.0
2026-02-02,Timisoara,1.5,-3.7,1.4,0.0
2026-02-03,Timisoara,5.1,-4.7,0.0,0.0
2026-02-04,Timisoara,11.1,2.9,4.9,0.0
2026-02-05,Timisoara,14.1,4.3,0.0,0.0
2026-02-06,Timisoara,13.6,2.3,0.0,0.0
2026-02-07,Timisoara,10.7,3.2,0.3,0.0
2026-02-08,Timisoara,10.8,3.2,0.0,0.0
2026-02-09,Timisoara,10.9,2.0,0.0,0.0
2026-02-10,Timisoara,4.7,0.9,0.6,0.0
2026-02-11,Timisoara,11.6,0.8,0.3,0.0
2026-02-12,Timisoara,14.5,5.8,0.0,0.0
2026-02-13,Timisoara,12.9,4.2,0.0,0.0
2026-02-14,Timisoara,13.1,0.2,0.0,0.0
2026-02-15,Timisoara,8.8,1.1,16.5,0.0
2026-02-16,Timisoara,4.7,-0.4,0.4,0.0
2026-02-17,Timisoara,4.9,2.0,0.7,0.0
2026-02-18,Timisoara,7.5,-1.4,0.4,0.0
2026-02-19,Timisoara,12.6,-1.2,0.0,0.0
2026-02-20,Timisoara,12.0,5.1,14.1,0.0
2026-02-21,Timisoara,6.4,2.8,1.4,0.0
2026-02-22,Timisoara,8.4,2.2,0.5,0.0
2026-02-23,Timisoara,12.1,4.8,1.1,0.0
2026-02-24,Timisoara,12.2,4.8,9.8,0.0
2026-02-25,Timisoara,10.4,-0.2,0.0,0.0
2026-02-26,Timisoara,9.9,-0.4,0.0,0.0
2026-02-27,Timisoara,10.1,-2.2,0.0,0.0
2026-02-28,Timisoara,11.1,-2.3,0.0,0.0
2026-03-01,Timisoara,13.6,-2.0,0.0,0.0
2026-03-02,Timisoara,11.9,-0.6,0.0,0.0
2026-03-03,Timisoara,13.6,-0.2,0.0,0.0
2026-03-04,Timisoara,13.7,-1.6,0.0,0.0
2026-03-05,Timisoara,15.8,1.2,1.7,0.0
2026-03-06,Timisoara,14.8,0.1,0.0,0.0
2026-03-07,Timisoara,15.9,-1.8,0.0,0.0
2026-03-08,Timisoara,16.2,0.3,0.0,0.0
2026-03-09,Timisoara,15.2,2.0,0.0,0.0
2026-03-10,Timisoara,16.8,1.8,0.0,0.0
2026-03-11,Timisoara,17.6,1.4,0.0,0.0
2026-03-12,Timisoara,17.5,1.9,0.0,0.0
2026-03-13,Timisoara,16.9,3.2,0.0,0.0
2026-03-14,Timisoara,17.3,1.8,0.0,0.0
2026-03-15,Timisoara,15.9,2.5,0.0,0.0
2026-03-16,Timisoara,15.3,0.2,0.0,0.0
2026-03-17,Timisoara,13.2,4.8,0.1,0.0
2026-03-18,Timisoara,14.5,4.6,0.0,0.0
2026-03-19,Timisoara,12.8,1.8,0.0,0.0
2026-03-20,Timisoara,12.2,4.6,0.3,0.0
2026-03-21,Timisoara,14.0,4.7,0.0,0.0
2026-03-22,Timisoara,14.8,3.5,0.0,0.0
2026-03-23,Timisoara,15.2,3.8,0.0,0.0
2026-03-24,Timisoara,16.5,3.8,0.1,0.0
2026-03-25,Timisoara,15.9,3.0,0.0,0.0
2026-03-26,Timisoara,17.2,8.0,0.1,0.0
2026-03-27,Timisoara,16.2,7.9,5.1,0.0
2026-03-28,Timisoara,11.4,6.7,4.5,0.0
2026-03-29,Timisoara,12.3,6.1,2.2,0.0
2026-03-30,Timisoara,9.9,4.8,2.2,0.0
2026-03-31,Timisoara,9.1,4.2,0.9,0.0
2026-04-01,Timisoara,13.6,5.4,0.0,0.0
2026-04-02,Timisoara,16.4,4.9,0.7,0.0
2026-04-03,Timisoara,17.0,8.6,3.4,0.0
2026-04-04,Timisoara,17.2,6.9,0.0,0.0
2026-04-05,Timisoara,18.6,5.4,0.0,0.0
2026-04-06,Timisoara,21.7,7.0,0.0,0.0
2026-04-07,Timisoara,16.2,4.2,0.0,0.0
2026-04-08,Timisoara,12.8,4.7,0.0,0.0
2026-04-09,Timisoara,9.7,2.3,0.1,0.0
2026-04-10,Timisoara,11.9,1.9,0.1,0.0
2026-04-11,Timisoara,12.1,4.6,0.0,0.0
2026-04-12,Timisoara,15.4,0.2,0.0,0.0
2026-04-13,Timisoara,18.6,4.8,0.0,0.0
2026-04-14,Timisoara,19.5,8.5,0.7,0.0
2026-04-15,Timisoara,20.9,9.4,0.0,0.0
2026-04-16,Timisoara,22.3,8.9,0.0,0.0
2026-04-17,Timisoara,21.4,10.4,0.0,0.0
2026-04-18,Timisoara,19.0,9.1,0.0,0.0
